orderID,customerID,employeeID,orderDate,requiredDate,shippedDate,shipperID,freight,productID,unitPrice_x,quantity,discount,Revenue,companyName,contactName,contactTitle,city,country,productName,quantityPerUnit,unitPrice_y,discontinued,categoryID,categoryName,description,YearMonth,Revenue_Total,CustomerSegment
10248,VINET,5,2013-07-04,2013-08-01,2013-07-16,3,32.38,11,14.0,12,0,168.0,Vins et alcools Chevalier,Paul Henriot,Accounting Manager,Reims,France,Queso Cabrales,1 kg pkg.,21.0,0,4,Dairy Products,Cheeses,2013-07,1480.0,Low Value
10248,VINET,5,2013-07-04,2013-08-01,2013-07-16,3,32.38,42,9.8,10,0,98.0,Vins et alcools Chevalier,Paul Henriot,Accounting Manager,Reims,France,Singaporean Hokkien Fried Mee,32 - 1 kg pkgs.,14.0,1,5,Grains & Cereals,"Breads, crackers, pasta, and cereal",2013-07,1480.0,Low Value
10248,VINET,5,2013-07-04,2013-08-01,2013-07-16,3,32.38,72,34.8,5,0,174.0,Vins et alcools Chevalier,Paul Henriot,Accounting Manager,Reims,France,Mozzarella di Giovanni,24 - 200 g pkgs.,34.8,0,4,Dairy Products,Cheeses,2013-07,1480.0,Low Value
10249,TOMSP,6,2013-07-05,2013-08-16,2013-07-10,1,11.61,14,18.6,9,0,167.4,Toms Spezialitäten,Karin Josephs,Marketing Manager,Münster,Germany,Tofu,40 - 100 g pkgs.,23.25,0,7,Produce,Dried fruit and bean curd,2013-07,4954.0,Low Value
10249,TOMSP,6,2013-07-05,2013-08-16,2013-07-10,1,11.61,51,42.4,40,0,1696.0,Toms Spezialitäten,Karin Josephs,Marketing Manager,Münster,Germany,Manjimup Dried Apples,50 - 300 g pkgs.,53.0,0,7,Produce,Dried fruit and bean curd,2013-07,4954.0,Low Value
10250,HANAR,4,2013-07-08,2013-08-05,2013-07-12,2,65.83,41,7.7,10,0,77.0,Hanari Carnes,Mario Pontes,Accounting Manager,Rio de Janeiro,Brazil,Jack's New England Clam Chowder,12 - 12 oz cans,9.65,0,8,Seafood,Seaweed and fish,2013-07,34101.15,High Value
10250,HANAR,4,2013-07-08,2013-08-05,2013-07-12,2,65.83,51,42.4,35,0,1484.0,Hanari Carnes,Mario Pontes,Accounting Manager,Rio de Janeiro,Brazil,Manjimup Dried Apples,50 - 300 g pkgs.,53.0,0,7,Produce,Dried fruit and bean curd,2013-07,34101.15,High Value
10250,HANAR,4,2013-07-08,2013-08-05,2013-07-12,2,65.83,65,16.8,15,0,252.0,Hanari Carnes,Mario Pontes,Accounting Manager,Rio de Janeiro,Brazil,Louisiana Fiery Hot Pepper Sauce,32 - 8 oz bottles,21.05,0,2,Condiments,"Sweet and savory sauces, relishes, spreads, and seasonings",2013-07,34101.15,High Value
10251,VICTE,3,2013-07-08,2013-08-05,2013-07-15,1,41.34,22,16.8,6,0,100.80000000000001,Victuailles en stock,Mary Saveley,Sales Agent,Lyon,France,Gustaf's Knackebröd,24 - 500 g pkgs.,21.0,0,5,Grains & Cereals,"Breads, crackers, pasta, and cereal",2013-07,9937.1,Medium Value
10251,VICTE,3,2013-07-08,2013-08-05,2013-07-15,1,41.34,57,15.6,15,0,234.0,Victuailles en stock,Mary Saveley,Sales Agent,Lyon,France,Ravioli Angelo,24 - 250 g pkgs.,19.5,0,5,Grains & Cereals,"Breads, crackers, pasta, and cereal",2013-07,9937.1,Medium Value
10251,VICTE,3,2013-07-08,2013-08-05,2013-07-15,1,41.34,65,16.8,20,0,336.0,Victuailles en stock,Mary Saveley,Sales Agent,Lyon,France,Louisiana Fiery Hot Pepper Sauce,32 - 8 oz bottles,21.05,0,2,Condiments,"Sweet and savory sauces, relishes, spreads, and seasonings",2013-07,9937.1,Medium Value
10252,SUPRD,4,2013-07-09,2013-08-06,2013-07-11,2,51.3,20,64.8,40,0,2592.0,Suprêmes délices,Pascale Cartrain,Accounting Manager,Charleroi,Belgium,Sir Rodney's Marmalade,30 gift boxes,81.0,0,3,Confections,"Desserts, candies, and sweet breads",2013-07,24704.4,High Value
10252,SUPRD,4,2013-07-09,2013-08-06,2013-07-11,2,51.3,33,2.0,25,0,50.0,Suprêmes délices,Pascale Cartrain,Accounting Manager,Charleroi,Belgium,Geitost,500 g,2.5,0,4,Dairy Products,Cheeses,2013-07,24704.4,High Value
10252,SUPRD,4,2013-07-09,2013-08-06,2013-07-11,2,51.3,60,27.2,40,0,1088.0,Suprêmes délices,Pascale Cartrain,Accounting Manager,Charleroi,Belgium,Camembert Pierrot,15 - 300 g rounds,34.0,0,4,Dairy Products,Cheeses,2013-07,24704.4,High Value
10253,HANAR,3,2013-07-10,2013-07-24,2013-07-16,2,58.17,31,10.0,20,0,200.0,Hanari Carnes,Mario Pontes,Accounting Manager,Rio de Janeiro,Brazil,Gorgonzola Telino,12 - 100 g pkgs,12.5,0,4,Dairy Products,Cheeses,2013-07,34101.15,High Value
10253,HANAR,3,2013-07-10,2013-07-24,2013-07-16,2,58.17,39,14.4,42,0,604.8000000000001,Hanari Carnes,Mario Pontes,Accounting Manager,Rio de Janeiro,Brazil,Chartreuse verte,750 cc per bottle,18.0,0,1,Beverages,"Soft drinks, coffees, teas, beers, and ales",2013-07,34101.15,High Value
10253,HANAR,3,2013-07-10,2013-07-24,2013-07-16,2,58.17,49,16.0,40,0,640.0,Hanari Carnes,Mario Pontes,Accounting Manager,Rio de Janeiro,Brazil,Maxilaku,24 - 50 g pkgs.,20.0,0,3,Confections,"Desserts, candies, and sweet breads",2013-07,34101.15,High Value
10254,CHOPS,5,2013-07-11,2013-08-08,2013-07-23,2,22.98,24,3.6,15,0,54.0,Chop-suey Chinese,Yang Wang,Owner,Bern,Switzerland,Guarana Fantastica,12 - 355 ml cans,4.5,1,1,Beverages,"Soft drinks, coffees, teas, beers, and ales",2013-07,12886.3,High Value
10254,CHOPS,5,2013-07-11,2013-08-08,2013-07-23,2,22.98,55,19.2,21,0,403.2,Chop-suey Chinese,Yang Wang,Owner,Bern,Switzerland,Pâté chinois,24 boxes x 2 pies,24.0,0,6,Meat & Poultry,Prepared meats,2013-07,12886.3,High Value
10254,CHOPS,5,2013-07-11,2013-08-08,2013-07-23,2,22.98,74,8.0,21,0,168.0,Chop-suey Chinese,Yang Wang,Owner,Bern,Switzerland,Longlife Tofu,5 kg pkg.,10.0,0,7,Produce,Dried fruit and bean curd,2013-07,12886.3,High Value
10255,RICSU,9,2013-07-12,2013-08-09,2013-07-15,3,148.33,2,15.2,20,0,304.0,Richter Supermarkt,Michael Holz,Sales Manager,Genève,Switzerland,Chang,24 - 12 oz bottles,19.0,0,1,Beverages,"Soft drinks, coffees, teas, beers, and ales",2013-07,19447.2,High Value
10255,RICSU,9,2013-07-12,2013-08-09,2013-07-15,3,148.33,16,13.9,35,0,486.5,Richter Supermarkt,Michael Holz,Sales Manager,Genève,Switzerland,Pavlova,32 - 500 g boxes,17.45,0,3,Confections,"Desserts, candies, and sweet breads",2013-07,19447.2,High Value
10255,RICSU,9,2013-07-12,2013-08-09,2013-07-15,3,148.33,36,15.2,25,0,380.0,Richter Supermarkt,Michael Holz,Sales Manager,Genève,Switzerland,Inlagd Sill,24 - 250 g  jars,19.0,0,8,Seafood,Seaweed and fish,2013-07,19447.2,High Value
10255,RICSU,9,2013-07-12,2013-08-09,2013-07-15,3,148.33,59,44.0,30,0,1320.0,Richter Supermarkt,Michael Holz,Sales Manager,Genève,Switzerland,Raclette Courdavault,5 kg pkg.,55.0,0,4,Dairy Products,Cheeses,2013-07,19447.2,High Value
10256,WELLI,3,2013-07-15,2013-08-12,2013-07-17,2,13.97,53,26.2,15,0,393.0,Wellington Importadora,Paula Parente,Sales Manager,Resende,Brazil,Perth Pasties,48 pieces,32.8,1,6,Meat & Poultry,Prepared meats,2013-07,6480.7,Medium Value
10256,WELLI,3,2013-07-15,2013-08-12,2013-07-17,2,13.97,77,10.4,12,0,124.80000000000001,Wellington Importadora,Paula Parente,Sales Manager,Resende,Brazil,Original Frankfurter Grüne Soße,12 boxes,13.0,0,2,Condiments,"Sweet and savory sauces, relishes, spreads, and seasonings",2013-07,6480.7,Medium Value
10257,HILAA,4,2013-07-16,2013-08-13,2013-07-22,3,81.91,27,35.1,25,0,877.5,HILARION-Abastos,Carlos Hernández,Sales Representative,San Cristóbal,Venezuela,Schoggi Schokolade,100 - 100 g pieces,43.9,0,3,Confections,"Desserts, candies, and sweet breads",2013-07,23611.58,High Value
10257,HILAA,4,2013-07-16,2013-08-13,2013-07-22,3,81.91,39,14.4,6,0,86.4,HILARION-Abastos,Carlos Hernández,Sales Representative,San Cristóbal,Venezuela,Chartreuse verte,750 cc per bottle,18.0,0,1,Beverages,"Soft drinks, coffees, teas, beers, and ales",2013-07,23611.58,High Value
10257,HILAA,4,2013-07-16,2013-08-13,2013-07-22,3,81.91,77,10.4,15,0,156.0,HILARION-Abastos,Carlos Hernández,Sales Representative,San Cristóbal,Venezuela,Original Frankfurter Grüne Soße,12 boxes,13.0,0,2,Condiments,"Sweet and savory sauces, relishes, spreads, and seasonings",2013-07,23611.58,High Value
10258,ERNSH,1,2013-07-17,2013-08-14,2013-07-23,1,140.51,2,15.2,50,0,760.0,Ernst Handel,Roland Mendel,Sales Manager,Graz,Austria,Chang,24 - 12 oz bottles,19.0,0,1,Beverages,"Soft drinks, coffees, teas, beers, and ales",2013-07,103115.18,High Value
10258,ERNSH,1,2013-07-17,2013-08-14,2013-07-23,1,140.51,5,17.0,65,0,1105.0,Ernst Handel,Roland Mendel,Sales Manager,Graz,Austria,Chef Anton's Gumbo Mix,36 boxes,21.35,1,2,Condiments,"Sweet and savory sauces, relishes, spreads, and seasonings",2013-07,103115.18,High Value
10258,ERNSH,1,2013-07-17,2013-08-14,2013-07-23,1,140.51,32,25.6,6,0,153.60000000000002,Ernst Handel,Roland Mendel,Sales Manager,Graz,Austria,Mascarpone Fabioli,24 - 200 g pkgs.,32.0,0,4,Dairy Products,Cheeses,2013-07,103115.18,High Value
10259,CENTC,4,2013-07-18,2013-08-15,2013-07-25,3,3.25,21,8.0,10,0,80.0,Centro comercial Moctezuma,Francisco Chang,Marketing Manager,Mexico City,Mexico,Sir Rodney's Scones,24 pkgs. x 4 pieces,10.0,0,3,Confections,"Desserts, candies, and sweet breads",2013-07,100.8,Low Value
10259,CENTC,4,2013-07-18,2013-08-15,2013-07-25,3,3.25,37,20.8,1,0,20.8,Centro comercial Moctezuma,Francisco Chang,Marketing Manager,Mexico City,Mexico,Gravad lax,12 - 500 g pkgs.,26.0,0,8,Seafood,Seaweed and fish,2013-07,100.8,Low Value
10260,OTTIK,4,2013-07-19,2013-08-16,2013-07-29,1,55.09,41,7.7,16,0,123.2,Ottilies Käseladen,Henriette Pfalzheim,Owner,Köln,Germany,Jack's New England Clam Chowder,12 - 12 oz cans,9.65,0,8,Seafood,Seaweed and fish,2013-07,13157.5,High Value
10260,OTTIK,4,2013-07-19,2013-08-16,2013-07-29,1,55.09,57,15.6,50,0,780.0,Ottilies Käseladen,Henriette Pfalzheim,Owner,Köln,Germany,Ravioli Angelo,24 - 250 g pkgs.,19.5,0,5,Grains & Cereals,"Breads, crackers, pasta, and cereal",2013-07,13157.5,High Value
10260,OTTIK,4,2013-07-19,2013-08-16,2013-07-29,1,55.09,62,39.4,15,0,591.0,Ottilies Käseladen,Henriette Pfalzheim,Owner,Köln,Germany,Tarte au sucre,48 pies,49.3,0,3,Confections,"Desserts, candies, and sweet breads",2013-07,13157.5,High Value
10260,OTTIK,4,2013-07-19,2013-08-16,2013-07-29,1,55.09,70,12.0,21,0,252.0,Ottilies Käseladen,Henriette Pfalzheim,Owner,Köln,Germany,Outback Lager,24 - 355 ml bottles,15.0,0,1,Beverages,"Soft drinks, coffees, teas, beers, and ales",2013-07,13157.5,High Value
10261,QUEDE,4,2013-07-19,2013-08-16,2013-07-30,2,3.05,21,8.0,20,0,160.0,Que Delícia,Bernardo Batista,Accounting Manager,Rio de Janeiro,Brazil,Sir Rodney's Scones,24 pkgs. x 4 pieces,10.0,0,3,Confections,"Desserts, candies, and sweet breads",2013-07,6973.63,Medium Value
10261,QUEDE,4,2013-07-19,2013-08-16,2013-07-30,2,3.05,35,14.4,20,0,288.0,Que Delícia,Bernardo Batista,Accounting Manager,Rio de Janeiro,Brazil,Steeleye Stout,24 - 12 oz bottles,18.0,0,1,Beverages,"Soft drinks, coffees, teas, beers, and ales",2013-07,6973.63,Medium Value
10262,RATTC,8,2013-07-22,2013-08-19,2013-07-25,3,48.29,5,17.0,12,0,204.0,Rattlesnake Canyon Grocery,Paula Wilson,Assistant Sales Representative,Albuquerque,USA,Chef Anton's Gumbo Mix,36 boxes,21.35,1,2,Condiments,"Sweet and savory sauces, relishes, spreads, and seasonings",2013-07,50871.3,High Value
10262,RATTC,8,2013-07-22,2013-08-19,2013-07-25,3,48.29,7,24.0,15,0,360.0,Rattlesnake Canyon Grocery,Paula Wilson,Assistant Sales Representative,Albuquerque,USA,Uncle Bob's Organic Dried Pears,12 - 1 lb pkgs.,30.0,0,7,Produce,Dried fruit and bean curd,2013-07,50871.3,High Value
10262,RATTC,8,2013-07-22,2013-08-19,2013-07-25,3,48.29,56,30.4,2,0,60.8,Rattlesnake Canyon Grocery,Paula Wilson,Assistant Sales Representative,Albuquerque,USA,Gnocchi di nonna Alice,24 - 250 g pkgs.,38.0,0,5,Grains & Cereals,"Breads, crackers, pasta, and cereal",2013-07,50871.3,High Value
10263,ERNSH,9,2013-07-23,2013-08-20,2013-07-31,3,146.06,16,13.9,60,0,834.0,Ernst Handel,Roland Mendel,Sales Manager,Graz,Austria,Pavlova,32 - 500 g boxes,17.45,0,3,Confections,"Desserts, candies, and sweet breads",2013-07,103115.18,High Value
10263,ERNSH,9,2013-07-23,2013-08-20,2013-07-31,3,146.06,24,3.6,28,0,100.8,Ernst Handel,Roland Mendel,Sales Manager,Graz,Austria,Guarana Fantastica,12 - 355 ml cans,4.5,1,1,Beverages,"Soft drinks, coffees, teas, beers, and ales",2013-07,103115.18,High Value
10263,ERNSH,9,2013-07-23,2013-08-20,2013-07-31,3,146.06,30,20.7,60,0,1242.0,Ernst Handel,Roland Mendel,Sales Manager,Graz,Austria,Nord-Ost Matjeshering,10 - 200 g glasses,25.89,0,8,Seafood,Seaweed and fish,2013-07,103115.18,High Value
10263,ERNSH,9,2013-07-23,2013-08-20,2013-07-31,3,146.06,74,8.0,36,0,288.0,Ernst Handel,Roland Mendel,Sales Manager,Graz,Austria,Longlife Tofu,5 kg pkg.,10.0,0,7,Produce,Dried fruit and bean curd,2013-07,103115.18,High Value
10264,FOLKO,6,2013-07-24,2013-08-21,2013-08-23,3,3.67,2,15.2,35,0,532.0,Folk och fä HB,Maria Larsson,Owner,Bräcke,Sweden,Chang,24 - 12 oz bottles,19.0,0,1,Beverages,"Soft drinks, coffees, teas, beers, and ales",2013-07,32555.55,High Value
10264,FOLKO,6,2013-07-24,2013-08-21,2013-08-23,3,3.67,41,7.7,25,0,192.5,Folk och fä HB,Maria Larsson,Owner,Bräcke,Sweden,Jack's New England Clam Chowder,12 - 12 oz cans,9.65,0,8,Seafood,Seaweed and fish,2013-07,32555.55,High Value
10265,BLONP,2,2013-07-25,2013-08-22,2013-08-12,1,55.28,17,31.2,30,0,936.0,Blondesddsl père et fils,Frédérique Citeaux,Marketing Manager,Strasbourg,France,Alice Mutton,20 - 1 kg tins,39.0,1,6,Meat & Poultry,Prepared meats,2013-07,19088.0,High Value
10265,BLONP,2,2013-07-25,2013-08-22,2013-08-12,1,55.28,70,12.0,20,0,240.0,Blondesddsl père et fils,Frédérique Citeaux,Marketing Manager,Strasbourg,France,Outback Lager,24 - 355 ml bottles,15.0,0,1,Beverages,"Soft drinks, coffees, teas, beers, and ales",2013-07,19088.0,High Value
10266,WARTH,3,2013-07-26,2013-09-06,2013-07-31,3,25.73,12,30.4,12,0,364.79999999999995,Wartian Herkku,Pirkko Koskitalo,Accounting Manager,Oulu,Finland,Queso Manchego La Pastora,10 - 500 g pkgs.,38.0,0,4,Dairy Products,Cheeses,2013-07,16617.1,High Value
10267,FRANK,4,2013-07-29,2013-08-26,2013-08-06,1,208.58,40,14.7,50,0,735.0,Frankenversand,Peter Franken,Marketing Manager,München,Germany,Boston Crab Meat,24 - 4 oz tins,18.4,0,8,Seafood,Seaweed and fish,2013-07,28722.71,High Value
10267,FRANK,4,2013-07-29,2013-08-26,2013-08-06,1,208.58,59,44.0,70,0,3080.0,Frankenversand,Peter Franken,Marketing Manager,München,Germany,Raclette Courdavault,5 kg pkg.,55.0,0,4,Dairy Products,Cheeses,2013-07,28722.71,High Value
10267,FRANK,4,2013-07-29,2013-08-26,2013-08-06,1,208.58,76,14.4,15,0,216.0,Frankenversand,Peter Franken,Marketing Manager,München,Germany,Lakkaliköri,500 ml,18.0,0,1,Beverages,"Soft drinks, coffees, teas, beers, and ales",2013-07,28722.71,High Value
10268,GROSR,8,2013-07-30,2013-08-27,2013-08-02,3,66.29,29,99.0,10,0,990.0,GROSELLA-Restaurante,Manuel Pereira,Owner,Caracas,Venezuela,Thüringer Rostbratwurst,50 bags x 30 sausgs.,123.79,1,6,Meat & Poultry,Prepared meats,2013-07,1488.7,Low Value
10268,GROSR,8,2013-07-30,2013-08-27,2013-08-02,3,66.29,72,27.8,4,0,111.2,GROSELLA-Restaurante,Manuel Pereira,Owner,Caracas,Venezuela,Mozzarella di Giovanni,24 - 200 g pkgs.,34.8,0,4,Dairy Products,Cheeses,2013-07,1488.7,Low Value
10269,WHITC,5,2013-07-31,2013-08-14,2013-08-09,1,4.56,33,2.0,60,0,120.0,White Clover Markets,Karl Jablonski,Owner,Seattle,USA,Geitost,500 g,2.5,0,4,Dairy Products,Cheeses,2013-07,29073.45,High Value
10269,WHITC,5,2013-07-31,2013-08-14,2013-08-09,1,4.56,72,27.8,20,0,556.0,White Clover Markets,Karl Jablonski,Owner,Seattle,USA,Mozzarella di Giovanni,24 - 200 g pkgs.,34.8,0,4,Dairy Products,Cheeses,2013-07,29073.45,High Value
10270,WARTH,1,2013-08-01,2013-08-29,2013-08-02,1,136.54,36,15.2,30,0,456.0,Wartian Herkku,Pirkko Koskitalo,Accounting Manager,Oulu,Finland,Inlagd Sill,24 - 250 g  jars,19.0,0,8,Seafood,Seaweed and fish,2013-08,16617.1,High Value
10270,WARTH,1,2013-08-01,2013-08-29,2013-08-02,1,136.54,43,36.8,25,0,919.9999999999999,Wartian Herkku,Pirkko Koskitalo,Accounting Manager,Oulu,Finland,Ipoh Coffee,16 - 500 g tins,46.0,0,1,Beverages,"Soft drinks, coffees, teas, beers, and ales",2013-08,16617.1,High Value
10271,SPLIR,6,2013-08-01,2013-08-29,2013-08-30,2,4.54,33,2.0,24,0,48.0,Split Rail Beer & Ale,Art Braunschweiger,Sales Manager,Lander,USA,Geitost,500 g,2.5,0,4,Dairy Products,Cheeses,2013-08,12489.7,High Value
10272,RATTC,6,2013-08-02,2013-08-30,2013-08-06,2,98.03,20,64.8,6,0,388.79999999999995,Rattlesnake Canyon Grocery,Paula Wilson,Assistant Sales Representative,Albuquerque,USA,Sir Rodney's Marmalade,30 gift boxes,81.0,0,3,Confections,"Desserts, candies, and sweet breads",2013-08,50871.3,High Value
10272,RATTC,6,2013-08-02,2013-08-30,2013-08-06,2,98.03,31,10.0,40,0,400.0,Rattlesnake Canyon Grocery,Paula Wilson,Assistant Sales Representative,Albuquerque,USA,Gorgonzola Telino,12 - 100 g pkgs,12.5,0,4,Dairy Products,Cheeses,2013-08,50871.3,High Value
10272,RATTC,6,2013-08-02,2013-08-30,2013-08-06,2,98.03,72,27.8,24,0,667.2,Rattlesnake Canyon Grocery,Paula Wilson,Assistant Sales Representative,Albuquerque,USA,Mozzarella di Giovanni,24 - 200 g pkgs.,34.8,0,4,Dairy Products,Cheeses,2013-08,50871.3,High Value
10273,QUICK,3,2013-08-05,2013-09-02,2013-08-12,3,76.07,10,24.8,24,0,595.2,QUICK-Stop,Horst Kloss,Accounting Manager,Cunewalde,Germany,Ikura,12 - 200 ml jars,31.0,0,8,Seafood,Seaweed and fish,2013-08,117483.39,High Value
10273,QUICK,3,2013-08-05,2013-09-02,2013-08-12,3,76.07,31,10.0,15,0,150.0,QUICK-Stop,Horst Kloss,Accounting Manager,Cunewalde,Germany,Gorgonzola Telino,12 - 100 g pkgs,12.5,0,4,Dairy Products,Cheeses,2013-08,117483.39,High Value
10273,QUICK,3,2013-08-05,2013-09-02,2013-08-12,3,76.07,33,2.0,20,0,40.0,QUICK-Stop,Horst Kloss,Accounting Manager,Cunewalde,Germany,Geitost,500 g,2.5,0,4,Dairy Products,Cheeses,2013-08,117483.39,High Value
10273,QUICK,3,2013-08-05,2013-09-02,2013-08-12,3,76.07,40,14.7,60,0,882.0,QUICK-Stop,Horst Kloss,Accounting Manager,Cunewalde,Germany,Boston Crab Meat,24 - 4 oz tins,18.4,0,8,Seafood,Seaweed and fish,2013-08,117483.39,High Value
10273,QUICK,3,2013-08-05,2013-09-02,2013-08-12,3,76.07,76,14.4,33,0,475.2,QUICK-Stop,Horst Kloss,Accounting Manager,Cunewalde,Germany,Lakkaliköri,500 ml,18.0,0,1,Beverages,"Soft drinks, coffees, teas, beers, and ales",2013-08,117483.39,High Value
10274,VINET,6,2013-08-06,2013-09-03,2013-08-16,1,6.01,71,17.2,20,0,344.0,Vins et alcools Chevalier,Paul Henriot,Accounting Manager,Reims,France,Flotemysost,10 - 500 g pkgs.,21.5,0,4,Dairy Products,Cheeses,2013-08,1480.0,Low Value
10274,VINET,6,2013-08-06,2013-09-03,2013-08-16,1,6.01,72,27.8,7,0,194.6,Vins et alcools Chevalier,Paul Henriot,Accounting Manager,Reims,France,Mozzarella di Giovanni,24 - 200 g pkgs.,34.8,0,4,Dairy Products,Cheeses,2013-08,1480.0,Low Value
10275,MAGAA,1,2013-08-07,2013-09-04,2013-08-09,1,26.93,24,3.6,12,0,43.2,Magazzini Alimentari Riuniti,Giovanni Rovelli,Marketing Manager,Bergamo,Italy,Guarana Fantastica,12 - 355 ml cans,4.5,1,1,Beverages,"Soft drinks, coffees, teas, beers, and ales",2013-08,7603.85,Medium Value
10275,MAGAA,1,2013-08-07,2013-09-04,2013-08-09,1,26.93,59,44.0,6,0,264.0,Magazzini Alimentari Riuniti,Giovanni Rovelli,Marketing Manager,Bergamo,Italy,Raclette Courdavault,5 kg pkg.,55.0,0,4,Dairy Products,Cheeses,2013-08,7603.85,Medium Value
10276,TORTU,8,2013-08-08,2013-08-22,2013-08-14,3,13.84,10,24.8,15,0,372.0,Tortuga Restaurante,Miguel Angel Paolino,Owner,Mexico City,Mexico,Ikura,12 - 200 ml jars,31.0,0,8,Seafood,Seaweed and fish,2013-08,10812.15,High Value
10276,TORTU,8,2013-08-08,2013-08-22,2013-08-14,3,13.84,13,4.8,10,0,48.0,Tortuga Restaurante,Miguel Angel Paolino,Owner,Mexico City,Mexico,Konbu,2 kg box,6.0,0,8,Seafood,Seaweed and fish,2013-08,10812.15,High Value
10277,MORGK,2,2013-08-09,2013-09-06,2013-08-13,3,125.77,28,36.4,20,0,728.0,Morgenstern Gesundkost,Alexander Feuer,Marketing Assistant,Leipzig,Germany,Rössle Sauerkraut,25 - 825 g cans,45.6,1,7,Produce,Dried fruit and bean curd,2013-08,5042.2,Medium Value
10277,MORGK,2,2013-08-09,2013-09-06,2013-08-13,3,125.77,62,39.4,12,0,472.79999999999995,Morgenstern Gesundkost,Alexander Feuer,Marketing Assistant,Leipzig,Germany,Tarte au sucre,48 pies,49.3,0,3,Confections,"Desserts, candies, and sweet breads",2013-08,5042.2,Medium Value
10278,BERGS,8,2013-08-12,2013-09-09,2013-08-16,2,92.69,44,15.5,16,0,248.0,Berglunds snabbköp,Christina Berglund,Order Administrator,Luleå,Sweden,Gula Malacca,20 - 2 kg bags,19.45,0,2,Condiments,"Sweet and savory sauces, relishes, spreads, and seasonings",2013-08,26968.149999999998,High Value
10278,BERGS,8,2013-08-12,2013-09-09,2013-08-16,2,92.69,59,44.0,15,0,660.0,Berglunds snabbköp,Christina Berglund,Order Administrator,Luleå,Sweden,Raclette Courdavault,5 kg pkg.,55.0,0,4,Dairy Products,Cheeses,2013-08,26968.149999999998,High Value
10278,BERGS,8,2013-08-12,2013-09-09,2013-08-16,2,92.69,63,35.1,8,0,280.8,Berglunds snabbköp,Christina Berglund,Order Administrator,Luleå,Sweden,Vegie-spread,15 - 625 g jars,43.9,0,2,Condiments,"Sweet and savory sauces, relishes, spreads, and seasonings",2013-08,26968.149999999998,High Value
10278,BERGS,8,2013-08-12,2013-09-09,2013-08-16,2,92.69,73,12.0,25,0,300.0,Berglunds snabbköp,Christina Berglund,Order Administrator,Luleå,Sweden,Röd Kaviar,24 - 150 g jars,15.0,0,8,Seafood,Seaweed and fish,2013-08,26968.149999999998,High Value
10279,LEHMS,8,2013-08-13,2013-09-10,2013-08-16,2,25.83,17,31.2,15,0,468.0,Lehmanns Marktstand,Renate Messner,Sales Representative,Frankfurt a.M.,Germany,Alice Mutton,20 - 1 kg tins,39.0,1,6,Meat & Poultry,Prepared meats,2013-08,19408.52,High Value
10280,BERGS,2,2013-08-14,2013-09-11,2013-09-12,1,8.98,24,3.6,12,0,43.2,Berglunds snabbköp,Christina Berglund,Order Administrator,Luleå,Sweden,Guarana Fantastica,12 - 355 ml cans,4.5,1,1,Beverages,"Soft drinks, coffees, teas, beers, and ales",2013-08,26968.149999999998,High Value
10280,BERGS,2,2013-08-14,2013-09-11,2013-09-12,1,8.98,55,19.2,20,0,384.0,Berglunds snabbköp,Christina Berglund,Order Administrator,Luleå,Sweden,Pâté chinois,24 boxes x 2 pies,24.0,0,6,Meat & Poultry,Prepared meats,2013-08,26968.149999999998,High Value
10280,BERGS,2,2013-08-14,2013-09-11,2013-09-12,1,8.98,75,6.2,30,0,186.0,Berglunds snabbköp,Christina Berglund,Order Administrator,Luleå,Sweden,Rhönbräu Klosterbier,24 - 0.5 l bottles,7.75,0,1,Beverages,"Soft drinks, coffees, teas, beers, and ales",2013-08,26968.149999999998,High Value
10281,ROMEY,4,2013-08-14,2013-08-28,2013-08-21,1,2.94,19,7.3,1,0,7.3,Romero y tomillo,Alejandra Camino,Accounting Manager,Madrid,Spain,Teatime Chocolate Biscuits,10 boxes x 12 pieces,9.2,0,3,Confections,"Desserts, candies, and sweet breads",2013-08,1467.29,Low Value
10281,ROMEY,4,2013-08-14,2013-08-28,2013-08-21,1,2.94,24,3.6,6,0,21.6,Romero y tomillo,Alejandra Camino,Accounting Manager,Madrid,Spain,Guarana Fantastica,12 - 355 ml cans,4.5,1,1,Beverages,"Soft drinks, coffees, teas, beers, and ales",2013-08,1467.29,Low Value
10281,ROMEY,4,2013-08-14,2013-08-28,2013-08-21,1,2.94,35,14.4,4,0,57.6,Romero y tomillo,Alejandra Camino,Accounting Manager,Madrid,Spain,Steeleye Stout,24 - 12 oz bottles,18.0,0,1,Beverages,"Soft drinks, coffees, teas, beers, and ales",2013-08,1467.29,Low Value
10282,ROMEY,4,2013-08-15,2013-09-12,2013-08-21,1,12.69,30,20.7,6,0,124.19999999999999,Romero y tomillo,Alejandra Camino,Accounting Manager,Madrid,Spain,Nord-Ost Matjeshering,10 - 200 g glasses,25.89,0,8,Seafood,Seaweed and fish,2013-08,1467.29,Low Value
10282,ROMEY,4,2013-08-15,2013-09-12,2013-08-21,1,12.69,57,15.6,2,0,31.2,Romero y tomillo,Alejandra Camino,Accounting Manager,Madrid,Spain,Ravioli Angelo,24 - 250 g pkgs.,19.5,0,5,Grains & Cereals,"Breads, crackers, pasta, and cereal",2013-08,1467.29,Low Value
10283,LILAS,3,2013-08-16,2013-09-13,2013-08-23,3,84.81,15,12.4,20,0,248.0,LILA-Supermercado,Carlos González,Accounting Manager,Barquisimeto,Venezuela,Genen Shouyu,24 - 250 ml bottles,15.5,0,2,Condiments,"Sweet and savory sauces, relishes, spreads, and seasonings",2013-08,17062.5,High Value
10283,LILAS,3,2013-08-16,2013-09-13,2013-08-23,3,84.81,19,7.3,18,0,131.4,LILA-Supermercado,Carlos González,Accounting Manager,Barquisimeto,Venezuela,Teatime Chocolate Biscuits,10 boxes x 12 pieces,9.2,0,3,Confections,"Desserts, candies, and sweet breads",2013-08,17062.5,High Value
10283,LILAS,3,2013-08-16,2013-09-13,2013-08-23,3,84.81,60,27.2,35,0,952.0,LILA-Supermercado,Carlos González,Accounting Manager,Barquisimeto,Venezuela,Camembert Pierrot,15 - 300 g rounds,34.0,0,4,Dairy Products,Cheeses,2013-08,17062.5,High Value
10283,LILAS,3,2013-08-16,2013-09-13,2013-08-23,3,84.81,72,27.8,3,0,83.4,LILA-Supermercado,Carlos González,Accounting Manager,Barquisimeto,Venezuela,Mozzarella di Giovanni,24 - 200 g pkgs.,34.8,0,4,Dairy Products,Cheeses,2013-08,17062.5,High Value
10284,LEHMS,4,2013-08-19,2013-09-16,2013-08-27,1,76.56,27,35.1,15,0,526.5,Lehmanns Marktstand,Renate Messner,Sales Representative,Frankfurt a.M.,Germany,Schoggi Schokolade,100 - 100 g pieces,43.9,0,3,Confections,"Desserts, candies, and sweet breads",2013-08,19408.52,High Value
10284,LEHMS,4,2013-08-19,2013-09-16,2013-08-27,1,76.56,44,15.5,21,0,325.5,Lehmanns Marktstand,Renate Messner,Sales Representative,Frankfurt a.M.,Germany,Gula Malacca,20 - 2 kg bags,19.45,0,2,Condiments,"Sweet and savory sauces, relishes, spreads, and seasonings",2013-08,19408.52,High Value
10284,LEHMS,4,2013-08-19,2013-09-16,2013-08-27,1,76.56,60,27.2,20,0,544.0,Lehmanns Marktstand,Renate Messner,Sales Representative,Frankfurt a.M.,Germany,Camembert Pierrot,15 - 300 g rounds,34.0,0,4,Dairy Products,Cheeses,2013-08,19408.52,High Value
10284,LEHMS,4,2013-08-19,2013-09-16,2013-08-27,1,76.56,67,11.2,5,0,56.0,Lehmanns Marktstand,Renate Messner,Sales Representative,Frankfurt a.M.,Germany,Laughing Lumberjack Lager,24 - 12 oz bottles,14.0,0,1,Beverages,"Soft drinks, coffees, teas, beers, and ales",2013-08,19408.52,High Value
10285,QUICK,1,2013-08-20,2013-09-17,2013-08-26,2,76.83,1,14.4,45,0,648.0,QUICK-Stop,Horst Kloss,Accounting Manager,Cunewalde,Germany,Chai,10 boxes x 20 bags,18.0,0,1,Beverages,"Soft drinks, coffees, teas, beers, and ales",2013-08,117483.39,High Value
10285,QUICK,1,2013-08-20,2013-09-17,2013-08-26,2,76.83,40,14.7,40,0,588.0,QUICK-Stop,Horst Kloss,Accounting Manager,Cunewalde,Germany,Boston Crab Meat,24 - 4 oz tins,18.4,0,8,Seafood,Seaweed and fish,2013-08,117483.39,High Value
10285,QUICK,1,2013-08-20,2013-09-17,2013-08-26,2,76.83,53,26.2,36,0,943.1999999999999,QUICK-Stop,Horst Kloss,Accounting Manager,Cunewalde,Germany,Perth Pasties,48 pieces,32.8,1,6,Meat & Poultry,Prepared meats,2013-08,117483.39,High Value
10286,QUICK,8,2013-08-21,2013-09-18,2013-08-30,3,229.24,35,14.4,100,0,1440.0,QUICK-Stop,Horst Kloss,Accounting Manager,Cunewalde,Germany,Steeleye Stout,24 - 12 oz bottles,18.0,0,1,Beverages,"Soft drinks, coffees, teas, beers, and ales",2013-08,117483.39,High Value
10286,QUICK,8,2013-08-21,2013-09-18,2013-08-30,3,229.24,62,39.4,40,0,1576.0,QUICK-Stop,Horst Kloss,Accounting Manager,Cunewalde,Germany,Tarte au sucre,48 pies,49.3,0,3,Confections,"Desserts, candies, and sweet breads",2013-08,117483.39,High Value
10287,RICAR,8,2013-08-22,2013-09-19,2013-08-28,3,12.76,16,13.9,40,0,556.0,Ricardo Adocicados,Janete Limeira,Assistant Sales Agent,Rio de Janeiro,Brazil,Pavlova,32 - 500 g boxes,17.45,0,3,Confections,"Desserts, candies, and sweet breads",2013-08,11086.4,High Value
10287,RICAR,8,2013-08-22,2013-09-19,2013-08-28,3,12.76,34,11.2,20,0,224.0,Ricardo Adocicados,Janete Limeira,Assistant Sales Agent,Rio de Janeiro,Brazil,Sasquatch Ale,24 - 12 oz bottles,14.0,0,1,Beverages,"Soft drinks, coffees, teas, beers, and ales",2013-08,11086.4,High Value
10287,RICAR,8,2013-08-22,2013-09-19,2013-08-28,3,12.76,46,9.6,15,0,144.0,Ricardo Adocicados,Janete Limeira,Assistant Sales Agent,Rio de Janeiro,Brazil,Spegesild,4 - 450 g glasses,12.0,0,8,Seafood,Seaweed and fish,2013-08,11086.4,High Value
10288,REGGC,4,2013-08-23,2013-09-20,2013-09-03,1,7.45,54,5.9,10,0,59.0,Reggiani Caseifici,Maurizio Moroni,Sales Associate,Reggio Emilia,Italy,Tourtière,16 pies,7.45,0,6,Meat & Poultry,Prepared meats,2013-08,7047.6,Medium Value
10288,REGGC,4,2013-08-23,2013-09-20,2013-09-03,1,7.45,68,10.0,3,0,30.0,Reggiani Caseifici,Maurizio Moroni,Sales Associate,Reggio Emilia,Italy,Scottish Longbreads,10 boxes x 8 pieces,12.5,0,3,Confections,"Desserts, candies, and sweet breads",2013-08,7047.6,Medium Value
10289,BSBEV,7,2013-08-26,2013-09-23,2013-08-28,3,22.77,3,8.0,30,0,240.0,B's Beverages,Victoria Ashworth,Sales Representative,London,UK,Aniseed Syrup,12 - 550 ml bottles,10.0,0,2,Condiments,"Sweet and savory sauces, relishes, spreads, and seasonings",2013-08,6089.9,Medium Value
10289,BSBEV,7,2013-08-26,2013-09-23,2013-08-28,3,22.77,64,26.6,9,0,239.4,B's Beverages,Victoria Ashworth,Sales Representative,London,UK,Wimmers gute Semmelknödel,20 bags x 4 pieces,33.25,0,5,Grains & Cereals,"Breads, crackers, pasta, and cereal",2013-08,6089.9,Medium Value
10290,COMMI,8,2013-08-27,2013-09-24,2013-09-03,1,79.7,5,17.0,20,0,340.0,Comércio Mineiro,Pedro Afonso,Sales Associate,Sao Paulo,Brazil,Chef Anton's Gumbo Mix,36 boxes,21.35,1,2,Condiments,"Sweet and savory sauces, relishes, spreads, and seasonings",2013-08,3810.75,Low Value
10290,COMMI,8,2013-08-27,2013-09-24,2013-09-03,1,79.7,29,99.0,15,0,1485.0,Comércio Mineiro,Pedro Afonso,Sales Associate,Sao Paulo,Brazil,Thüringer Rostbratwurst,50 bags x 30 sausgs.,123.79,1,6,Meat & Poultry,Prepared meats,2013-08,3810.75,Low Value
10290,COMMI,8,2013-08-27,2013-09-24,2013-09-03,1,79.7,49,16.0,15,0,240.0,Comércio Mineiro,Pedro Afonso,Sales Associate,Sao Paulo,Brazil,Maxilaku,24 - 50 g pkgs.,20.0,0,3,Confections,"Desserts, candies, and sweet breads",2013-08,3810.75,Low Value
10290,COMMI,8,2013-08-27,2013-09-24,2013-09-03,1,79.7,77,10.4,10,0,104.0,Comércio Mineiro,Pedro Afonso,Sales Associate,Sao Paulo,Brazil,Original Frankfurter Grüne Soße,12 boxes,13.0,0,2,Condiments,"Sweet and savory sauces, relishes, spreads, and seasonings",2013-08,3810.75,Low Value
10291,QUEDE,6,2013-08-27,2013-09-24,2013-09-04,2,6.4,13,4.8,20,0,96.0,Que Delícia,Bernardo Batista,Accounting Manager,Rio de Janeiro,Brazil,Konbu,2 kg box,6.0,0,8,Seafood,Seaweed and fish,2013-08,6973.63,Medium Value
10291,QUEDE,6,2013-08-27,2013-09-24,2013-09-04,2,6.4,44,15.5,24,0,372.0,Que Delícia,Bernardo Batista,Accounting Manager,Rio de Janeiro,Brazil,Gula Malacca,20 - 2 kg bags,19.45,0,2,Condiments,"Sweet and savory sauces, relishes, spreads, and seasonings",2013-08,6973.63,Medium Value
10291,QUEDE,6,2013-08-27,2013-09-24,2013-09-04,2,6.4,51,42.4,2,0,84.8,Que Delícia,Bernardo Batista,Accounting Manager,Rio de Janeiro,Brazil,Manjimup Dried Apples,50 - 300 g pkgs.,53.0,0,7,Produce,Dried fruit and bean curd,2013-08,6973.63,Medium Value
10292,TRADH,1,2013-08-28,2013-09-25,2013-09-02,2,1.35,20,64.8,20,0,1296.0,Tradição Hipermercados,Anabela Domingues,Sales Representative,Sao Paulo,Brazil,Sir Rodney's Marmalade,30 gift boxes,81.0,0,3,Confections,"Desserts, candies, and sweet breads",2013-08,7310.62,Medium Value
10293,TORTU,1,2013-08-29,2013-09-26,2013-09-11,3,21.18,18,50.0,12,0,600.0,Tortuga Restaurante,Miguel Angel Paolino,Owner,Mexico City,Mexico,Carnarvon Tigers,16 kg pkg.,62.5,0,8,Seafood,Seaweed and fish,2013-08,10812.15,High Value
10293,TORTU,1,2013-08-29,2013-09-26,2013-09-11,3,21.18,24,3.6,10,0,36.0,Tortuga Restaurante,Miguel Angel Paolino,Owner,Mexico City,Mexico,Guarana Fantastica,12 - 355 ml cans,4.5,1,1,Beverages,"Soft drinks, coffees, teas, beers, and ales",2013-08,10812.15,High Value
10293,TORTU,1,2013-08-29,2013-09-26,2013-09-11,3,21.18,63,35.1,5,0,175.5,Tortuga Restaurante,Miguel Angel Paolino,Owner,Mexico City,Mexico,Vegie-spread,15 - 625 g jars,43.9,0,2,Condiments,"Sweet and savory sauces, relishes, spreads, and seasonings",2013-08,10812.15,High Value
10293,TORTU,1,2013-08-29,2013-09-26,2013-09-11,3,21.18,75,6.2,6,0,37.2,Tortuga Restaurante,Miguel Angel Paolino,Owner,Mexico City,Mexico,Rhönbräu Klosterbier,24 - 0.5 l bottles,7.75,0,1,Beverages,"Soft drinks, coffees, teas, beers, and ales",2013-08,10812.15,High Value
10294,RATTC,4,2013-08-30,2013-09-27,2013-09-05,2,147.26,1,14.4,18,0,259.2,Rattlesnake Canyon Grocery,Paula Wilson,Assistant Sales Representative,Albuquerque,USA,Chai,10 boxes x 20 bags,18.0,0,1,Beverages,"Soft drinks, coffees, teas, beers, and ales",2013-08,50871.3,High Value
10294,RATTC,4,2013-08-30,2013-09-27,2013-09-05,2,147.26,17,31.2,15,0,468.0,Rattlesnake Canyon Grocery,Paula Wilson,Assistant Sales Representative,Albuquerque,USA,Alice Mutton,20 - 1 kg tins,39.0,1,6,Meat & Poultry,Prepared meats,2013-08,50871.3,High Value
10294,RATTC,4,2013-08-30,2013-09-27,2013-09-05,2,147.26,43,36.8,15,0,552.0,Rattlesnake Canyon Grocery,Paula Wilson,Assistant Sales Representative,Albuquerque,USA,Ipoh Coffee,16 - 500 g tins,46.0,0,1,Beverages,"Soft drinks, coffees, teas, beers, and ales",2013-08,50871.3,High Value
10294,RATTC,4,2013-08-30,2013-09-27,2013-09-05,2,147.26,60,27.2,21,0,571.1999999999999,Rattlesnake Canyon Grocery,Paula Wilson,Assistant Sales Representative,Albuquerque,USA,Camembert Pierrot,15 - 300 g rounds,34.0,0,4,Dairy Products,Cheeses,2013-08,50871.3,High Value
10294,RATTC,4,2013-08-30,2013-09-27,2013-09-05,2,147.26,75,6.2,6,0,37.2,Rattlesnake Canyon Grocery,Paula Wilson,Assistant Sales Representative,Albuquerque,USA,Rhönbräu Klosterbier,24 - 0.5 l bottles,7.75,0,1,Beverages,"Soft drinks, coffees, teas, beers, and ales",2013-08,50871.3,High Value
10295,VINET,2,2013-09-02,2013-09-30,2013-09-10,2,1.15,56,30.4,4,0,121.6,Vins et alcools Chevalier,Paul Henriot,Accounting Manager,Reims,France,Gnocchi di nonna Alice,24 - 250 g pkgs.,38.0,0,5,Grains & Cereals,"Breads, crackers, pasta, and cereal",2013-09,1480.0,Low Value
10296,LILAS,6,2013-09-03,2013-10-01,2013-09-11,1,0.12,11,16.8,12,0,201.60000000000002,LILA-Supermercado,Carlos González,Accounting Manager,Barquisimeto,Venezuela,Queso Cabrales,1 kg pkg.,21.0,0,4,Dairy Products,Cheeses,2013-09,17062.5,High Value
10296,LILAS,6,2013-09-03,2013-10-01,2013-09-11,1,0.12,16,13.9,30,0,417.0,LILA-Supermercado,Carlos González,Accounting Manager,Barquisimeto,Venezuela,Pavlova,32 - 500 g boxes,17.45,0,3,Confections,"Desserts, candies, and sweet breads",2013-09,17062.5,High Value
10296,LILAS,6,2013-09-03,2013-10-01,2013-09-11,1,0.12,69,28.8,15,0,432.0,LILA-Supermercado,Carlos González,Accounting Manager,Barquisimeto,Venezuela,Gudbrandsdalsost,10 kg pkg.,36.0,0,4,Dairy Products,Cheeses,2013-09,17062.5,High Value
10297,BLONP,5,2013-09-04,2013-10-16,2013-09-10,2,5.74,39,14.4,60,0,864.0,Blondesddsl père et fils,Frédérique Citeaux,Marketing Manager,Strasbourg,France,Chartreuse verte,750 cc per bottle,18.0,0,1,Beverages,"Soft drinks, coffees, teas, beers, and ales",2013-09,19088.0,High Value
10297,BLONP,5,2013-09-04,2013-10-16,2013-09-10,2,5.74,72,27.8,20,0,556.0,Blondesddsl père et fils,Frédérique Citeaux,Marketing Manager,Strasbourg,France,Mozzarella di Giovanni,24 - 200 g pkgs.,34.8,0,4,Dairy Products,Cheeses,2013-09,19088.0,High Value
10298,HUNGO,6,2013-09-05,2013-10-03,2013-09-11,2,168.22,2,15.2,40,0,608.0,Hungry Owl All-Night Grocers,Patricia McKenna,Sales Associate,Cork,Ireland,Chang,24 - 12 oz bottles,19.0,0,1,Beverages,"Soft drinks, coffees, teas, beers, and ales",2013-09,57317.39,High Value
10298,HUNGO,6,2013-09-05,2013-10-03,2013-09-11,2,168.22,36,15.2,40,0,608.0,Hungry Owl All-Night Grocers,Patricia McKenna,Sales Associate,Cork,Ireland,Inlagd Sill,24 - 250 g  jars,19.0,0,8,Seafood,Seaweed and fish,2013-09,57317.39,High Value
10298,HUNGO,6,2013-09-05,2013-10-03,2013-09-11,2,168.22,59,44.0,30,0,1320.0,Hungry Owl All-Night Grocers,Patricia McKenna,Sales Associate,Cork,Ireland,Raclette Courdavault,5 kg pkg.,55.0,0,4,Dairy Products,Cheeses,2013-09,57317.39,High Value
10298,HUNGO,6,2013-09-05,2013-10-03,2013-09-11,2,168.22,62,39.4,15,0,591.0,Hungry Owl All-Night Grocers,Patricia McKenna,Sales Associate,Cork,Ireland,Tarte au sucre,48 pies,49.3,0,3,Confections,"Desserts, candies, and sweet breads",2013-09,57317.39,High Value
10299,RICAR,4,2013-09-06,2013-10-04,2013-09-13,2,29.76,19,7.3,15,0,109.5,Ricardo Adocicados,Janete Limeira,Assistant Sales Agent,Rio de Janeiro,Brazil,Teatime Chocolate Biscuits,10 boxes x 12 pieces,9.2,0,3,Confections,"Desserts, candies, and sweet breads",2013-09,11086.4,High Value
10299,RICAR,4,2013-09-06,2013-10-04,2013-09-13,2,29.76,70,12.0,20,0,240.0,Ricardo Adocicados,Janete Limeira,Assistant Sales Agent,Rio de Janeiro,Brazil,Outback Lager,24 - 355 ml bottles,15.0,0,1,Beverages,"Soft drinks, coffees, teas, beers, and ales",2013-09,11086.4,High Value
10300,MAGAA,2,2013-09-09,2013-10-07,2013-09-18,2,17.68,66,13.6,30,0,408.0,Magazzini Alimentari Riuniti,Giovanni Rovelli,Marketing Manager,Bergamo,Italy,Louisiana Hot Spiced Okra,24 - 8 oz jars,17.0,0,2,Condiments,"Sweet and savory sauces, relishes, spreads, and seasonings",2013-09,7603.85,Medium Value
10300,MAGAA,2,2013-09-09,2013-10-07,2013-09-18,2,17.68,68,10.0,20,0,200.0,Magazzini Alimentari Riuniti,Giovanni Rovelli,Marketing Manager,Bergamo,Italy,Scottish Longbreads,10 boxes x 8 pieces,12.5,0,3,Confections,"Desserts, candies, and sweet breads",2013-09,7603.85,Medium Value
10301,WANDK,8,2013-09-09,2013-10-07,2013-09-17,2,45.08,40,14.7,10,0,147.0,Die Wandernde Kuh,Rita Müller,Sales Representative,Stuttgart,Germany,Boston Crab Meat,24 - 4 oz tins,18.4,0,8,Seafood,Seaweed and fish,2013-09,10653.85,High Value
10301,WANDK,8,2013-09-09,2013-10-07,2013-09-17,2,45.08,56,30.4,20,0,608.0,Die Wandernde Kuh,Rita Müller,Sales Representative,Stuttgart,Germany,Gnocchi di nonna Alice,24 - 250 g pkgs.,38.0,0,5,Grains & Cereals,"Breads, crackers, pasta, and cereal",2013-09,10653.85,High Value
10302,SUPRD,4,2013-09-10,2013-10-08,2013-10-09,2,6.27,17,31.2,40,0,1248.0,Suprêmes délices,Pascale Cartrain,Accounting Manager,Charleroi,Belgium,Alice Mutton,20 - 1 kg tins,39.0,1,6,Meat & Poultry,Prepared meats,2013-09,24704.4,High Value
10302,SUPRD,4,2013-09-10,2013-10-08,2013-10-09,2,6.27,28,36.4,28,0,1019.1999999999999,Suprêmes délices,Pascale Cartrain,Accounting Manager,Charleroi,Belgium,Rössle Sauerkraut,25 - 825 g cans,45.6,1,7,Produce,Dried fruit and bean curd,2013-09,24704.4,High Value
10302,SUPRD,4,2013-09-10,2013-10-08,2013-10-09,2,6.27,43,36.8,12,0,441.59999999999997,Suprêmes délices,Pascale Cartrain,Accounting Manager,Charleroi,Belgium,Ipoh Coffee,16 - 500 g tins,46.0,0,1,Beverages,"Soft drinks, coffees, teas, beers, and ales",2013-09,24704.4,High Value
10303,GODOS,7,2013-09-11,2013-10-09,2013-09-18,2,107.83,40,14.7,40,0,588.0,Godos Cocina Típica,José Pedro Freyre,Sales Manager,Sevilla,Spain,Boston Crab Meat,24 - 4 oz tins,18.4,0,8,Seafood,Seaweed and fish,2013-09,11830.1,High Value
10303,GODOS,7,2013-09-11,2013-10-09,2013-09-18,2,107.83,65,16.8,30,0,504.0,Godos Cocina Típica,José Pedro Freyre,Sales Manager,Sevilla,Spain,Louisiana Fiery Hot Pepper Sauce,32 - 8 oz bottles,21.05,0,2,Condiments,"Sweet and savory sauces, relishes, spreads, and seasonings",2013-09,11830.1,High Value
10303,GODOS,7,2013-09-11,2013-10-09,2013-09-18,2,107.83,68,10.0,15,0,150.0,Godos Cocina Típica,José Pedro Freyre,Sales Manager,Sevilla,Spain,Scottish Longbreads,10 boxes x 8 pieces,12.5,0,3,Confections,"Desserts, candies, and sweet breads",2013-09,11830.1,High Value
10304,TORTU,1,2013-09-12,2013-10-10,2013-09-17,2,63.79,49,16.0,30,0,480.0,Tortuga Restaurante,Miguel Angel Paolino,Owner,Mexico City,Mexico,Maxilaku,24 - 50 g pkgs.,20.0,0,3,Confections,"Desserts, candies, and sweet breads",2013-09,10812.15,High Value
10304,TORTU,1,2013-09-12,2013-10-10,2013-09-17,2,63.79,59,44.0,10,0,440.0,Tortuga Restaurante,Miguel Angel Paolino,Owner,Mexico City,Mexico,Raclette Courdavault,5 kg pkg.,55.0,0,4,Dairy Products,Cheeses,2013-09,10812.15,High Value
10304,TORTU,1,2013-09-12,2013-10-10,2013-09-17,2,63.79,71,17.2,2,0,34.4,Tortuga Restaurante,Miguel Angel Paolino,Owner,Mexico City,Mexico,Flotemysost,10 - 500 g pkgs.,21.5,0,4,Dairy Products,Cheeses,2013-09,10812.15,High Value
10305,OLDWO,8,2013-09-13,2013-10-11,2013-10-09,3,257.62,18,50.0,25,0,1250.0,Old World Delicatessen,Rene Phillips,Sales Representative,Anchorage,USA,Carnarvon Tigers,16 kg pkg.,62.5,0,8,Seafood,Seaweed and fish,2013-09,16325.15,High Value
10305,OLDWO,8,2013-09-13,2013-10-11,2013-10-09,3,257.62,29,99.0,25,0,2475.0,Old World Delicatessen,Rene Phillips,Sales Representative,Anchorage,USA,Thüringer Rostbratwurst,50 bags x 30 sausgs.,123.79,1,6,Meat & Poultry,Prepared meats,2013-09,16325.15,High Value
10305,OLDWO,8,2013-09-13,2013-10-11,2013-10-09,3,257.62,39,14.4,30,0,432.0,Old World Delicatessen,Rene Phillips,Sales Representative,Anchorage,USA,Chartreuse verte,750 cc per bottle,18.0,0,1,Beverages,"Soft drinks, coffees, teas, beers, and ales",2013-09,16325.15,High Value
10306,ROMEY,1,2013-09-16,2013-10-14,2013-09-23,3,7.56,30,20.7,10,0,207.0,Romero y tomillo,Alejandra Camino,Accounting Manager,Madrid,Spain,Nord-Ost Matjeshering,10 - 200 g glasses,25.89,0,8,Seafood,Seaweed and fish,2013-09,1467.29,Low Value
10306,ROMEY,1,2013-09-16,2013-10-14,2013-09-23,3,7.56,53,26.2,10,0,262.0,Romero y tomillo,Alejandra Camino,Accounting Manager,Madrid,Spain,Perth Pasties,48 pieces,32.8,1,6,Meat & Poultry,Prepared meats,2013-09,1467.29,Low Value
10306,ROMEY,1,2013-09-16,2013-10-14,2013-09-23,3,7.56,54,5.9,5,0,29.5,Romero y tomillo,Alejandra Camino,Accounting Manager,Madrid,Spain,Tourtière,16 pies,7.45,0,6,Meat & Poultry,Prepared meats,2013-09,1467.29,Low Value
10307,LONEP,2,2013-09-17,2013-10-15,2013-09-25,2,0.56,62,39.4,10,0,394.0,Lonesome Pine Restaurant,Fran Wilson,Sales Manager,Portland,USA,Tarte au sucre,48 pies,49.3,0,3,Confections,"Desserts, candies, and sweet breads",2013-09,4258.6,Low Value
10307,LONEP,2,2013-09-17,2013-10-15,2013-09-25,2,0.56,68,10.0,3,0,30.0,Lonesome Pine Restaurant,Fran Wilson,Sales Manager,Portland,USA,Scottish Longbreads,10 boxes x 8 pieces,12.5,0,3,Confections,"Desserts, candies, and sweet breads",2013-09,4258.6,Low Value
10308,ANATR,7,2013-09-18,2013-10-16,2013-09-24,3,1.61,69,28.8,1,0,28.8,Ana Trujillo Emparedados y helados,Ana Trujillo,Owner,Mexico City,Mexico,Gudbrandsdalsost,10 kg pkg.,36.0,0,4,Dairy Products,Cheeses,2013-09,1402.95,Low Value
10308,ANATR,7,2013-09-18,2013-10-16,2013-09-24,3,1.61,70,12.0,5,0,60.0,Ana Trujillo Emparedados y helados,Ana Trujillo,Owner,Mexico City,Mexico,Outback Lager,24 - 355 ml bottles,15.0,0,1,Beverages,"Soft drinks, coffees, teas, beers, and ales",2013-09,1402.95,Low Value
10309,HUNGO,3,2013-09-19,2013-10-17,2013-10-23,1,47.3,4,17.6,20,0,352.0,Hungry Owl All-Night Grocers,Patricia McKenna,Sales Associate,Cork,Ireland,Chef Anton's Cajun Seasoning,48 - 6 oz jars,22.0,0,2,Condiments,"Sweet and savory sauces, relishes, spreads, and seasonings",2013-09,57317.39,High Value
10309,HUNGO,3,2013-09-19,2013-10-17,2013-10-23,1,47.3,6,20.0,30,0,600.0,Hungry Owl All-Night Grocers,Patricia McKenna,Sales Associate,Cork,Ireland,Grandma's Boysenberry Spread,12 - 8 oz jars,25.0,0,2,Condiments,"Sweet and savory sauces, relishes, spreads, and seasonings",2013-09,57317.39,High Value
10309,HUNGO,3,2013-09-19,2013-10-17,2013-10-23,1,47.3,42,11.2,2,0,22.4,Hungry Owl All-Night Grocers,Patricia McKenna,Sales Associate,Cork,Ireland,Singaporean Hokkien Fried Mee,32 - 1 kg pkgs.,14.0,1,5,Grains & Cereals,"Breads, crackers, pasta, and cereal",2013-09,57317.39,High Value
10309,HUNGO,3,2013-09-19,2013-10-17,2013-10-23,1,47.3,43,36.8,20,0,736.0,Hungry Owl All-Night Grocers,Patricia McKenna,Sales Associate,Cork,Ireland,Ipoh Coffee,16 - 500 g tins,46.0,0,1,Beverages,"Soft drinks, coffees, teas, beers, and ales",2013-09,57317.39,High Value
10309,HUNGO,3,2013-09-19,2013-10-17,2013-10-23,1,47.3,71,17.2,3,0,51.599999999999994,Hungry Owl All-Night Grocers,Patricia McKenna,Sales Associate,Cork,Ireland,Flotemysost,10 - 500 g pkgs.,21.5,0,4,Dairy Products,Cheeses,2013-09,57317.39,High Value
10310,THEBI,8,2013-09-20,2013-10-18,2013-09-27,2,17.52,16,13.9,10,0,139.0,The Big Cheese,Liz Nixon,Marketing Manager,Portland,USA,Pavlova,32 - 500 g boxes,17.45,0,3,Confections,"Desserts, candies, and sweet breads",2013-09,3361.0,Low Value
10310,THEBI,8,2013-09-20,2013-10-18,2013-09-27,2,17.52,62,39.4,5,0,197.0,The Big Cheese,Liz Nixon,Marketing Manager,Portland,USA,Tarte au sucre,48 pies,49.3,0,3,Confections,"Desserts, candies, and sweet breads",2013-09,3361.0,Low Value
10311,DUMON,1,2013-09-20,2013-10-04,2013-09-26,3,24.69,42,11.2,6,0,67.19999999999999,Du monde entier,Janine Labrune,Owner,Nantes,France,Singaporean Hokkien Fried Mee,32 - 1 kg pkgs.,14.0,1,5,Grains & Cereals,"Breads, crackers, pasta, and cereal",2013-09,1615.8999999999999,Low Value
10311,DUMON,1,2013-09-20,2013-10-04,2013-09-26,3,24.69,69,28.8,7,0,201.6,Du monde entier,Janine Labrune,Owner,Nantes,France,Gudbrandsdalsost,10 kg pkg.,36.0,0,4,Dairy Products,Cheeses,2013-09,1615.8999999999999,Low Value
10312,WANDK,2,2013-09-23,2013-10-21,2013-10-03,2,40.26,28,36.4,4,0,145.6,Die Wandernde Kuh,Rita Müller,Sales Representative,Stuttgart,Germany,Rössle Sauerkraut,25 - 825 g cans,45.6,1,7,Produce,Dried fruit and bean curd,2013-09,10653.85,High Value
10312,WANDK,2,2013-09-23,2013-10-21,2013-10-03,2,40.26,43,36.8,24,0,883.1999999999999,Die Wandernde Kuh,Rita Müller,Sales Representative,Stuttgart,Germany,Ipoh Coffee,16 - 500 g tins,46.0,0,1,Beverages,"Soft drinks, coffees, teas, beers, and ales",2013-09,10653.85,High Value
10312,WANDK,2,2013-09-23,2013-10-21,2013-10-03,2,40.26,53,26.2,20,0,524.0,Die Wandernde Kuh,Rita Müller,Sales Representative,Stuttgart,Germany,Perth Pasties,48 pieces,32.8,1,6,Meat & Poultry,Prepared meats,2013-09,10653.85,High Value
10312,WANDK,2,2013-09-23,2013-10-21,2013-10-03,2,40.26,75,6.2,10,0,62.0,Die Wandernde Kuh,Rita Müller,Sales Representative,Stuttgart,Germany,Rhönbräu Klosterbier,24 - 0.5 l bottles,7.75,0,1,Beverages,"Soft drinks, coffees, teas, beers, and ales",2013-09,10653.85,High Value
10313,QUICK,2,2013-09-24,2013-10-22,2013-10-04,2,1.96,36,15.2,12,0,182.39999999999998,QUICK-Stop,Horst Kloss,Accounting Manager,Cunewalde,Germany,Inlagd Sill,24 - 250 g  jars,19.0,0,8,Seafood,Seaweed and fish,2013-09,117483.39,High Value
10314,RATTC,1,2013-09-25,2013-10-23,2013-10-04,2,74.16,32,25.6,40,0,1024.0,Rattlesnake Canyon Grocery,Paula Wilson,Assistant Sales Representative,Albuquerque,USA,Mascarpone Fabioli,24 - 200 g pkgs.,32.0,0,4,Dairy Products,Cheeses,2013-09,50871.3,High Value
10314,RATTC,1,2013-09-25,2013-10-23,2013-10-04,2,74.16,58,10.6,30,0,318.0,Rattlesnake Canyon Grocery,Paula Wilson,Assistant Sales Representative,Albuquerque,USA,Escargots de Bourgogne,24 pieces,13.25,0,8,Seafood,Seaweed and fish,2013-09,50871.3,High Value
10314,RATTC,1,2013-09-25,2013-10-23,2013-10-04,2,74.16,62,39.4,25,0,985.0,Rattlesnake Canyon Grocery,Paula Wilson,Assistant Sales Representative,Albuquerque,USA,Tarte au sucre,48 pies,49.3,0,3,Confections,"Desserts, candies, and sweet breads",2013-09,50871.3,High Value
10315,ISLAT,4,2013-09-26,2013-10-24,2013-10-03,2,41.76,34,11.2,14,0,156.79999999999998,Island Trading,Helen Bennett,Marketing Manager,Cowes,UK,Sasquatch Ale,24 - 12 oz bottles,14.0,0,1,Beverages,"Soft drinks, coffees, teas, beers, and ales",2013-09,6146.3,Medium Value
10315,ISLAT,4,2013-09-26,2013-10-24,2013-10-03,2,41.76,70,12.0,30,0,360.0,Island Trading,Helen Bennett,Marketing Manager,Cowes,UK,Outback Lager,24 - 355 ml bottles,15.0,0,1,Beverages,"Soft drinks, coffees, teas, beers, and ales",2013-09,6146.3,Medium Value
10316,RATTC,1,2013-09-27,2013-10-25,2013-10-08,3,150.15,41,7.7,10,0,77.0,Rattlesnake Canyon Grocery,Paula Wilson,Assistant Sales Representative,Albuquerque,USA,Jack's New England Clam Chowder,12 - 12 oz cans,9.65,0,8,Seafood,Seaweed and fish,2013-09,50871.3,High Value
10316,RATTC,1,2013-09-27,2013-10-25,2013-10-08,3,150.15,62,39.4,70,0,2758.0,Rattlesnake Canyon Grocery,Paula Wilson,Assistant Sales Representative,Albuquerque,USA,Tarte au sucre,48 pies,49.3,0,3,Confections,"Desserts, candies, and sweet breads",2013-09,50871.3,High Value
10317,LONEP,6,2013-09-30,2013-10-28,2013-10-10,1,12.69,1,14.4,20,0,288.0,Lonesome Pine Restaurant,Fran Wilson,Sales Manager,Portland,USA,Chai,10 boxes x 20 bags,18.0,0,1,Beverages,"Soft drinks, coffees, teas, beers, and ales",2013-09,4258.6,Low Value
10318,ISLAT,8,2013-10-01,2013-10-29,2013-10-04,2,4.73,41,7.7,20,0,154.0,Island Trading,Helen Bennett,Marketing Manager,Cowes,UK,Jack's New England Clam Chowder,12 - 12 oz cans,9.65,0,8,Seafood,Seaweed and fish,2013-10,6146.3,Medium Value
10318,ISLAT,8,2013-10-01,2013-10-29,2013-10-04,2,4.73,76,14.4,6,0,86.4,Island Trading,Helen Bennett,Marketing Manager,Cowes,UK,Lakkaliköri,500 ml,18.0,0,1,Beverages,"Soft drinks, coffees, teas, beers, and ales",2013-10,6146.3,Medium Value
10319,TORTU,7,2013-10-02,2013-10-30,2013-10-11,3,64.5,17,31.2,8,0,249.6,Tortuga Restaurante,Miguel Angel Paolino,Owner,Mexico City,Mexico,Alice Mutton,20 - 1 kg tins,39.0,1,6,Meat & Poultry,Prepared meats,2013-10,10812.15,High Value
10319,TORTU,7,2013-10-02,2013-10-30,2013-10-11,3,64.5,28,36.4,14,0,509.59999999999997,Tortuga Restaurante,Miguel Angel Paolino,Owner,Mexico City,Mexico,Rössle Sauerkraut,25 - 825 g cans,45.6,1,7,Produce,Dried fruit and bean curd,2013-10,10812.15,High Value
10319,TORTU,7,2013-10-02,2013-10-30,2013-10-11,3,64.5,76,14.4,30,0,432.0,Tortuga Restaurante,Miguel Angel Paolino,Owner,Mexico City,Mexico,Lakkaliköri,500 ml,18.0,0,1,Beverages,"Soft drinks, coffees, teas, beers, and ales",2013-10,10812.15,High Value
10320,WARTH,5,2013-10-03,2013-10-17,2013-10-18,3,34.57,71,17.2,30,0,516.0,Wartian Herkku,Pirkko Koskitalo,Accounting Manager,Oulu,Finland,Flotemysost,10 - 500 g pkgs.,21.5,0,4,Dairy Products,Cheeses,2013-10,16617.1,High Value
10321,ISLAT,3,2013-10-03,2013-10-31,2013-10-11,2,3.43,35,14.4,10,0,144.0,Island Trading,Helen Bennett,Marketing Manager,Cowes,UK,Steeleye Stout,24 - 12 oz bottles,18.0,0,1,Beverages,"Soft drinks, coffees, teas, beers, and ales",2013-10,6146.3,Medium Value
10322,PERIC,7,2013-10-04,2013-11-01,2013-10-23,3,0.4,52,5.6,20,0,112.0,Pericles Comidas clásicas,Guillermo Fernández,Sales Representative,Mexico City,Mexico,Filo Mix,16 - 2 kg boxes,7.0,0,5,Grains & Cereals,"Breads, crackers, pasta, and cereal",2013-10,3942.2,Low Value
10323,KOENE,4,2013-10-07,2013-11-04,2013-10-14,1,4.88,15,12.4,5,0,62.0,Königlich Essen,Philip Cramer,Sales Associate,Brandenburg,Germany,Genen Shouyu,24 - 250 ml bottles,15.5,0,2,Condiments,"Sweet and savory sauces, relishes, spreads, and seasonings",2013-10,31745.75,High Value
10323,KOENE,4,2013-10-07,2013-11-04,2013-10-14,1,4.88,25,11.2,4,0,44.8,Königlich Essen,Philip Cramer,Sales Associate,Brandenburg,Germany,NuNuCa Nuß-Nougat-Creme,20 - 450 g glasses,14.0,0,3,Confections,"Desserts, candies, and sweet breads",2013-10,31745.75,High Value
10323,KOENE,4,2013-10-07,2013-11-04,2013-10-14,1,4.88,39,14.4,4,0,57.6,Königlich Essen,Philip Cramer,Sales Associate,Brandenburg,Germany,Chartreuse verte,750 cc per bottle,18.0,0,1,Beverages,"Soft drinks, coffees, teas, beers, and ales",2013-10,31745.75,High Value
10324,SAVEA,9,2013-10-08,2013-11-05,2013-10-10,1,214.27,16,13.9,21,0,291.90000000000003,Save-a-lot Markets,Jose Pavarotti,Sales Representative,Boise,USA,Pavlova,32 - 500 g boxes,17.45,0,3,Confections,"Desserts, candies, and sweet breads",2013-10,115673.39,High Value
10324,SAVEA,9,2013-10-08,2013-11-05,2013-10-10,1,214.27,35,14.4,70,0,1008.0,Save-a-lot Markets,Jose Pavarotti,Sales Representative,Boise,USA,Steeleye Stout,24 - 12 oz bottles,18.0,0,1,Beverages,"Soft drinks, coffees, teas, beers, and ales",2013-10,115673.39,High Value
10324,SAVEA,9,2013-10-08,2013-11-05,2013-10-10,1,214.27,46,9.6,30,0,288.0,Save-a-lot Markets,Jose Pavarotti,Sales Representative,Boise,USA,Spegesild,4 - 450 g glasses,12.0,0,8,Seafood,Seaweed and fish,2013-10,115673.39,High Value
10324,SAVEA,9,2013-10-08,2013-11-05,2013-10-10,1,214.27,59,44.0,40,0,1760.0,Save-a-lot Markets,Jose Pavarotti,Sales Representative,Boise,USA,Raclette Courdavault,5 kg pkg.,55.0,0,4,Dairy Products,Cheeses,2013-10,115673.39,High Value
10324,SAVEA,9,2013-10-08,2013-11-05,2013-10-10,1,214.27,63,35.1,80,0,2808.0,Save-a-lot Markets,Jose Pavarotti,Sales Representative,Boise,USA,Vegie-spread,15 - 625 g jars,43.9,0,2,Condiments,"Sweet and savory sauces, relishes, spreads, and seasonings",2013-10,115673.39,High Value
10325,KOENE,1,2013-10-09,2013-10-23,2013-10-14,3,64.86,6,20.0,6,0,120.0,Königlich Essen,Philip Cramer,Sales Associate,Brandenburg,Germany,Grandma's Boysenberry Spread,12 - 8 oz jars,25.0,0,2,Condiments,"Sweet and savory sauces, relishes, spreads, and seasonings",2013-10,31745.75,High Value
10325,KOENE,1,2013-10-09,2013-10-23,2013-10-14,3,64.86,13,4.8,12,0,57.599999999999994,Königlich Essen,Philip Cramer,Sales Associate,Brandenburg,Germany,Konbu,2 kg box,6.0,0,8,Seafood,Seaweed and fish,2013-10,31745.75,High Value
10325,KOENE,1,2013-10-09,2013-10-23,2013-10-14,3,64.86,14,18.6,9,0,167.4,Königlich Essen,Philip Cramer,Sales Associate,Brandenburg,Germany,Tofu,40 - 100 g pkgs.,23.25,0,7,Produce,Dried fruit and bean curd,2013-10,31745.75,High Value
10325,KOENE,1,2013-10-09,2013-10-23,2013-10-14,3,64.86,31,10.0,4,0,40.0,Königlich Essen,Philip Cramer,Sales Associate,Brandenburg,Germany,Gorgonzola Telino,12 - 100 g pkgs,12.5,0,4,Dairy Products,Cheeses,2013-10,31745.75,High Value
10325,KOENE,1,2013-10-09,2013-10-23,2013-10-14,3,64.86,72,27.8,40,0,1112.0,Königlich Essen,Philip Cramer,Sales Associate,Brandenburg,Germany,Mozzarella di Giovanni,24 - 200 g pkgs.,34.8,0,4,Dairy Products,Cheeses,2013-10,31745.75,High Value
10326,BOLID,4,2013-10-10,2013-11-07,2013-10-14,2,77.92,4,17.6,24,0,422.40000000000003,Bólido Comidas preparadas,Martín Sommer,Owner,Madrid,Spain,Chef Anton's Cajun Seasoning,48 - 6 oz jars,22.0,0,2,Condiments,"Sweet and savory sauces, relishes, spreads, and seasonings",2013-10,5297.8,Medium Value
10326,BOLID,4,2013-10-10,2013-11-07,2013-10-14,2,77.92,57,15.6,16,0,249.6,Bólido Comidas preparadas,Martín Sommer,Owner,Madrid,Spain,Ravioli Angelo,24 - 250 g pkgs.,19.5,0,5,Grains & Cereals,"Breads, crackers, pasta, and cereal",2013-10,5297.8,Medium Value
10326,BOLID,4,2013-10-10,2013-11-07,2013-10-14,2,77.92,75,6.2,50,0,310.0,Bólido Comidas preparadas,Martín Sommer,Owner,Madrid,Spain,Rhönbräu Klosterbier,24 - 0.5 l bottles,7.75,0,1,Beverages,"Soft drinks, coffees, teas, beers, and ales",2013-10,5297.8,Medium Value
10327,FOLKO,2,2013-10-11,2013-11-08,2013-10-14,1,63.36,2,15.2,25,0,380.0,Folk och fä HB,Maria Larsson,Owner,Bräcke,Sweden,Chang,24 - 12 oz bottles,19.0,0,1,Beverages,"Soft drinks, coffees, teas, beers, and ales",2013-10,32555.55,High Value
10327,FOLKO,2,2013-10-11,2013-11-08,2013-10-14,1,63.36,11,16.8,50,0,840.0,Folk och fä HB,Maria Larsson,Owner,Bräcke,Sweden,Queso Cabrales,1 kg pkg.,21.0,0,4,Dairy Products,Cheeses,2013-10,32555.55,High Value
10327,FOLKO,2,2013-10-11,2013-11-08,2013-10-14,1,63.36,30,20.7,35,0,724.5,Folk och fä HB,Maria Larsson,Owner,Bräcke,Sweden,Nord-Ost Matjeshering,10 - 200 g glasses,25.89,0,8,Seafood,Seaweed and fish,2013-10,32555.55,High Value
10327,FOLKO,2,2013-10-11,2013-11-08,2013-10-14,1,63.36,58,10.6,30,0,318.0,Folk och fä HB,Maria Larsson,Owner,Bräcke,Sweden,Escargots de Bourgogne,24 pieces,13.25,0,8,Seafood,Seaweed and fish,2013-10,32555.55,High Value
10328,FURIB,4,2013-10-14,2013-11-11,2013-10-17,3,87.03,59,44.0,9,0,396.0,Furia Bacalhau e Frutos do Mar,Lino Rodriguez,Sales Manager,Lisboa,Portugal,Raclette Courdavault,5 kg pkg.,55.0,0,4,Dairy Products,Cheeses,2013-10,7151.55,Medium Value
10328,FURIB,4,2013-10-14,2013-11-11,2013-10-17,3,87.03,65,16.8,40,0,672.0,Furia Bacalhau e Frutos do Mar,Lino Rodriguez,Sales Manager,Lisboa,Portugal,Louisiana Fiery Hot Pepper Sauce,32 - 8 oz bottles,21.05,0,2,Condiments,"Sweet and savory sauces, relishes, spreads, and seasonings",2013-10,7151.55,Medium Value
10328,FURIB,4,2013-10-14,2013-11-11,2013-10-17,3,87.03,68,10.0,10,0,100.0,Furia Bacalhau e Frutos do Mar,Lino Rodriguez,Sales Manager,Lisboa,Portugal,Scottish Longbreads,10 boxes x 8 pieces,12.5,0,3,Confections,"Desserts, candies, and sweet breads",2013-10,7151.55,Medium Value
10329,SPLIR,4,2013-10-15,2013-11-26,2013-10-23,2,191.67,19,7.3,10,0,73.0,Split Rail Beer & Ale,Art Braunschweiger,Sales Manager,Lander,USA,Teatime Chocolate Biscuits,10 boxes x 12 pieces,9.2,0,3,Confections,"Desserts, candies, and sweet breads",2013-10,12489.7,High Value
10329,SPLIR,4,2013-10-15,2013-11-26,2013-10-23,2,191.67,30,20.7,8,0,165.6,Split Rail Beer & Ale,Art Braunschweiger,Sales Manager,Lander,USA,Nord-Ost Matjeshering,10 - 200 g glasses,25.89,0,8,Seafood,Seaweed and fish,2013-10,12489.7,High Value
10329,SPLIR,4,2013-10-15,2013-11-26,2013-10-23,2,191.67,38,210.8,20,0,4216.0,Split Rail Beer & Ale,Art Braunschweiger,Sales Manager,Lander,USA,Côte de Blaye,12 - 75 cl bottles,263.5,0,1,Beverages,"Soft drinks, coffees, teas, beers, and ales",2013-10,12489.7,High Value
10329,SPLIR,4,2013-10-15,2013-11-26,2013-10-23,2,191.67,56,30.4,12,0,364.79999999999995,Split Rail Beer & Ale,Art Braunschweiger,Sales Manager,Lander,USA,Gnocchi di nonna Alice,24 - 250 g pkgs.,38.0,0,5,Grains & Cereals,"Breads, crackers, pasta, and cereal",2013-10,12489.7,High Value
10330,LILAS,3,2013-10-16,2013-11-13,2013-10-28,1,12.75,26,24.9,50,0,1245.0,LILA-Supermercado,Carlos González,Accounting Manager,Barquisimeto,Venezuela,Gumbär Gummibärchen,100 - 250 g bags,31.23,0,3,Confections,"Desserts, candies, and sweet breads",2013-10,17062.5,High Value
10330,LILAS,3,2013-10-16,2013-11-13,2013-10-28,1,12.75,72,27.8,25,0,695.0,LILA-Supermercado,Carlos González,Accounting Manager,Barquisimeto,Venezuela,Mozzarella di Giovanni,24 - 200 g pkgs.,34.8,0,4,Dairy Products,Cheeses,2013-10,17062.5,High Value
10331,BONAP,9,2013-10-16,2013-11-27,2013-10-21,1,10.19,54,5.9,15,0,88.5,Bon app',Laurence Lebihan,Owner,Marseille,France,Tourtière,16 pies,7.45,0,6,Meat & Poultry,Prepared meats,2013-10,22793.95,High Value
10332,MEREP,3,2013-10-17,2013-11-28,2013-10-21,2,52.84,18,50.0,40,0,2000.0,Mère Paillarde,Jean Fresnière,Marketing Assistant,Montréal,Canada,Carnarvon Tigers,16 kg pkg.,62.5,0,8,Seafood,Seaweed and fish,2013-10,32203.9,High Value
10332,MEREP,3,2013-10-17,2013-11-28,2013-10-21,2,52.84,42,11.2,10,0,112.0,Mère Paillarde,Jean Fresnière,Marketing Assistant,Montréal,Canada,Singaporean Hokkien Fried Mee,32 - 1 kg pkgs.,14.0,1,5,Grains & Cereals,"Breads, crackers, pasta, and cereal",2013-10,32203.9,High Value
10332,MEREP,3,2013-10-17,2013-11-28,2013-10-21,2,52.84,47,7.6,16,0,121.6,Mère Paillarde,Jean Fresnière,Marketing Assistant,Montréal,Canada,Zaanse koeken,10 - 4 oz boxes,9.5,0,3,Confections,"Desserts, candies, and sweet breads",2013-10,32203.9,High Value
10333,WARTH,5,2013-10-18,2013-11-15,2013-10-25,3,0.59,14,18.6,10,0,186.0,Wartian Herkku,Pirkko Koskitalo,Accounting Manager,Oulu,Finland,Tofu,40 - 100 g pkgs.,23.25,0,7,Produce,Dried fruit and bean curd,2013-10,16617.1,High Value
10333,WARTH,5,2013-10-18,2013-11-15,2013-10-25,3,0.59,21,8.0,10,0,80.0,Wartian Herkku,Pirkko Koskitalo,Accounting Manager,Oulu,Finland,Sir Rodney's Scones,24 pkgs. x 4 pieces,10.0,0,3,Confections,"Desserts, candies, and sweet breads",2013-10,16617.1,High Value
10333,WARTH,5,2013-10-18,2013-11-15,2013-10-25,3,0.59,71,17.2,40,0,688.0,Wartian Herkku,Pirkko Koskitalo,Accounting Manager,Oulu,Finland,Flotemysost,10 - 500 g pkgs.,21.5,0,4,Dairy Products,Cheeses,2013-10,16617.1,High Value
10334,VICTE,8,2013-10-21,2013-11-18,2013-10-28,2,8.56,52,5.6,8,0,44.8,Victuailles en stock,Mary Saveley,Sales Agent,Lyon,France,Filo Mix,16 - 2 kg boxes,7.0,0,5,Grains & Cereals,"Breads, crackers, pasta, and cereal",2013-10,9937.1,Medium Value
10334,VICTE,8,2013-10-21,2013-11-18,2013-10-28,2,8.56,68,10.0,10,0,100.0,Victuailles en stock,Mary Saveley,Sales Agent,Lyon,France,Scottish Longbreads,10 boxes x 8 pieces,12.5,0,3,Confections,"Desserts, candies, and sweet breads",2013-10,9937.1,Medium Value
10335,HUNGO,7,2013-10-22,2013-11-19,2013-10-24,2,42.11,2,15.2,7,0,106.39999999999999,Hungry Owl All-Night Grocers,Patricia McKenna,Sales Associate,Cork,Ireland,Chang,24 - 12 oz bottles,19.0,0,1,Beverages,"Soft drinks, coffees, teas, beers, and ales",2013-10,57317.39,High Value
10335,HUNGO,7,2013-10-22,2013-11-19,2013-10-24,2,42.11,31,10.0,25,0,250.0,Hungry Owl All-Night Grocers,Patricia McKenna,Sales Associate,Cork,Ireland,Gorgonzola Telino,12 - 100 g pkgs,12.5,0,4,Dairy Products,Cheeses,2013-10,57317.39,High Value
10335,HUNGO,7,2013-10-22,2013-11-19,2013-10-24,2,42.11,32,25.6,6,0,153.60000000000002,Hungry Owl All-Night Grocers,Patricia McKenna,Sales Associate,Cork,Ireland,Mascarpone Fabioli,24 - 200 g pkgs.,32.0,0,4,Dairy Products,Cheeses,2013-10,57317.39,High Value
10335,HUNGO,7,2013-10-22,2013-11-19,2013-10-24,2,42.11,51,42.4,48,0,2035.1999999999998,Hungry Owl All-Night Grocers,Patricia McKenna,Sales Associate,Cork,Ireland,Manjimup Dried Apples,50 - 300 g pkgs.,53.0,0,7,Produce,Dried fruit and bean curd,2013-10,57317.39,High Value
10336,PRINI,7,2013-10-23,2013-11-20,2013-10-25,2,15.51,4,17.6,18,0,316.8,Princesa Isabel Vinhos,Isabel de Castro,Sales Representative,Lisboa,Portugal,Chef Anton's Cajun Seasoning,48 - 6 oz jars,22.0,0,2,Condiments,"Sweet and savory sauces, relishes, spreads, and seasonings",2013-10,5317.1,Medium Value
10337,FRANK,4,2013-10-24,2013-11-21,2013-10-29,3,108.26,23,7.2,40,0,288.0,Frankenversand,Peter Franken,Marketing Manager,München,Germany,Tunnbröd,12 - 250 g pkgs.,9.0,0,5,Grains & Cereals,"Breads, crackers, pasta, and cereal",2013-10,28722.71,High Value
10337,FRANK,4,2013-10-24,2013-11-21,2013-10-29,3,108.26,26,24.9,24,0,597.5999999999999,Frankenversand,Peter Franken,Marketing Manager,München,Germany,Gumbär Gummibärchen,100 - 250 g bags,31.23,0,3,Confections,"Desserts, candies, and sweet breads",2013-10,28722.71,High Value
10337,FRANK,4,2013-10-24,2013-11-21,2013-10-29,3,108.26,36,15.2,20,0,304.0,Frankenversand,Peter Franken,Marketing Manager,München,Germany,Inlagd Sill,24 - 250 g  jars,19.0,0,8,Seafood,Seaweed and fish,2013-10,28722.71,High Value
10337,FRANK,4,2013-10-24,2013-11-21,2013-10-29,3,108.26,37,20.8,28,0,582.4,Frankenversand,Peter Franken,Marketing Manager,München,Germany,Gravad lax,12 - 500 g pkgs.,26.0,0,8,Seafood,Seaweed and fish,2013-10,28722.71,High Value
10337,FRANK,4,2013-10-24,2013-11-21,2013-10-29,3,108.26,72,27.8,25,0,695.0,Frankenversand,Peter Franken,Marketing Manager,München,Germany,Mozzarella di Giovanni,24 - 200 g pkgs.,34.8,0,4,Dairy Products,Cheeses,2013-10,28722.71,High Value
10338,OLDWO,4,2013-10-25,2013-11-22,2013-10-29,3,84.21,17,31.2,20,0,624.0,Old World Delicatessen,Rene Phillips,Sales Representative,Anchorage,USA,Alice Mutton,20 - 1 kg tins,39.0,1,6,Meat & Poultry,Prepared meats,2013-10,16325.15,High Value
10338,OLDWO,4,2013-10-25,2013-11-22,2013-10-29,3,84.21,30,20.7,15,0,310.5,Old World Delicatessen,Rene Phillips,Sales Representative,Anchorage,USA,Nord-Ost Matjeshering,10 - 200 g glasses,25.89,0,8,Seafood,Seaweed and fish,2013-10,16325.15,High Value
10339,MEREP,2,2013-10-28,2013-11-25,2013-11-04,2,15.66,4,17.6,10,0,176.0,Mère Paillarde,Jean Fresnière,Marketing Assistant,Montréal,Canada,Chef Anton's Cajun Seasoning,48 - 6 oz jars,22.0,0,2,Condiments,"Sweet and savory sauces, relishes, spreads, and seasonings",2013-10,32203.9,High Value
10339,MEREP,2,2013-10-28,2013-11-25,2013-11-04,2,15.66,17,31.2,70,0,2184.0,Mère Paillarde,Jean Fresnière,Marketing Assistant,Montréal,Canada,Alice Mutton,20 - 1 kg tins,39.0,1,6,Meat & Poultry,Prepared meats,2013-10,32203.9,High Value
10339,MEREP,2,2013-10-28,2013-11-25,2013-11-04,2,15.66,62,39.4,28,0,1103.2,Mère Paillarde,Jean Fresnière,Marketing Assistant,Montréal,Canada,Tarte au sucre,48 pies,49.3,0,3,Confections,"Desserts, candies, and sweet breads",2013-10,32203.9,High Value
10340,BONAP,1,2013-10-29,2013-11-26,2013-11-08,3,166.31,18,50.0,20,0,1000.0,Bon app',Laurence Lebihan,Owner,Marseille,France,Carnarvon Tigers,16 kg pkg.,62.5,0,8,Seafood,Seaweed and fish,2013-10,22793.95,High Value
10340,BONAP,1,2013-10-29,2013-11-26,2013-11-08,3,166.31,41,7.7,12,0,92.4,Bon app',Laurence Lebihan,Owner,Marseille,France,Jack's New England Clam Chowder,12 - 12 oz cans,9.65,0,8,Seafood,Seaweed and fish,2013-10,22793.95,High Value
10340,BONAP,1,2013-10-29,2013-11-26,2013-11-08,3,166.31,43,36.8,40,0,1472.0,Bon app',Laurence Lebihan,Owner,Marseille,France,Ipoh Coffee,16 - 500 g tins,46.0,0,1,Beverages,"Soft drinks, coffees, teas, beers, and ales",2013-10,22793.95,High Value
10341,SIMOB,7,2013-10-29,2013-11-26,2013-11-05,3,26.78,33,2.0,8,0,16.0,Simons bistro,Jytte Petersen,Owner,Kobenhavn,Denmark,Geitost,500 g,2.5,0,4,Dairy Products,Cheeses,2013-10,17894.15,High Value
10341,SIMOB,7,2013-10-29,2013-11-26,2013-11-05,3,26.78,59,44.0,9,0,396.0,Simons bistro,Jytte Petersen,Owner,Kobenhavn,Denmark,Raclette Courdavault,5 kg pkg.,55.0,0,4,Dairy Products,Cheeses,2013-10,17894.15,High Value
10342,FRANK,4,2013-10-30,2013-11-13,2013-11-04,2,54.83,2,15.2,24,0,364.79999999999995,Frankenversand,Peter Franken,Marketing Manager,München,Germany,Chang,24 - 12 oz bottles,19.0,0,1,Beverages,"Soft drinks, coffees, teas, beers, and ales",2013-10,28722.71,High Value
10342,FRANK,4,2013-10-30,2013-11-13,2013-11-04,2,54.83,31,10.0,56,0,560.0,Frankenversand,Peter Franken,Marketing Manager,München,Germany,Gorgonzola Telino,12 - 100 g pkgs,12.5,0,4,Dairy Products,Cheeses,2013-10,28722.71,High Value
10342,FRANK,4,2013-10-30,2013-11-13,2013-11-04,2,54.83,36,15.2,40,0,608.0,Frankenversand,Peter Franken,Marketing Manager,München,Germany,Inlagd Sill,24 - 250 g  jars,19.0,0,8,Seafood,Seaweed and fish,2013-10,28722.71,High Value
10342,FRANK,4,2013-10-30,2013-11-13,2013-11-04,2,54.83,55,19.2,40,0,768.0,Frankenversand,Peter Franken,Marketing Manager,München,Germany,Pâté chinois,24 boxes x 2 pies,24.0,0,6,Meat & Poultry,Prepared meats,2013-10,28722.71,High Value
10343,LEHMS,4,2013-10-31,2013-11-28,2013-11-06,1,110.37,64,26.6,50,0,1330.0,Lehmanns Marktstand,Renate Messner,Sales Representative,Frankfurt a.M.,Germany,Wimmers gute Semmelknödel,20 bags x 4 pieces,33.25,0,5,Grains & Cereals,"Breads, crackers, pasta, and cereal",2013-10,19408.52,High Value
10343,LEHMS,4,2013-10-31,2013-11-28,2013-11-06,1,110.37,68,10.0,4,0,40.0,Lehmanns Marktstand,Renate Messner,Sales Representative,Frankfurt a.M.,Germany,Scottish Longbreads,10 boxes x 8 pieces,12.5,0,3,Confections,"Desserts, candies, and sweet breads",2013-10,19408.52,High Value
10343,LEHMS,4,2013-10-31,2013-11-28,2013-11-06,1,110.37,76,14.4,15,0,216.0,Lehmanns Marktstand,Renate Messner,Sales Representative,Frankfurt a.M.,Germany,Lakkaliköri,500 ml,18.0,0,1,Beverages,"Soft drinks, coffees, teas, beers, and ales",2013-10,19408.52,High Value
10344,WHITC,4,2013-11-01,2013-11-29,2013-11-05,2,23.29,4,17.6,35,0,616.0,White Clover Markets,Karl Jablonski,Owner,Seattle,USA,Chef Anton's Cajun Seasoning,48 - 6 oz jars,22.0,0,2,Condiments,"Sweet and savory sauces, relishes, spreads, and seasonings",2013-11,29073.45,High Value
10344,WHITC,4,2013-11-01,2013-11-29,2013-11-05,2,23.29,8,32.0,70,0,2240.0,White Clover Markets,Karl Jablonski,Owner,Seattle,USA,Northwoods Cranberry Sauce,12 - 12 oz jars,40.0,0,2,Condiments,"Sweet and savory sauces, relishes, spreads, and seasonings",2013-11,29073.45,High Value
10345,QUICK,2,2013-11-04,2013-12-02,2013-11-11,2,249.06,8,32.0,70,0,2240.0,QUICK-Stop,Horst Kloss,Accounting Manager,Cunewalde,Germany,Northwoods Cranberry Sauce,12 - 12 oz jars,40.0,0,2,Condiments,"Sweet and savory sauces, relishes, spreads, and seasonings",2013-11,117483.39,High Value
10345,QUICK,2,2013-11-04,2013-12-02,2013-11-11,2,249.06,19,7.3,80,0,584.0,QUICK-Stop,Horst Kloss,Accounting Manager,Cunewalde,Germany,Teatime Chocolate Biscuits,10 boxes x 12 pieces,9.2,0,3,Confections,"Desserts, candies, and sweet breads",2013-11,117483.39,High Value
10345,QUICK,2,2013-11-04,2013-12-02,2013-11-11,2,249.06,42,11.2,9,0,100.8,QUICK-Stop,Horst Kloss,Accounting Manager,Cunewalde,Germany,Singaporean Hokkien Fried Mee,32 - 1 kg pkgs.,14.0,1,5,Grains & Cereals,"Breads, crackers, pasta, and cereal",2013-11,117483.39,High Value
10346,RATTC,3,2013-11-05,2013-12-17,2013-11-08,3,142.08,17,31.2,36,0,1123.2,Rattlesnake Canyon Grocery,Paula Wilson,Assistant Sales Representative,Albuquerque,USA,Alice Mutton,20 - 1 kg tins,39.0,1,6,Meat & Poultry,Prepared meats,2013-11,50871.3,High Value
10346,RATTC,3,2013-11-05,2013-12-17,2013-11-08,3,142.08,56,30.4,20,0,608.0,Rattlesnake Canyon Grocery,Paula Wilson,Assistant Sales Representative,Albuquerque,USA,Gnocchi di nonna Alice,24 - 250 g pkgs.,38.0,0,5,Grains & Cereals,"Breads, crackers, pasta, and cereal",2013-11,50871.3,High Value
10347,FAMIA,4,2013-11-06,2013-12-04,2013-11-08,3,3.1,25,11.2,10,0,112.0,Familia Arquibaldo,Aria Cruz,Marketing Assistant,Sao Paulo,Brazil,NuNuCa Nuß-Nougat-Creme,20 - 450 g glasses,14.0,0,3,Confections,"Desserts, candies, and sweet breads",2013-11,4438.9,Low Value
10347,FAMIA,4,2013-11-06,2013-12-04,2013-11-08,3,3.1,39,14.4,50,0,720.0,Familia Arquibaldo,Aria Cruz,Marketing Assistant,Sao Paulo,Brazil,Chartreuse verte,750 cc per bottle,18.0,0,1,Beverages,"Soft drinks, coffees, teas, beers, and ales",2013-11,4438.9,Low Value
10347,FAMIA,4,2013-11-06,2013-12-04,2013-11-08,3,3.1,40,14.7,4,0,58.8,Familia Arquibaldo,Aria Cruz,Marketing Assistant,Sao Paulo,Brazil,Boston Crab Meat,24 - 4 oz tins,18.4,0,8,Seafood,Seaweed and fish,2013-11,4438.9,Low Value
10347,FAMIA,4,2013-11-06,2013-12-04,2013-11-08,3,3.1,75,6.2,6,0,37.2,Familia Arquibaldo,Aria Cruz,Marketing Assistant,Sao Paulo,Brazil,Rhönbräu Klosterbier,24 - 0.5 l bottles,7.75,0,1,Beverages,"Soft drinks, coffees, teas, beers, and ales",2013-11,4438.9,Low Value
10348,WANDK,4,2013-11-07,2013-12-05,2013-11-15,2,0.78,1,14.4,15,0,216.0,Die Wandernde Kuh,Rita Müller,Sales Representative,Stuttgart,Germany,Chai,10 boxes x 20 bags,18.0,0,1,Beverages,"Soft drinks, coffees, teas, beers, and ales",2013-11,10653.85,High Value
10348,WANDK,4,2013-11-07,2013-12-05,2013-11-15,2,0.78,23,7.2,25,0,180.0,Die Wandernde Kuh,Rita Müller,Sales Representative,Stuttgart,Germany,Tunnbröd,12 - 250 g pkgs.,9.0,0,5,Grains & Cereals,"Breads, crackers, pasta, and cereal",2013-11,10653.85,High Value
10349,SPLIR,7,2013-11-08,2013-12-06,2013-11-15,1,8.63,54,5.9,24,0,141.60000000000002,Split Rail Beer & Ale,Art Braunschweiger,Sales Manager,Lander,USA,Tourtière,16 pies,7.45,0,6,Meat & Poultry,Prepared meats,2013-11,12489.7,High Value
10350,LAMAI,6,2013-11-11,2013-12-09,2013-12-03,2,64.19,50,13.0,15,0,195.0,La maison d'Asie,Annette Roulet,Sales Manager,Toulouse,France,Valkoinen suklaa,12 - 100 g bars,16.25,0,3,Confections,"Desserts, candies, and sweet breads",2013-11,10227.35,High Value
10350,LAMAI,6,2013-11-11,2013-12-09,2013-12-03,2,64.19,69,28.8,18,0,518.4,La maison d'Asie,Annette Roulet,Sales Manager,Toulouse,France,Gudbrandsdalsost,10 kg pkg.,36.0,0,4,Dairy Products,Cheeses,2013-11,10227.35,High Value
10351,ERNSH,1,2013-11-11,2013-12-09,2013-11-20,1,162.33,38,210.8,20,0,4216.0,Ernst Handel,Roland Mendel,Sales Manager,Graz,Austria,Côte de Blaye,12 - 75 cl bottles,263.5,0,1,Beverages,"Soft drinks, coffees, teas, beers, and ales",2013-11,103115.18,High Value
10351,ERNSH,1,2013-11-11,2013-12-09,2013-11-20,1,162.33,41,7.7,13,0,100.10000000000001,Ernst Handel,Roland Mendel,Sales Manager,Graz,Austria,Jack's New England Clam Chowder,12 - 12 oz cans,9.65,0,8,Seafood,Seaweed and fish,2013-11,103115.18,High Value
10351,ERNSH,1,2013-11-11,2013-12-09,2013-11-20,1,162.33,44,15.5,77,0,1193.5,Ernst Handel,Roland Mendel,Sales Manager,Graz,Austria,Gula Malacca,20 - 2 kg bags,19.45,0,2,Condiments,"Sweet and savory sauces, relishes, spreads, and seasonings",2013-11,103115.18,High Value
10351,ERNSH,1,2013-11-11,2013-12-09,2013-11-20,1,162.33,65,16.8,10,0,168.0,Ernst Handel,Roland Mendel,Sales Manager,Graz,Austria,Louisiana Fiery Hot Pepper Sauce,32 - 8 oz bottles,21.05,0,2,Condiments,"Sweet and savory sauces, relishes, spreads, and seasonings",2013-11,103115.18,High Value
10352,FURIB,3,2013-11-12,2013-11-26,2013-11-18,3,1.3,24,3.6,10,0,36.0,Furia Bacalhau e Frutos do Mar,Lino Rodriguez,Sales Manager,Lisboa,Portugal,Guarana Fantastica,12 - 355 ml cans,4.5,1,1,Beverages,"Soft drinks, coffees, teas, beers, and ales",2013-11,7151.55,Medium Value
10352,FURIB,3,2013-11-12,2013-11-26,2013-11-18,3,1.3,54,5.9,20,0,118.0,Furia Bacalhau e Frutos do Mar,Lino Rodriguez,Sales Manager,Lisboa,Portugal,Tourtière,16 pies,7.45,0,6,Meat & Poultry,Prepared meats,2013-11,7151.55,Medium Value
10353,PICCO,7,2013-11-13,2013-12-11,2013-11-25,3,360.63,11,16.8,12,0,201.60000000000002,Piccolo und mehr,Georg Pipps,Sales Manager,Salzburg,Austria,Queso Cabrales,1 kg pkg.,21.0,0,4,Dairy Products,Cheeses,2013-11,26259.95,High Value
10353,PICCO,7,2013-11-13,2013-12-11,2013-11-25,3,360.63,38,210.8,50,0,10540.0,Piccolo und mehr,Georg Pipps,Sales Manager,Salzburg,Austria,Côte de Blaye,12 - 75 cl bottles,263.5,0,1,Beverages,"Soft drinks, coffees, teas, beers, and ales",2013-11,26259.95,High Value
10354,PERIC,8,2013-11-14,2013-12-12,2013-11-20,3,53.8,1,14.4,12,0,172.8,Pericles Comidas clásicas,Guillermo Fernández,Sales Representative,Mexico City,Mexico,Chai,10 boxes x 20 bags,18.0,0,1,Beverages,"Soft drinks, coffees, teas, beers, and ales",2013-11,3942.2,Low Value
10354,PERIC,8,2013-11-14,2013-12-12,2013-11-20,3,53.8,29,99.0,4,0,396.0,Pericles Comidas clásicas,Guillermo Fernández,Sales Representative,Mexico City,Mexico,Thüringer Rostbratwurst,50 bags x 30 sausgs.,123.79,1,6,Meat & Poultry,Prepared meats,2013-11,3942.2,Low Value
10355,AROUT,6,2013-11-15,2013-12-13,2013-11-20,1,41.95,24,3.6,25,0,90.0,Around the Horn,Thomas Hardy,Sales Representative,London,UK,Guarana Fantastica,12 - 355 ml cans,4.5,1,1,Beverages,"Soft drinks, coffees, teas, beers, and ales",2013-11,13806.5,High Value
10355,AROUT,6,2013-11-15,2013-12-13,2013-11-20,1,41.95,57,15.6,25,0,390.0,Around the Horn,Thomas Hardy,Sales Representative,London,UK,Ravioli Angelo,24 - 250 g pkgs.,19.5,0,5,Grains & Cereals,"Breads, crackers, pasta, and cereal",2013-11,13806.5,High Value
10356,WANDK,6,2013-11-18,2013-12-16,2013-11-27,2,36.71,31,10.0,30,0,300.0,Die Wandernde Kuh,Rita Müller,Sales Representative,Stuttgart,Germany,Gorgonzola Telino,12 - 100 g pkgs,12.5,0,4,Dairy Products,Cheeses,2013-11,10653.85,High Value
10356,WANDK,6,2013-11-18,2013-12-16,2013-11-27,2,36.71,55,19.2,12,0,230.39999999999998,Die Wandernde Kuh,Rita Müller,Sales Representative,Stuttgart,Germany,Pâté chinois,24 boxes x 2 pies,24.0,0,6,Meat & Poultry,Prepared meats,2013-11,10653.85,High Value
10356,WANDK,6,2013-11-18,2013-12-16,2013-11-27,2,36.71,69,28.8,20,0,576.0,Die Wandernde Kuh,Rita Müller,Sales Representative,Stuttgart,Germany,Gudbrandsdalsost,10 kg pkg.,36.0,0,4,Dairy Products,Cheeses,2013-11,10653.85,High Value
10357,LILAS,1,2013-11-19,2013-12-17,2013-12-02,3,34.88,10,24.8,30,0,744.0,LILA-Supermercado,Carlos González,Accounting Manager,Barquisimeto,Venezuela,Ikura,12 - 200 ml jars,31.0,0,8,Seafood,Seaweed and fish,2013-11,17062.5,High Value
10357,LILAS,1,2013-11-19,2013-12-17,2013-12-02,3,34.88,26,24.9,16,0,398.4,LILA-Supermercado,Carlos González,Accounting Manager,Barquisimeto,Venezuela,Gumbär Gummibärchen,100 - 250 g bags,31.23,0,3,Confections,"Desserts, candies, and sweet breads",2013-11,17062.5,High Value
10357,LILAS,1,2013-11-19,2013-12-17,2013-12-02,3,34.88,60,27.2,8,0,217.6,LILA-Supermercado,Carlos González,Accounting Manager,Barquisimeto,Venezuela,Camembert Pierrot,15 - 300 g rounds,34.0,0,4,Dairy Products,Cheeses,2013-11,17062.5,High Value
10358,LAMAI,5,2013-11-20,2013-12-18,2013-11-27,1,19.64,24,3.6,10,0,36.0,La maison d'Asie,Annette Roulet,Sales Manager,Toulouse,France,Guarana Fantastica,12 - 355 ml cans,4.5,1,1,Beverages,"Soft drinks, coffees, teas, beers, and ales",2013-11,10227.35,High Value
10358,LAMAI,5,2013-11-20,2013-12-18,2013-11-27,1,19.64,34,11.2,10,0,112.0,La maison d'Asie,Annette Roulet,Sales Manager,Toulouse,France,Sasquatch Ale,24 - 12 oz bottles,14.0,0,1,Beverages,"Soft drinks, coffees, teas, beers, and ales",2013-11,10227.35,High Value
10358,LAMAI,5,2013-11-20,2013-12-18,2013-11-27,1,19.64,36,15.2,20,0,304.0,La maison d'Asie,Annette Roulet,Sales Manager,Toulouse,France,Inlagd Sill,24 - 250 g  jars,19.0,0,8,Seafood,Seaweed and fish,2013-11,10227.35,High Value
10359,SEVES,5,2013-11-21,2013-12-19,2013-11-26,3,288.43,16,13.9,56,0,778.4,Seven Seas Imports,Hari Kumar,Sales Manager,London,UK,Pavlova,32 - 500 g boxes,17.45,0,3,Confections,"Desserts, candies, and sweet breads",2013-11,17172.05,High Value
10359,SEVES,5,2013-11-21,2013-12-19,2013-11-26,3,288.43,31,10.0,70,0,700.0,Seven Seas Imports,Hari Kumar,Sales Manager,London,UK,Gorgonzola Telino,12 - 100 g pkgs,12.5,0,4,Dairy Products,Cheeses,2013-11,17172.05,High Value
10359,SEVES,5,2013-11-21,2013-12-19,2013-11-26,3,288.43,60,27.2,80,0,2176.0,Seven Seas Imports,Hari Kumar,Sales Manager,London,UK,Camembert Pierrot,15 - 300 g rounds,34.0,0,4,Dairy Products,Cheeses,2013-11,17172.05,High Value
10360,BLONP,4,2013-11-22,2013-12-20,2013-12-02,3,131.7,28,36.4,30,0,1092.0,Blondesddsl père et fils,Frédérique Citeaux,Marketing Manager,Strasbourg,France,Rössle Sauerkraut,25 - 825 g cans,45.6,1,7,Produce,Dried fruit and bean curd,2013-11,19088.0,High Value
10360,BLONP,4,2013-11-22,2013-12-20,2013-12-02,3,131.7,29,99.0,35,0,3465.0,Blondesddsl père et fils,Frédérique Citeaux,Marketing Manager,Strasbourg,France,Thüringer Rostbratwurst,50 bags x 30 sausgs.,123.79,1,6,Meat & Poultry,Prepared meats,2013-11,19088.0,High Value
10360,BLONP,4,2013-11-22,2013-12-20,2013-12-02,3,131.7,38,210.8,10,0,2108.0,Blondesddsl père et fils,Frédérique Citeaux,Marketing Manager,Strasbourg,France,Côte de Blaye,12 - 75 cl bottles,263.5,0,1,Beverages,"Soft drinks, coffees, teas, beers, and ales",2013-11,19088.0,High Value
10360,BLONP,4,2013-11-22,2013-12-20,2013-12-02,3,131.7,49,16.0,35,0,560.0,Blondesddsl père et fils,Frédérique Citeaux,Marketing Manager,Strasbourg,France,Maxilaku,24 - 50 g pkgs.,20.0,0,3,Confections,"Desserts, candies, and sweet breads",2013-11,19088.0,High Value
10360,BLONP,4,2013-11-22,2013-12-20,2013-12-02,3,131.7,54,5.9,28,0,165.20000000000002,Blondesddsl père et fils,Frédérique Citeaux,Marketing Manager,Strasbourg,France,Tourtière,16 pies,7.45,0,6,Meat & Poultry,Prepared meats,2013-11,19088.0,High Value
10361,QUICK,1,2013-11-22,2013-12-20,2013-12-03,2,183.17,39,14.4,54,0,777.6,QUICK-Stop,Horst Kloss,Accounting Manager,Cunewalde,Germany,Chartreuse verte,750 cc per bottle,18.0,0,1,Beverages,"Soft drinks, coffees, teas, beers, and ales",2013-11,117483.39,High Value
10361,QUICK,1,2013-11-22,2013-12-20,2013-12-03,2,183.17,60,27.2,55,0,1496.0,QUICK-Stop,Horst Kloss,Accounting Manager,Cunewalde,Germany,Camembert Pierrot,15 - 300 g rounds,34.0,0,4,Dairy Products,Cheeses,2013-11,117483.39,High Value
10362,BONAP,3,2013-11-25,2013-12-23,2013-11-28,1,96.04,25,11.2,50,0,560.0,Bon app',Laurence Lebihan,Owner,Marseille,France,NuNuCa Nuß-Nougat-Creme,20 - 450 g glasses,14.0,0,3,Confections,"Desserts, candies, and sweet breads",2013-11,22793.95,High Value
10362,BONAP,3,2013-11-25,2013-12-23,2013-11-28,1,96.04,51,42.4,20,0,848.0,Bon app',Laurence Lebihan,Owner,Marseille,France,Manjimup Dried Apples,50 - 300 g pkgs.,53.0,0,7,Produce,Dried fruit and bean curd,2013-11,22793.95,High Value
10362,BONAP,3,2013-11-25,2013-12-23,2013-11-28,1,96.04,54,5.9,24,0,141.60000000000002,Bon app',Laurence Lebihan,Owner,Marseille,France,Tourtière,16 pies,7.45,0,6,Meat & Poultry,Prepared meats,2013-11,22793.95,High Value
10363,DRACD,4,2013-11-26,2013-12-24,2013-12-04,3,30.54,31,10.0,20,0,200.0,Drachenblut Delikatessen,Sven Ottlieb,Order Administrator,Aachen,Germany,Gorgonzola Telino,12 - 100 g pkgs,12.5,0,4,Dairy Products,Cheeses,2013-11,3763.21,Low Value
10363,DRACD,4,2013-11-26,2013-12-24,2013-12-04,3,30.54,75,6.2,12,0,74.4,Drachenblut Delikatessen,Sven Ottlieb,Order Administrator,Aachen,Germany,Rhönbräu Klosterbier,24 - 0.5 l bottles,7.75,0,1,Beverages,"Soft drinks, coffees, teas, beers, and ales",2013-11,3763.21,Low Value
10363,DRACD,4,2013-11-26,2013-12-24,2013-12-04,3,30.54,76,14.4,12,0,172.8,Drachenblut Delikatessen,Sven Ottlieb,Order Administrator,Aachen,Germany,Lakkaliköri,500 ml,18.0,0,1,Beverages,"Soft drinks, coffees, teas, beers, and ales",2013-11,3763.21,Low Value
10364,EASTC,1,2013-11-26,2014-01-07,2013-12-04,1,71.97,69,28.8,30,0,864.0,Eastern Connection,Ann Devon,Sales Agent,London,UK,Gudbrandsdalsost,10 kg pkg.,36.0,0,4,Dairy Products,Cheeses,2013-11,15033.66,High Value
10364,EASTC,1,2013-11-26,2014-01-07,2013-12-04,1,71.97,71,17.2,5,0,86.0,Eastern Connection,Ann Devon,Sales Agent,London,UK,Flotemysost,10 - 500 g pkgs.,21.5,0,4,Dairy Products,Cheeses,2013-11,15033.66,High Value
10365,ANTON,3,2013-11-27,2013-12-25,2013-12-02,2,22.0,11,16.8,24,0,403.20000000000005,Antonio Moreno Taquería,Antonio Moreno,Owner,Mexico City,Mexico,Queso Cabrales,1 kg pkg.,21.0,0,4,Dairy Products,Cheeses,2013-11,7515.35,Medium Value
10366,GALED,8,2013-11-28,2014-01-09,2013-12-30,2,10.14,65,16.8,5,0,84.0,Galería del gastrónomo,Eduardo Saavedra,Marketing Manager,Barcelona,Spain,Louisiana Fiery Hot Pepper Sauce,32 - 8 oz bottles,21.05,0,2,Condiments,"Sweet and savory sauces, relishes, spreads, and seasonings",2013-11,836.7,Low Value
10366,GALED,8,2013-11-28,2014-01-09,2013-12-30,2,10.14,77,10.4,5,0,52.0,Galería del gastrónomo,Eduardo Saavedra,Marketing Manager,Barcelona,Spain,Original Frankfurter Grüne Soße,12 boxes,13.0,0,2,Condiments,"Sweet and savory sauces, relishes, spreads, and seasonings",2013-11,836.7,Low Value
10367,VAFFE,7,2013-11-28,2013-12-26,2013-12-02,3,13.55,34,11.2,36,0,403.2,Vaffeljernet,Palle Ibsen,Sales Manager,Århus,Denmark,Sasquatch Ale,24 - 12 oz bottles,14.0,0,1,Beverages,"Soft drinks, coffees, teas, beers, and ales",2013-11,16643.8,High Value
10367,VAFFE,7,2013-11-28,2013-12-26,2013-12-02,3,13.55,54,5.9,18,0,106.2,Vaffeljernet,Palle Ibsen,Sales Manager,Århus,Denmark,Tourtière,16 pies,7.45,0,6,Meat & Poultry,Prepared meats,2013-11,16643.8,High Value
10367,VAFFE,7,2013-11-28,2013-12-26,2013-12-02,3,13.55,65,16.8,15,0,252.0,Vaffeljernet,Palle Ibsen,Sales Manager,Århus,Denmark,Louisiana Fiery Hot Pepper Sauce,32 - 8 oz bottles,21.05,0,2,Condiments,"Sweet and savory sauces, relishes, spreads, and seasonings",2013-11,16643.8,High Value
10367,VAFFE,7,2013-11-28,2013-12-26,2013-12-02,3,13.55,77,10.4,7,0,72.8,Vaffeljernet,Palle Ibsen,Sales Manager,Århus,Denmark,Original Frankfurter Grüne Soße,12 boxes,13.0,0,2,Condiments,"Sweet and savory sauces, relishes, spreads, and seasonings",2013-11,16643.8,High Value
10368,ERNSH,2,2013-11-29,2013-12-27,2013-12-02,2,101.95,21,8.0,5,0,40.0,Ernst Handel,Roland Mendel,Sales Manager,Graz,Austria,Sir Rodney's Scones,24 pkgs. x 4 pieces,10.0,0,3,Confections,"Desserts, candies, and sweet breads",2013-11,103115.18,High Value
10368,ERNSH,2,2013-11-29,2013-12-27,2013-12-02,2,101.95,28,36.4,13,0,473.2,Ernst Handel,Roland Mendel,Sales Manager,Graz,Austria,Rössle Sauerkraut,25 - 825 g cans,45.6,1,7,Produce,Dried fruit and bean curd,2013-11,103115.18,High Value
10368,ERNSH,2,2013-11-29,2013-12-27,2013-12-02,2,101.95,57,15.6,25,0,390.0,Ernst Handel,Roland Mendel,Sales Manager,Graz,Austria,Ravioli Angelo,24 - 250 g pkgs.,19.5,0,5,Grains & Cereals,"Breads, crackers, pasta, and cereal",2013-11,103115.18,High Value
10368,ERNSH,2,2013-11-29,2013-12-27,2013-12-02,2,101.95,64,26.6,35,0,931.0,Ernst Handel,Roland Mendel,Sales Manager,Graz,Austria,Wimmers gute Semmelknödel,20 bags x 4 pieces,33.25,0,5,Grains & Cereals,"Breads, crackers, pasta, and cereal",2013-11,103115.18,High Value
10369,SPLIR,8,2013-12-02,2013-12-30,2013-12-09,2,195.68,29,99.0,20,0,1980.0,Split Rail Beer & Ale,Art Braunschweiger,Sales Manager,Lander,USA,Thüringer Rostbratwurst,50 bags x 30 sausgs.,123.79,1,6,Meat & Poultry,Prepared meats,2013-12,12489.7,High Value
10369,SPLIR,8,2013-12-02,2013-12-30,2013-12-09,2,195.68,56,30.4,18,0,547.1999999999999,Split Rail Beer & Ale,Art Braunschweiger,Sales Manager,Lander,USA,Gnocchi di nonna Alice,24 - 250 g pkgs.,38.0,0,5,Grains & Cereals,"Breads, crackers, pasta, and cereal",2013-12,12489.7,High Value
10370,CHOPS,6,2013-12-03,2013-12-31,2013-12-27,2,1.17,1,14.4,15,0,216.0,Chop-suey Chinese,Yang Wang,Owner,Bern,Switzerland,Chai,10 boxes x 20 bags,18.0,0,1,Beverages,"Soft drinks, coffees, teas, beers, and ales",2013-12,12886.3,High Value
10370,CHOPS,6,2013-12-03,2013-12-31,2013-12-27,2,1.17,64,26.6,30,0,798.0,Chop-suey Chinese,Yang Wang,Owner,Bern,Switzerland,Wimmers gute Semmelknödel,20 bags x 4 pieces,33.25,0,5,Grains & Cereals,"Breads, crackers, pasta, and cereal",2013-12,12886.3,High Value
10370,CHOPS,6,2013-12-03,2013-12-31,2013-12-27,2,1.17,74,8.0,20,0,160.0,Chop-suey Chinese,Yang Wang,Owner,Bern,Switzerland,Longlife Tofu,5 kg pkg.,10.0,0,7,Produce,Dried fruit and bean curd,2013-12,12886.3,High Value
10371,LAMAI,1,2013-12-03,2013-12-31,2013-12-24,1,0.45,36,15.2,6,0,91.19999999999999,La maison d'Asie,Annette Roulet,Sales Manager,Toulouse,France,Inlagd Sill,24 - 250 g  jars,19.0,0,8,Seafood,Seaweed and fish,2013-12,10227.35,High Value
10372,QUEEN,5,2013-12-04,2014-01-01,2013-12-09,2,890.78,20,64.8,12,0,777.5999999999999,Queen Cozinha,Lúcia Carvalho,Marketing Assistant,Sao Paulo,Brazil,Sir Rodney's Marmalade,30 gift boxes,81.0,0,3,Confections,"Desserts, candies, and sweet breads",2013-12,27841.3,High Value
10372,QUEEN,5,2013-12-04,2014-01-01,2013-12-09,2,890.78,38,210.8,40,0,8432.0,Queen Cozinha,Lúcia Carvalho,Marketing Assistant,Sao Paulo,Brazil,Côte de Blaye,12 - 75 cl bottles,263.5,0,1,Beverages,"Soft drinks, coffees, teas, beers, and ales",2013-12,27841.3,High Value
10372,QUEEN,5,2013-12-04,2014-01-01,2013-12-09,2,890.78,60,27.2,70,0,1904.0,Queen Cozinha,Lúcia Carvalho,Marketing Assistant,Sao Paulo,Brazil,Camembert Pierrot,15 - 300 g rounds,34.0,0,4,Dairy Products,Cheeses,2013-12,27841.3,High Value
10372,QUEEN,5,2013-12-04,2014-01-01,2013-12-09,2,890.78,72,27.8,42,0,1167.6000000000001,Queen Cozinha,Lúcia Carvalho,Marketing Assistant,Sao Paulo,Brazil,Mozzarella di Giovanni,24 - 200 g pkgs.,34.8,0,4,Dairy Products,Cheeses,2013-12,27841.3,High Value
10373,HUNGO,4,2013-12-05,2014-01-02,2013-12-11,3,124.12,58,10.6,80,0,848.0,Hungry Owl All-Night Grocers,Patricia McKenna,Sales Associate,Cork,Ireland,Escargots de Bourgogne,24 pieces,13.25,0,8,Seafood,Seaweed and fish,2013-12,57317.39,High Value
10373,HUNGO,4,2013-12-05,2014-01-02,2013-12-11,3,124.12,71,17.2,50,0,860.0,Hungry Owl All-Night Grocers,Patricia McKenna,Sales Associate,Cork,Ireland,Flotemysost,10 - 500 g pkgs.,21.5,0,4,Dairy Products,Cheeses,2013-12,57317.39,High Value
10374,WOLZA,1,2013-12-05,2014-01-02,2013-12-09,3,3.94,31,10.0,30,0,300.0,Wolski  Zajazd,Zbyszek Piestrzeniewicz,Owner,Warszawa,Poland,Gorgonzola Telino,12 - 100 g pkgs,12.5,0,4,Dairy Products,Cheeses,2013-12,3531.95,Low Value
10374,WOLZA,1,2013-12-05,2014-01-02,2013-12-09,3,3.94,58,10.6,15,0,159.0,Wolski  Zajazd,Zbyszek Piestrzeniewicz,Owner,Warszawa,Poland,Escargots de Bourgogne,24 pieces,13.25,0,8,Seafood,Seaweed and fish,2013-12,3531.95,Low Value
10375,HUNGC,3,2013-12-06,2014-01-03,2013-12-09,2,20.12,14,18.6,15,0,279.0,Hungry Coyote Import Store,Yoshi Latimer,Sales Representative,Elgin,USA,Tofu,40 - 100 g pkgs.,23.25,0,7,Produce,Dried fruit and bean curd,2013-12,3063.2,Low Value
10375,HUNGC,3,2013-12-06,2014-01-03,2013-12-09,2,20.12,54,5.9,10,0,59.0,Hungry Coyote Import Store,Yoshi Latimer,Sales Representative,Elgin,USA,Tourtière,16 pies,7.45,0,6,Meat & Poultry,Prepared meats,2013-12,3063.2,Low Value
10376,MEREP,1,2013-12-09,2014-01-06,2013-12-13,2,20.39,31,10.0,42,0,420.0,Mère Paillarde,Jean Fresnière,Marketing Assistant,Montréal,Canada,Gorgonzola Telino,12 - 100 g pkgs,12.5,0,4,Dairy Products,Cheeses,2013-12,32203.9,High Value
10377,SEVES,1,2013-12-09,2014-01-06,2013-12-13,3,22.21,28,36.4,20,0,728.0,Seven Seas Imports,Hari Kumar,Sales Manager,London,UK,Rössle Sauerkraut,25 - 825 g cans,45.6,1,7,Produce,Dried fruit and bean curd,2013-12,17172.05,High Value
10377,SEVES,1,2013-12-09,2014-01-06,2013-12-13,3,22.21,39,14.4,20,0,288.0,Seven Seas Imports,Hari Kumar,Sales Manager,London,UK,Chartreuse verte,750 cc per bottle,18.0,0,1,Beverages,"Soft drinks, coffees, teas, beers, and ales",2013-12,17172.05,High Value
10378,FOLKO,5,2013-12-10,2014-01-07,2013-12-19,3,5.44,71,17.2,6,0,103.19999999999999,Folk och fä HB,Maria Larsson,Owner,Bräcke,Sweden,Flotemysost,10 - 500 g pkgs.,21.5,0,4,Dairy Products,Cheeses,2013-12,32555.55,High Value
10379,QUEDE,2,2013-12-11,2014-01-08,2013-12-13,1,45.03,41,7.7,8,0,61.6,Que Delícia,Bernardo Batista,Accounting Manager,Rio de Janeiro,Brazil,Jack's New England Clam Chowder,12 - 12 oz cans,9.65,0,8,Seafood,Seaweed and fish,2013-12,6973.63,Medium Value
10379,QUEDE,2,2013-12-11,2014-01-08,2013-12-13,1,45.03,63,35.1,16,0,561.6,Que Delícia,Bernardo Batista,Accounting Manager,Rio de Janeiro,Brazil,Vegie-spread,15 - 625 g jars,43.9,0,2,Condiments,"Sweet and savory sauces, relishes, spreads, and seasonings",2013-12,6973.63,Medium Value
10379,QUEDE,2,2013-12-11,2014-01-08,2013-12-13,1,45.03,65,16.8,20,0,336.0,Que Delícia,Bernardo Batista,Accounting Manager,Rio de Janeiro,Brazil,Louisiana Fiery Hot Pepper Sauce,32 - 8 oz bottles,21.05,0,2,Condiments,"Sweet and savory sauces, relishes, spreads, and seasonings",2013-12,6973.63,Medium Value
10380,HUNGO,8,2013-12-12,2014-01-09,2014-01-16,3,35.03,30,20.7,18,0,372.59999999999997,Hungry Owl All-Night Grocers,Patricia McKenna,Sales Associate,Cork,Ireland,Nord-Ost Matjeshering,10 - 200 g glasses,25.89,0,8,Seafood,Seaweed and fish,2013-12,57317.39,High Value
10380,HUNGO,8,2013-12-12,2014-01-09,2014-01-16,3,35.03,53,26.2,20,0,524.0,Hungry Owl All-Night Grocers,Patricia McKenna,Sales Associate,Cork,Ireland,Perth Pasties,48 pieces,32.8,1,6,Meat & Poultry,Prepared meats,2013-12,57317.39,High Value
10380,HUNGO,8,2013-12-12,2014-01-09,2014-01-16,3,35.03,60,27.2,6,0,163.2,Hungry Owl All-Night Grocers,Patricia McKenna,Sales Associate,Cork,Ireland,Camembert Pierrot,15 - 300 g rounds,34.0,0,4,Dairy Products,Cheeses,2013-12,57317.39,High Value
10380,HUNGO,8,2013-12-12,2014-01-09,2014-01-16,3,35.03,70,12.0,30,0,360.0,Hungry Owl All-Night Grocers,Patricia McKenna,Sales Associate,Cork,Ireland,Outback Lager,24 - 355 ml bottles,15.0,0,1,Beverages,"Soft drinks, coffees, teas, beers, and ales",2013-12,57317.39,High Value
10381,LILAS,3,2013-12-12,2014-01-09,2013-12-13,3,7.99,74,8.0,14,0,112.0,LILA-Supermercado,Carlos González,Accounting Manager,Barquisimeto,Venezuela,Longlife Tofu,5 kg pkg.,10.0,0,7,Produce,Dried fruit and bean curd,2013-12,17062.5,High Value
10382,ERNSH,4,2013-12-13,2014-01-10,2013-12-16,1,94.77,5,17.0,32,0,544.0,Ernst Handel,Roland Mendel,Sales Manager,Graz,Austria,Chef Anton's Gumbo Mix,36 boxes,21.35,1,2,Condiments,"Sweet and savory sauces, relishes, spreads, and seasonings",2013-12,103115.18,High Value
10382,ERNSH,4,2013-12-13,2014-01-10,2013-12-16,1,94.77,18,50.0,9,0,450.0,Ernst Handel,Roland Mendel,Sales Manager,Graz,Austria,Carnarvon Tigers,16 kg pkg.,62.5,0,8,Seafood,Seaweed and fish,2013-12,103115.18,High Value
10382,ERNSH,4,2013-12-13,2014-01-10,2013-12-16,1,94.77,29,99.0,14,0,1386.0,Ernst Handel,Roland Mendel,Sales Manager,Graz,Austria,Thüringer Rostbratwurst,50 bags x 30 sausgs.,123.79,1,6,Meat & Poultry,Prepared meats,2013-12,103115.18,High Value
10382,ERNSH,4,2013-12-13,2014-01-10,2013-12-16,1,94.77,33,2.0,60,0,120.0,Ernst Handel,Roland Mendel,Sales Manager,Graz,Austria,Geitost,500 g,2.5,0,4,Dairy Products,Cheeses,2013-12,103115.18,High Value
10382,ERNSH,4,2013-12-13,2014-01-10,2013-12-16,1,94.77,74,8.0,50,0,400.0,Ernst Handel,Roland Mendel,Sales Manager,Graz,Austria,Longlife Tofu,5 kg pkg.,10.0,0,7,Produce,Dried fruit and bean curd,2013-12,103115.18,High Value
10383,AROUT,8,2013-12-16,2014-01-13,2013-12-18,3,34.24,13,4.8,20,0,96.0,Around the Horn,Thomas Hardy,Sales Representative,London,UK,Konbu,2 kg box,6.0,0,8,Seafood,Seaweed and fish,2013-12,13806.5,High Value
10383,AROUT,8,2013-12-16,2014-01-13,2013-12-18,3,34.24,50,13.0,15,0,195.0,Around the Horn,Thomas Hardy,Sales Representative,London,UK,Valkoinen suklaa,12 - 100 g bars,16.25,0,3,Confections,"Desserts, candies, and sweet breads",2013-12,13806.5,High Value
10383,AROUT,8,2013-12-16,2014-01-13,2013-12-18,3,34.24,56,30.4,20,0,608.0,Around the Horn,Thomas Hardy,Sales Representative,London,UK,Gnocchi di nonna Alice,24 - 250 g pkgs.,38.0,0,5,Grains & Cereals,"Breads, crackers, pasta, and cereal",2013-12,13806.5,High Value
10384,BERGS,3,2013-12-16,2014-01-13,2013-12-20,3,168.64,20,64.8,28,0,1814.3999999999999,Berglunds snabbköp,Christina Berglund,Order Administrator,Luleå,Sweden,Sir Rodney's Marmalade,30 gift boxes,81.0,0,3,Confections,"Desserts, candies, and sweet breads",2013-12,26968.149999999998,High Value
10384,BERGS,3,2013-12-16,2014-01-13,2013-12-20,3,168.64,60,27.2,15,0,408.0,Berglunds snabbköp,Christina Berglund,Order Administrator,Luleå,Sweden,Camembert Pierrot,15 - 300 g rounds,34.0,0,4,Dairy Products,Cheeses,2013-12,26968.149999999998,High Value
10385,SPLIR,1,2013-12-17,2014-01-14,2013-12-23,2,30.96,7,24.0,10,0,240.0,Split Rail Beer & Ale,Art Braunschweiger,Sales Manager,Lander,USA,Uncle Bob's Organic Dried Pears,12 - 1 lb pkgs.,30.0,0,7,Produce,Dried fruit and bean curd,2013-12,12489.7,High Value
10385,SPLIR,1,2013-12-17,2014-01-14,2013-12-23,2,30.96,60,27.2,20,0,544.0,Split Rail Beer & Ale,Art Braunschweiger,Sales Manager,Lander,USA,Camembert Pierrot,15 - 300 g rounds,34.0,0,4,Dairy Products,Cheeses,2013-12,12489.7,High Value
10385,SPLIR,1,2013-12-17,2014-01-14,2013-12-23,2,30.96,68,10.0,8,0,80.0,Split Rail Beer & Ale,Art Braunschweiger,Sales Manager,Lander,USA,Scottish Longbreads,10 boxes x 8 pieces,12.5,0,3,Confections,"Desserts, candies, and sweet breads",2013-12,12489.7,High Value
10386,FAMIA,9,2013-12-18,2014-01-01,2013-12-25,3,13.99,24,3.6,15,0,54.0,Familia Arquibaldo,Aria Cruz,Marketing Assistant,Sao Paulo,Brazil,Guarana Fantastica,12 - 355 ml cans,4.5,1,1,Beverages,"Soft drinks, coffees, teas, beers, and ales",2013-12,4438.9,Low Value
10386,FAMIA,9,2013-12-18,2014-01-01,2013-12-25,3,13.99,34,11.2,10,0,112.0,Familia Arquibaldo,Aria Cruz,Marketing Assistant,Sao Paulo,Brazil,Sasquatch Ale,24 - 12 oz bottles,14.0,0,1,Beverages,"Soft drinks, coffees, teas, beers, and ales",2013-12,4438.9,Low Value
10387,SANTG,1,2013-12-18,2014-01-15,2013-12-20,2,93.63,24,3.6,15,0,54.0,Santé Gourmet,Jonas Bergulfsen,Owner,Stavern,Norway,Guarana Fantastica,12 - 355 ml cans,4.5,1,1,Beverages,"Soft drinks, coffees, teas, beers, and ales",2013-12,5735.150000000001,Medium Value
10387,SANTG,1,2013-12-18,2014-01-15,2013-12-20,2,93.63,28,36.4,6,0,218.39999999999998,Santé Gourmet,Jonas Bergulfsen,Owner,Stavern,Norway,Rössle Sauerkraut,25 - 825 g cans,45.6,1,7,Produce,Dried fruit and bean curd,2013-12,5735.150000000001,Medium Value
10387,SANTG,1,2013-12-18,2014-01-15,2013-12-20,2,93.63,59,44.0,12,0,528.0,Santé Gourmet,Jonas Bergulfsen,Owner,Stavern,Norway,Raclette Courdavault,5 kg pkg.,55.0,0,4,Dairy Products,Cheeses,2013-12,5735.150000000001,Medium Value
10387,SANTG,1,2013-12-18,2014-01-15,2013-12-20,2,93.63,71,17.2,15,0,258.0,Santé Gourmet,Jonas Bergulfsen,Owner,Stavern,Norway,Flotemysost,10 - 500 g pkgs.,21.5,0,4,Dairy Products,Cheeses,2013-12,5735.150000000001,Medium Value
10388,SEVES,2,2013-12-19,2014-01-16,2013-12-20,1,34.86,45,7.6,15,0,114.0,Seven Seas Imports,Hari Kumar,Sales Manager,London,UK,Rogede sild,1k pkg.,9.5,0,8,Seafood,Seaweed and fish,2013-12,17172.05,High Value
10388,SEVES,2,2013-12-19,2014-01-16,2013-12-20,1,34.86,52,5.6,20,0,112.0,Seven Seas Imports,Hari Kumar,Sales Manager,London,UK,Filo Mix,16 - 2 kg boxes,7.0,0,5,Grains & Cereals,"Breads, crackers, pasta, and cereal",2013-12,17172.05,High Value
10388,SEVES,2,2013-12-19,2014-01-16,2013-12-20,1,34.86,53,26.2,40,0,1048.0,Seven Seas Imports,Hari Kumar,Sales Manager,London,UK,Perth Pasties,48 pieces,32.8,1,6,Meat & Poultry,Prepared meats,2013-12,17172.05,High Value
10389,BOTTM,4,2013-12-20,2014-01-17,2013-12-24,2,47.42,10,24.8,16,0,396.8,Bottom-Dollar Markets,Elizabeth Lincoln,Accounting Manager,Tsawassen,Canada,Ikura,12 - 200 ml jars,31.0,0,8,Seafood,Seaweed and fish,2013-12,21298.2,High Value
10389,BOTTM,4,2013-12-20,2014-01-17,2013-12-24,2,47.42,55,19.2,15,0,288.0,Bottom-Dollar Markets,Elizabeth Lincoln,Accounting Manager,Tsawassen,Canada,Pâté chinois,24 boxes x 2 pies,24.0,0,6,Meat & Poultry,Prepared meats,2013-12,21298.2,High Value
10389,BOTTM,4,2013-12-20,2014-01-17,2013-12-24,2,47.42,62,39.4,20,0,788.0,Bottom-Dollar Markets,Elizabeth Lincoln,Accounting Manager,Tsawassen,Canada,Tarte au sucre,48 pies,49.3,0,3,Confections,"Desserts, candies, and sweet breads",2013-12,21298.2,High Value
10389,BOTTM,4,2013-12-20,2014-01-17,2013-12-24,2,47.42,70,12.0,30,0,360.0,Bottom-Dollar Markets,Elizabeth Lincoln,Accounting Manager,Tsawassen,Canada,Outback Lager,24 - 355 ml bottles,15.0,0,1,Beverages,"Soft drinks, coffees, teas, beers, and ales",2013-12,21298.2,High Value
10390,ERNSH,6,2013-12-23,2014-01-20,2013-12-26,1,126.38,31,10.0,60,0,600.0,Ernst Handel,Roland Mendel,Sales Manager,Graz,Austria,Gorgonzola Telino,12 - 100 g pkgs,12.5,0,4,Dairy Products,Cheeses,2013-12,103115.18,High Value
10390,ERNSH,6,2013-12-23,2014-01-20,2013-12-26,1,126.38,35,14.4,40,0,576.0,Ernst Handel,Roland Mendel,Sales Manager,Graz,Austria,Steeleye Stout,24 - 12 oz bottles,18.0,0,1,Beverages,"Soft drinks, coffees, teas, beers, and ales",2013-12,103115.18,High Value
10390,ERNSH,6,2013-12-23,2014-01-20,2013-12-26,1,126.38,46,9.6,45,0,432.0,Ernst Handel,Roland Mendel,Sales Manager,Graz,Austria,Spegesild,4 - 450 g glasses,12.0,0,8,Seafood,Seaweed and fish,2013-12,103115.18,High Value
10390,ERNSH,6,2013-12-23,2014-01-20,2013-12-26,1,126.38,72,27.8,24,0,667.2,Ernst Handel,Roland Mendel,Sales Manager,Graz,Austria,Mozzarella di Giovanni,24 - 200 g pkgs.,34.8,0,4,Dairy Products,Cheeses,2013-12,103115.18,High Value
10391,DRACD,3,2013-12-23,2014-01-20,2013-12-31,3,5.45,13,4.8,18,0,86.39999999999999,Drachenblut Delikatessen,Sven Ottlieb,Order Administrator,Aachen,Germany,Konbu,2 kg box,6.0,0,8,Seafood,Seaweed and fish,2013-12,3763.21,Low Value
10392,PICCO,2,2013-12-24,2014-01-21,2014-01-01,3,122.46,69,28.8,50,0,1440.0,Piccolo und mehr,Georg Pipps,Sales Manager,Salzburg,Austria,Gudbrandsdalsost,10 kg pkg.,36.0,0,4,Dairy Products,Cheeses,2013-12,26259.95,High Value
10393,SAVEA,1,2013-12-25,2014-01-22,2014-01-03,3,126.56,2,15.2,25,0,380.0,Save-a-lot Markets,Jose Pavarotti,Sales Representative,Boise,USA,Chang,24 - 12 oz bottles,19.0,0,1,Beverages,"Soft drinks, coffees, teas, beers, and ales",2013-12,115673.39,High Value
10393,SAVEA,1,2013-12-25,2014-01-22,2014-01-03,3,126.56,14,18.6,42,0,781.2,Save-a-lot Markets,Jose Pavarotti,Sales Representative,Boise,USA,Tofu,40 - 100 g pkgs.,23.25,0,7,Produce,Dried fruit and bean curd,2013-12,115673.39,High Value
10393,SAVEA,1,2013-12-25,2014-01-22,2014-01-03,3,126.56,25,11.2,7,0,78.39999999999999,Save-a-lot Markets,Jose Pavarotti,Sales Representative,Boise,USA,NuNuCa Nuß-Nougat-Creme,20 - 450 g glasses,14.0,0,3,Confections,"Desserts, candies, and sweet breads",2013-12,115673.39,High Value
10393,SAVEA,1,2013-12-25,2014-01-22,2014-01-03,3,126.56,26,24.9,70,0,1743.0,Save-a-lot Markets,Jose Pavarotti,Sales Representative,Boise,USA,Gumbär Gummibärchen,100 - 250 g bags,31.23,0,3,Confections,"Desserts, candies, and sweet breads",2013-12,115673.39,High Value
10393,SAVEA,1,2013-12-25,2014-01-22,2014-01-03,3,126.56,31,10.0,32,0,320.0,Save-a-lot Markets,Jose Pavarotti,Sales Representative,Boise,USA,Gorgonzola Telino,12 - 100 g pkgs,12.5,0,4,Dairy Products,Cheeses,2013-12,115673.39,High Value
10394,HUNGC,1,2013-12-25,2014-01-22,2014-01-03,3,30.34,13,4.8,10,0,48.0,Hungry Coyote Import Store,Yoshi Latimer,Sales Representative,Elgin,USA,Konbu,2 kg box,6.0,0,8,Seafood,Seaweed and fish,2013-12,3063.2,Low Value
10394,HUNGC,1,2013-12-25,2014-01-22,2014-01-03,3,30.34,62,39.4,10,0,394.0,Hungry Coyote Import Store,Yoshi Latimer,Sales Representative,Elgin,USA,Tarte au sucre,48 pies,49.3,0,3,Confections,"Desserts, candies, and sweet breads",2013-12,3063.2,Low Value
10395,HILAA,6,2013-12-26,2014-01-23,2014-01-03,1,184.41,46,9.6,28,0,268.8,HILARION-Abastos,Carlos Hernández,Sales Representative,San Cristóbal,Venezuela,Spegesild,4 - 450 g glasses,12.0,0,8,Seafood,Seaweed and fish,2013-12,23611.58,High Value
10395,HILAA,6,2013-12-26,2014-01-23,2014-01-03,1,184.41,53,26.2,70,0,1834.0,HILARION-Abastos,Carlos Hernández,Sales Representative,San Cristóbal,Venezuela,Perth Pasties,48 pieces,32.8,1,6,Meat & Poultry,Prepared meats,2013-12,23611.58,High Value
10395,HILAA,6,2013-12-26,2014-01-23,2014-01-03,1,184.41,69,28.8,8,0,230.4,HILARION-Abastos,Carlos Hernández,Sales Representative,San Cristóbal,Venezuela,Gudbrandsdalsost,10 kg pkg.,36.0,0,4,Dairy Products,Cheeses,2013-12,23611.58,High Value
10396,FRANK,1,2013-12-27,2014-01-10,2014-01-06,3,135.35,23,7.2,40,0,288.0,Frankenversand,Peter Franken,Marketing Manager,München,Germany,Tunnbröd,12 - 250 g pkgs.,9.0,0,5,Grains & Cereals,"Breads, crackers, pasta, and cereal",2013-12,28722.71,High Value
10396,FRANK,1,2013-12-27,2014-01-10,2014-01-06,3,135.35,71,17.2,60,0,1032.0,Frankenversand,Peter Franken,Marketing Manager,München,Germany,Flotemysost,10 - 500 g pkgs.,21.5,0,4,Dairy Products,Cheeses,2013-12,28722.71,High Value
10396,FRANK,1,2013-12-27,2014-01-10,2014-01-06,3,135.35,72,27.8,21,0,583.8000000000001,Frankenversand,Peter Franken,Marketing Manager,München,Germany,Mozzarella di Giovanni,24 - 200 g pkgs.,34.8,0,4,Dairy Products,Cheeses,2013-12,28722.71,High Value
10397,PRINI,5,2013-12-27,2014-01-24,2014-01-02,1,60.26,21,8.0,10,0,80.0,Princesa Isabel Vinhos,Isabel de Castro,Sales Representative,Lisboa,Portugal,Sir Rodney's Scones,24 pkgs. x 4 pieces,10.0,0,3,Confections,"Desserts, candies, and sweet breads",2013-12,5317.1,Medium Value
10397,PRINI,5,2013-12-27,2014-01-24,2014-01-02,1,60.26,51,42.4,18,0,763.1999999999999,Princesa Isabel Vinhos,Isabel de Castro,Sales Representative,Lisboa,Portugal,Manjimup Dried Apples,50 - 300 g pkgs.,53.0,0,7,Produce,Dried fruit and bean curd,2013-12,5317.1,Medium Value
10398,SAVEA,2,2013-12-30,2014-01-27,2014-01-09,3,89.16,35,14.4,30,0,432.0,Save-a-lot Markets,Jose Pavarotti,Sales Representative,Boise,USA,Steeleye Stout,24 - 12 oz bottles,18.0,0,1,Beverages,"Soft drinks, coffees, teas, beers, and ales",2013-12,115673.39,High Value
10398,SAVEA,2,2013-12-30,2014-01-27,2014-01-09,3,89.16,55,19.2,120,0,2304.0,Save-a-lot Markets,Jose Pavarotti,Sales Representative,Boise,USA,Pâté chinois,24 boxes x 2 pies,24.0,0,6,Meat & Poultry,Prepared meats,2013-12,115673.39,High Value
10399,VAFFE,8,2013-12-31,2014-01-14,2014-01-08,3,27.36,68,10.0,60,0,600.0,Vaffeljernet,Palle Ibsen,Sales Manager,Århus,Denmark,Scottish Longbreads,10 boxes x 8 pieces,12.5,0,3,Confections,"Desserts, candies, and sweet breads",2013-12,16643.8,High Value
10399,VAFFE,8,2013-12-31,2014-01-14,2014-01-08,3,27.36,71,17.2,30,0,516.0,Vaffeljernet,Palle Ibsen,Sales Manager,Århus,Denmark,Flotemysost,10 - 500 g pkgs.,21.5,0,4,Dairy Products,Cheeses,2013-12,16643.8,High Value
10399,VAFFE,8,2013-12-31,2014-01-14,2014-01-08,3,27.36,76,14.4,35,0,504.0,Vaffeljernet,Palle Ibsen,Sales Manager,Århus,Denmark,Lakkaliköri,500 ml,18.0,0,1,Beverages,"Soft drinks, coffees, teas, beers, and ales",2013-12,16643.8,High Value
10399,VAFFE,8,2013-12-31,2014-01-14,2014-01-08,3,27.36,77,10.4,14,0,145.6,Vaffeljernet,Palle Ibsen,Sales Manager,Århus,Denmark,Original Frankfurter Grüne Soße,12 boxes,13.0,0,2,Condiments,"Sweet and savory sauces, relishes, spreads, and seasonings",2013-12,16643.8,High Value
10400,EASTC,1,2014-01-01,2014-01-29,2014-01-16,3,83.93,29,99.0,21,0,2079.0,Eastern Connection,Ann Devon,Sales Agent,London,UK,Thüringer Rostbratwurst,50 bags x 30 sausgs.,123.79,1,6,Meat & Poultry,Prepared meats,2014-01,15033.66,High Value
10400,EASTC,1,2014-01-01,2014-01-29,2014-01-16,3,83.93,35,14.4,35,0,504.0,Eastern Connection,Ann Devon,Sales Agent,London,UK,Steeleye Stout,24 - 12 oz bottles,18.0,0,1,Beverages,"Soft drinks, coffees, teas, beers, and ales",2014-01,15033.66,High Value
10400,EASTC,1,2014-01-01,2014-01-29,2014-01-16,3,83.93,49,16.0,30,0,480.0,Eastern Connection,Ann Devon,Sales Agent,London,UK,Maxilaku,24 - 50 g pkgs.,20.0,0,3,Confections,"Desserts, candies, and sweet breads",2014-01,15033.66,High Value
10401,RATTC,1,2014-01-01,2014-01-29,2014-01-10,1,12.51,30,20.7,18,0,372.59999999999997,Rattlesnake Canyon Grocery,Paula Wilson,Assistant Sales Representative,Albuquerque,USA,Nord-Ost Matjeshering,10 - 200 g glasses,25.89,0,8,Seafood,Seaweed and fish,2014-01,50871.3,High Value
10401,RATTC,1,2014-01-01,2014-01-29,2014-01-10,1,12.51,56,30.4,70,0,2128.0,Rattlesnake Canyon Grocery,Paula Wilson,Assistant Sales Representative,Albuquerque,USA,Gnocchi di nonna Alice,24 - 250 g pkgs.,38.0,0,5,Grains & Cereals,"Breads, crackers, pasta, and cereal",2014-01,50871.3,High Value
10401,RATTC,1,2014-01-01,2014-01-29,2014-01-10,1,12.51,65,16.8,20,0,336.0,Rattlesnake Canyon Grocery,Paula Wilson,Assistant Sales Representative,Albuquerque,USA,Louisiana Fiery Hot Pepper Sauce,32 - 8 oz bottles,21.05,0,2,Condiments,"Sweet and savory sauces, relishes, spreads, and seasonings",2014-01,50871.3,High Value
10401,RATTC,1,2014-01-01,2014-01-29,2014-01-10,1,12.51,71,17.2,60,0,1032.0,Rattlesnake Canyon Grocery,Paula Wilson,Assistant Sales Representative,Albuquerque,USA,Flotemysost,10 - 500 g pkgs.,21.5,0,4,Dairy Products,Cheeses,2014-01,50871.3,High Value
10402,ERNSH,8,2014-01-02,2014-02-13,2014-01-10,2,67.88,23,7.2,60,0,432.0,Ernst Handel,Roland Mendel,Sales Manager,Graz,Austria,Tunnbröd,12 - 250 g pkgs.,9.0,0,5,Grains & Cereals,"Breads, crackers, pasta, and cereal",2014-01,103115.18,High Value
10402,ERNSH,8,2014-01-02,2014-02-13,2014-01-10,2,67.88,63,35.1,65,0,2281.5,Ernst Handel,Roland Mendel,Sales Manager,Graz,Austria,Vegie-spread,15 - 625 g jars,43.9,0,2,Condiments,"Sweet and savory sauces, relishes, spreads, and seasonings",2014-01,103115.18,High Value
10403,ERNSH,4,2014-01-03,2014-01-31,2014-01-09,3,73.79,16,13.9,21,0,291.90000000000003,Ernst Handel,Roland Mendel,Sales Manager,Graz,Austria,Pavlova,32 - 500 g boxes,17.45,0,3,Confections,"Desserts, candies, and sweet breads",2014-01,103115.18,High Value
10403,ERNSH,4,2014-01-03,2014-01-31,2014-01-09,3,73.79,48,10.2,70,0,714.0,Ernst Handel,Roland Mendel,Sales Manager,Graz,Austria,Chocolade,10 pkgs.,12.75,0,3,Confections,"Desserts, candies, and sweet breads",2014-01,103115.18,High Value
10404,MAGAA,2,2014-01-03,2014-01-31,2014-01-08,1,155.97,26,24.9,30,0,747.0,Magazzini Alimentari Riuniti,Giovanni Rovelli,Marketing Manager,Bergamo,Italy,Gumbär Gummibärchen,100 - 250 g bags,31.23,0,3,Confections,"Desserts, candies, and sweet breads",2014-01,7603.85,Medium Value
10404,MAGAA,2,2014-01-03,2014-01-31,2014-01-08,1,155.97,42,11.2,40,0,448.0,Magazzini Alimentari Riuniti,Giovanni Rovelli,Marketing Manager,Bergamo,Italy,Singaporean Hokkien Fried Mee,32 - 1 kg pkgs.,14.0,1,5,Grains & Cereals,"Breads, crackers, pasta, and cereal",2014-01,7603.85,Medium Value
10404,MAGAA,2,2014-01-03,2014-01-31,2014-01-08,1,155.97,49,16.0,30,0,480.0,Magazzini Alimentari Riuniti,Giovanni Rovelli,Marketing Manager,Bergamo,Italy,Maxilaku,24 - 50 g pkgs.,20.0,0,3,Confections,"Desserts, candies, and sweet breads",2014-01,7603.85,Medium Value
10405,LINOD,1,2014-01-06,2014-02-03,2014-01-22,1,34.82,3,8.0,50,0,400.0,LINO-Delicateses,Felipe Izquierdo,Owner,I. de Margarita,Venezuela,Aniseed Syrup,12 - 550 ml bottles,10.0,0,2,Condiments,"Sweet and savory sauces, relishes, spreads, and seasonings",2014-01,14799.55,High Value
10406,QUEEN,7,2014-01-07,2014-02-18,2014-01-13,1,108.04,1,14.4,10,0,144.0,Queen Cozinha,Lúcia Carvalho,Marketing Assistant,Sao Paulo,Brazil,Chai,10 boxes x 20 bags,18.0,0,1,Beverages,"Soft drinks, coffees, teas, beers, and ales",2014-01,27841.3,High Value
10406,QUEEN,7,2014-01-07,2014-02-18,2014-01-13,1,108.04,21,8.0,30,0,240.0,Queen Cozinha,Lúcia Carvalho,Marketing Assistant,Sao Paulo,Brazil,Sir Rodney's Scones,24 pkgs. x 4 pieces,10.0,0,3,Confections,"Desserts, candies, and sweet breads",2014-01,27841.3,High Value
10406,QUEEN,7,2014-01-07,2014-02-18,2014-01-13,1,108.04,28,36.4,42,0,1528.8,Queen Cozinha,Lúcia Carvalho,Marketing Assistant,Sao Paulo,Brazil,Rössle Sauerkraut,25 - 825 g cans,45.6,1,7,Produce,Dried fruit and bean curd,2014-01,27841.3,High Value
10406,QUEEN,7,2014-01-07,2014-02-18,2014-01-13,1,108.04,36,15.2,5,0,76.0,Queen Cozinha,Lúcia Carvalho,Marketing Assistant,Sao Paulo,Brazil,Inlagd Sill,24 - 250 g  jars,19.0,0,8,Seafood,Seaweed and fish,2014-01,27841.3,High Value
10406,QUEEN,7,2014-01-07,2014-02-18,2014-01-13,1,108.04,40,14.7,2,0,29.4,Queen Cozinha,Lúcia Carvalho,Marketing Assistant,Sao Paulo,Brazil,Boston Crab Meat,24 - 4 oz tins,18.4,0,8,Seafood,Seaweed and fish,2014-01,27841.3,High Value
10407,OTTIK,2,2014-01-07,2014-02-04,2014-01-30,2,91.48,11,16.8,30,0,504.0,Ottilies Käseladen,Henriette Pfalzheim,Owner,Köln,Germany,Queso Cabrales,1 kg pkg.,21.0,0,4,Dairy Products,Cheeses,2014-01,13157.5,High Value
10407,OTTIK,2,2014-01-07,2014-02-04,2014-01-30,2,91.48,69,28.8,15,0,432.0,Ottilies Käseladen,Henriette Pfalzheim,Owner,Köln,Germany,Gudbrandsdalsost,10 kg pkg.,36.0,0,4,Dairy Products,Cheeses,2014-01,13157.5,High Value
10407,OTTIK,2,2014-01-07,2014-02-04,2014-01-30,2,91.48,71,17.2,15,0,258.0,Ottilies Käseladen,Henriette Pfalzheim,Owner,Köln,Germany,Flotemysost,10 - 500 g pkgs.,21.5,0,4,Dairy Products,Cheeses,2014-01,13157.5,High Value
10408,FOLIG,8,2014-01-08,2014-02-05,2014-01-14,1,11.26,37,20.8,10,0,208.0,Folies gourmandes,Martine Rancé,Assistant Sales Agent,Lille,France,Gravad lax,12 - 500 g pkgs.,26.0,0,8,Seafood,Seaweed and fish,2014-01,11666.9,High Value
10408,FOLIG,8,2014-01-08,2014-02-05,2014-01-14,1,11.26,54,5.9,6,0,35.400000000000006,Folies gourmandes,Martine Rancé,Assistant Sales Agent,Lille,France,Tourtière,16 pies,7.45,0,6,Meat & Poultry,Prepared meats,2014-01,11666.9,High Value
10408,FOLIG,8,2014-01-08,2014-02-05,2014-01-14,1,11.26,62,39.4,35,0,1379.0,Folies gourmandes,Martine Rancé,Assistant Sales Agent,Lille,France,Tarte au sucre,48 pies,49.3,0,3,Confections,"Desserts, candies, and sweet breads",2014-01,11666.9,High Value
10409,OCEAN,3,2014-01-09,2014-02-06,2014-01-14,1,29.83,14,18.6,12,0,223.20000000000002,Océano Atlántico Ltda.,Yvonne Moncada,Sales Agent,Buenos Aires,Argentina,Tofu,40 - 100 g pkgs.,23.25,0,7,Produce,Dried fruit and bean curd,2014-01,3460.2,Low Value
10409,OCEAN,3,2014-01-09,2014-02-06,2014-01-14,1,29.83,21,8.0,12,0,96.0,Océano Atlántico Ltda.,Yvonne Moncada,Sales Agent,Buenos Aires,Argentina,Sir Rodney's Scones,24 pkgs. x 4 pieces,10.0,0,3,Confections,"Desserts, candies, and sweet breads",2014-01,3460.2,Low Value
10410,BOTTM,3,2014-01-10,2014-02-07,2014-01-15,3,2.4,33,2.0,49,0,98.0,Bottom-Dollar Markets,Elizabeth Lincoln,Accounting Manager,Tsawassen,Canada,Geitost,500 g,2.5,0,4,Dairy Products,Cheeses,2014-01,21298.2,High Value
10410,BOTTM,3,2014-01-10,2014-02-07,2014-01-15,3,2.4,59,44.0,16,0,704.0,Bottom-Dollar Markets,Elizabeth Lincoln,Accounting Manager,Tsawassen,Canada,Raclette Courdavault,5 kg pkg.,55.0,0,4,Dairy Products,Cheeses,2014-01,21298.2,High Value
10411,BOTTM,9,2014-01-10,2014-02-07,2014-01-21,3,23.65,41,7.7,25,0,192.5,Bottom-Dollar Markets,Elizabeth Lincoln,Accounting Manager,Tsawassen,Canada,Jack's New England Clam Chowder,12 - 12 oz cans,9.65,0,8,Seafood,Seaweed and fish,2014-01,21298.2,High Value
10411,BOTTM,9,2014-01-10,2014-02-07,2014-01-21,3,23.65,44,15.5,40,0,620.0,Bottom-Dollar Markets,Elizabeth Lincoln,Accounting Manager,Tsawassen,Canada,Gula Malacca,20 - 2 kg bags,19.45,0,2,Condiments,"Sweet and savory sauces, relishes, spreads, and seasonings",2014-01,21298.2,High Value
10411,BOTTM,9,2014-01-10,2014-02-07,2014-01-21,3,23.65,59,44.0,9,0,396.0,Bottom-Dollar Markets,Elizabeth Lincoln,Accounting Manager,Tsawassen,Canada,Raclette Courdavault,5 kg pkg.,55.0,0,4,Dairy Products,Cheeses,2014-01,21298.2,High Value
10412,WARTH,8,2014-01-13,2014-02-10,2014-01-15,2,3.77,14,18.6,20,0,372.0,Wartian Herkku,Pirkko Koskitalo,Accounting Manager,Oulu,Finland,Tofu,40 - 100 g pkgs.,23.25,0,7,Produce,Dried fruit and bean curd,2014-01,16617.1,High Value
10413,LAMAI,3,2014-01-14,2014-02-11,2014-01-16,2,95.66,1,14.4,24,0,345.6,La maison d'Asie,Annette Roulet,Sales Manager,Toulouse,France,Chai,10 boxes x 20 bags,18.0,0,1,Beverages,"Soft drinks, coffees, teas, beers, and ales",2014-01,10227.35,High Value
10413,LAMAI,3,2014-01-14,2014-02-11,2014-01-16,2,95.66,62,39.4,40,0,1576.0,La maison d'Asie,Annette Roulet,Sales Manager,Toulouse,France,Tarte au sucre,48 pies,49.3,0,3,Confections,"Desserts, candies, and sweet breads",2014-01,10227.35,High Value
10413,LAMAI,3,2014-01-14,2014-02-11,2014-01-16,2,95.66,76,14.4,14,0,201.6,La maison d'Asie,Annette Roulet,Sales Manager,Toulouse,France,Lakkaliköri,500 ml,18.0,0,1,Beverages,"Soft drinks, coffees, teas, beers, and ales",2014-01,10227.35,High Value
10414,FAMIA,2,2014-01-14,2014-02-11,2014-01-17,3,21.48,19,7.3,18,0,131.4,Familia Arquibaldo,Aria Cruz,Marketing Assistant,Sao Paulo,Brazil,Teatime Chocolate Biscuits,10 boxes x 12 pieces,9.2,0,3,Confections,"Desserts, candies, and sweet breads",2014-01,4438.9,Low Value
10414,FAMIA,2,2014-01-14,2014-02-11,2014-01-17,3,21.48,33,2.0,50,0,100.0,Familia Arquibaldo,Aria Cruz,Marketing Assistant,Sao Paulo,Brazil,Geitost,500 g,2.5,0,4,Dairy Products,Cheeses,2014-01,4438.9,Low Value
10415,HUNGC,3,2014-01-15,2014-02-12,2014-01-24,1,0.2,17,31.2,2,0,62.4,Hungry Coyote Import Store,Yoshi Latimer,Sales Representative,Elgin,USA,Alice Mutton,20 - 1 kg tins,39.0,1,6,Meat & Poultry,Prepared meats,2014-01,3063.2,Low Value
10415,HUNGC,3,2014-01-15,2014-02-12,2014-01-24,1,0.2,33,2.0,20,0,40.0,Hungry Coyote Import Store,Yoshi Latimer,Sales Representative,Elgin,USA,Geitost,500 g,2.5,0,4,Dairy Products,Cheeses,2014-01,3063.2,Low Value
10416,WARTH,8,2014-01-16,2014-02-13,2014-01-27,3,22.72,19,7.3,20,0,146.0,Wartian Herkku,Pirkko Koskitalo,Accounting Manager,Oulu,Finland,Teatime Chocolate Biscuits,10 boxes x 12 pieces,9.2,0,3,Confections,"Desserts, candies, and sweet breads",2014-01,16617.1,High Value
10416,WARTH,8,2014-01-16,2014-02-13,2014-01-27,3,22.72,53,26.2,10,0,262.0,Wartian Herkku,Pirkko Koskitalo,Accounting Manager,Oulu,Finland,Perth Pasties,48 pieces,32.8,1,6,Meat & Poultry,Prepared meats,2014-01,16617.1,High Value
10416,WARTH,8,2014-01-16,2014-02-13,2014-01-27,3,22.72,57,15.6,20,0,312.0,Wartian Herkku,Pirkko Koskitalo,Accounting Manager,Oulu,Finland,Ravioli Angelo,24 - 250 g pkgs.,19.5,0,5,Grains & Cereals,"Breads, crackers, pasta, and cereal",2014-01,16617.1,High Value
10417,SIMOB,4,2014-01-16,2014-02-13,2014-01-28,3,70.29,38,210.8,50,0,10540.0,Simons bistro,Jytte Petersen,Owner,Kobenhavn,Denmark,Côte de Blaye,12 - 75 cl bottles,263.5,0,1,Beverages,"Soft drinks, coffees, teas, beers, and ales",2014-01,17894.15,High Value
10417,SIMOB,4,2014-01-16,2014-02-13,2014-01-28,3,70.29,46,9.6,2,0,19.2,Simons bistro,Jytte Petersen,Owner,Kobenhavn,Denmark,Spegesild,4 - 450 g glasses,12.0,0,8,Seafood,Seaweed and fish,2014-01,17894.15,High Value
10417,SIMOB,4,2014-01-16,2014-02-13,2014-01-28,3,70.29,68,10.0,36,0,360.0,Simons bistro,Jytte Petersen,Owner,Kobenhavn,Denmark,Scottish Longbreads,10 boxes x 8 pieces,12.5,0,3,Confections,"Desserts, candies, and sweet breads",2014-01,17894.15,High Value
10417,SIMOB,4,2014-01-16,2014-02-13,2014-01-28,3,70.29,77,10.4,35,0,364.0,Simons bistro,Jytte Petersen,Owner,Kobenhavn,Denmark,Original Frankfurter Grüne Soße,12 boxes,13.0,0,2,Condiments,"Sweet and savory sauces, relishes, spreads, and seasonings",2014-01,17894.15,High Value
10418,QUICK,4,2014-01-17,2014-02-14,2014-01-24,1,17.55,2,15.2,60,0,912.0,QUICK-Stop,Horst Kloss,Accounting Manager,Cunewalde,Germany,Chang,24 - 12 oz bottles,19.0,0,1,Beverages,"Soft drinks, coffees, teas, beers, and ales",2014-01,117483.39,High Value
10418,QUICK,4,2014-01-17,2014-02-14,2014-01-24,1,17.55,47,7.6,55,0,418.0,QUICK-Stop,Horst Kloss,Accounting Manager,Cunewalde,Germany,Zaanse koeken,10 - 4 oz boxes,9.5,0,3,Confections,"Desserts, candies, and sweet breads",2014-01,117483.39,High Value
10418,QUICK,4,2014-01-17,2014-02-14,2014-01-24,1,17.55,61,22.8,16,0,364.8,QUICK-Stop,Horst Kloss,Accounting Manager,Cunewalde,Germany,Sirop d'érable,24 - 500 ml bottles,28.5,0,2,Condiments,"Sweet and savory sauces, relishes, spreads, and seasonings",2014-01,117483.39,High Value
10418,QUICK,4,2014-01-17,2014-02-14,2014-01-24,1,17.55,74,8.0,15,0,120.0,QUICK-Stop,Horst Kloss,Accounting Manager,Cunewalde,Germany,Longlife Tofu,5 kg pkg.,10.0,0,7,Produce,Dried fruit and bean curd,2014-01,117483.39,High Value
10419,RICSU,4,2014-01-20,2014-02-17,2014-01-30,2,137.35,60,27.2,60,0,1632.0,Richter Supermarkt,Michael Holz,Sales Manager,Genève,Switzerland,Camembert Pierrot,15 - 300 g rounds,34.0,0,4,Dairy Products,Cheeses,2014-01,19447.2,High Value
10419,RICSU,4,2014-01-20,2014-02-17,2014-01-30,2,137.35,69,28.8,20,0,576.0,Richter Supermarkt,Michael Holz,Sales Manager,Genève,Switzerland,Gudbrandsdalsost,10 kg pkg.,36.0,0,4,Dairy Products,Cheeses,2014-01,19447.2,High Value
10420,WELLI,3,2014-01-21,2014-02-18,2014-01-27,1,44.12,9,77.6,20,0,1552.0,Wellington Importadora,Paula Parente,Sales Manager,Resende,Brazil,Mishi Kobe Niku,18 - 500 g pkgs.,97.0,1,6,Meat & Poultry,Prepared meats,2014-01,6480.7,Medium Value
10420,WELLI,3,2014-01-21,2014-02-18,2014-01-27,1,44.12,13,4.8,2,0,9.6,Wellington Importadora,Paula Parente,Sales Manager,Resende,Brazil,Konbu,2 kg box,6.0,0,8,Seafood,Seaweed and fish,2014-01,6480.7,Medium Value
10420,WELLI,3,2014-01-21,2014-02-18,2014-01-27,1,44.12,70,12.0,8,0,96.0,Wellington Importadora,Paula Parente,Sales Manager,Resende,Brazil,Outback Lager,24 - 355 ml bottles,15.0,0,1,Beverages,"Soft drinks, coffees, teas, beers, and ales",2014-01,6480.7,Medium Value
10420,WELLI,3,2014-01-21,2014-02-18,2014-01-27,1,44.12,73,12.0,20,0,240.0,Wellington Importadora,Paula Parente,Sales Manager,Resende,Brazil,Röd Kaviar,24 - 150 g jars,15.0,0,8,Seafood,Seaweed and fish,2014-01,6480.7,Medium Value
10421,QUEDE,8,2014-01-21,2014-03-04,2014-01-27,1,99.23,19,7.3,4,0,29.2,Que Delícia,Bernardo Batista,Accounting Manager,Rio de Janeiro,Brazil,Teatime Chocolate Biscuits,10 boxes x 12 pieces,9.2,0,3,Confections,"Desserts, candies, and sweet breads",2014-01,6973.63,Medium Value
10421,QUEDE,8,2014-01-21,2014-03-04,2014-01-27,1,99.23,26,24.9,30,0,747.0,Que Delícia,Bernardo Batista,Accounting Manager,Rio de Janeiro,Brazil,Gumbär Gummibärchen,100 - 250 g bags,31.23,0,3,Confections,"Desserts, candies, and sweet breads",2014-01,6973.63,Medium Value
10421,QUEDE,8,2014-01-21,2014-03-04,2014-01-27,1,99.23,53,26.2,15,0,393.0,Que Delícia,Bernardo Batista,Accounting Manager,Rio de Janeiro,Brazil,Perth Pasties,48 pieces,32.8,1,6,Meat & Poultry,Prepared meats,2014-01,6973.63,Medium Value
10421,QUEDE,8,2014-01-21,2014-03-04,2014-01-27,1,99.23,77,10.4,10,0,104.0,Que Delícia,Bernardo Batista,Accounting Manager,Rio de Janeiro,Brazil,Original Frankfurter Grüne Soße,12 boxes,13.0,0,2,Condiments,"Sweet and savory sauces, relishes, spreads, and seasonings",2014-01,6973.63,Medium Value
10422,FRANS,2,2014-01-22,2014-02-19,2014-01-31,1,3.02,26,24.9,2,0,49.8,Franchi S.p.A.,Paolo Accorti,Sales Representative,Torino,Italy,Gumbär Gummibärchen,100 - 250 g bags,31.23,0,3,Confections,"Desserts, candies, and sweet breads",2014-01,1545.7,Low Value
10423,GOURL,6,2014-01-23,2014-02-06,2014-02-24,3,24.5,31,10.0,14,0,140.0,Gourmet Lanchonetes,André Fonseca,Sales Associate,Campinas,Brazil,Gorgonzola Telino,12 - 100 g pkgs,12.5,0,4,Dairy Products,Cheeses,2014-01,8702.23,Medium Value
10423,GOURL,6,2014-01-23,2014-02-06,2014-02-24,3,24.5,59,44.0,20,0,880.0,Gourmet Lanchonetes,André Fonseca,Sales Associate,Campinas,Brazil,Raclette Courdavault,5 kg pkg.,55.0,0,4,Dairy Products,Cheeses,2014-01,8702.23,Medium Value
10424,MEREP,7,2014-01-23,2014-02-20,2014-01-27,2,370.61,35,14.4,60,0,864.0,Mère Paillarde,Jean Fresnière,Marketing Assistant,Montréal,Canada,Steeleye Stout,24 - 12 oz bottles,18.0,0,1,Beverages,"Soft drinks, coffees, teas, beers, and ales",2014-01,32203.9,High Value
10424,MEREP,7,2014-01-23,2014-02-20,2014-01-27,2,370.61,38,210.8,49,0,10329.2,Mère Paillarde,Jean Fresnière,Marketing Assistant,Montréal,Canada,Côte de Blaye,12 - 75 cl bottles,263.5,0,1,Beverages,"Soft drinks, coffees, teas, beers, and ales",2014-01,32203.9,High Value
10424,MEREP,7,2014-01-23,2014-02-20,2014-01-27,2,370.61,68,10.0,30,0,300.0,Mère Paillarde,Jean Fresnière,Marketing Assistant,Montréal,Canada,Scottish Longbreads,10 boxes x 8 pieces,12.5,0,3,Confections,"Desserts, candies, and sweet breads",2014-01,32203.9,High Value
10425,LAMAI,6,2014-01-24,2014-02-21,2014-02-14,2,7.93,55,19.2,10,0,192.0,La maison d'Asie,Annette Roulet,Sales Manager,Toulouse,France,Pâté chinois,24 boxes x 2 pies,24.0,0,6,Meat & Poultry,Prepared meats,2014-01,10227.35,High Value
10425,LAMAI,6,2014-01-24,2014-02-21,2014-02-14,2,7.93,76,14.4,20,0,288.0,La maison d'Asie,Annette Roulet,Sales Manager,Toulouse,France,Lakkaliköri,500 ml,18.0,0,1,Beverages,"Soft drinks, coffees, teas, beers, and ales",2014-01,10227.35,High Value
10426,GALED,4,2014-01-27,2014-02-24,2014-02-06,1,18.69,56,30.4,5,0,152.0,Galería del gastrónomo,Eduardo Saavedra,Marketing Manager,Barcelona,Spain,Gnocchi di nonna Alice,24 - 250 g pkgs.,38.0,0,5,Grains & Cereals,"Breads, crackers, pasta, and cereal",2014-01,836.7,Low Value
10426,GALED,4,2014-01-27,2014-02-24,2014-02-06,1,18.69,64,26.6,7,0,186.20000000000002,Galería del gastrónomo,Eduardo Saavedra,Marketing Manager,Barcelona,Spain,Wimmers gute Semmelknödel,20 bags x 4 pieces,33.25,0,5,Grains & Cereals,"Breads, crackers, pasta, and cereal",2014-01,836.7,Low Value
10427,PICCO,4,2014-01-27,2014-02-24,2014-03-03,2,31.29,14,18.6,35,0,651.0,Piccolo und mehr,Georg Pipps,Sales Manager,Salzburg,Austria,Tofu,40 - 100 g pkgs.,23.25,0,7,Produce,Dried fruit and bean curd,2014-01,26259.95,High Value
10428,REGGC,7,2014-01-28,2014-02-25,2014-02-04,1,11.09,46,9.6,20,0,192.0,Reggiani Caseifici,Maurizio Moroni,Sales Associate,Reggio Emilia,Italy,Spegesild,4 - 450 g glasses,12.0,0,8,Seafood,Seaweed and fish,2014-01,7047.6,Medium Value
10429,HUNGO,3,2014-01-29,2014-03-12,2014-02-07,2,56.63,50,13.0,40,0,520.0,Hungry Owl All-Night Grocers,Patricia McKenna,Sales Associate,Cork,Ireland,Valkoinen suklaa,12 - 100 g bars,16.25,0,3,Confections,"Desserts, candies, and sweet breads",2014-01,57317.39,High Value
10429,HUNGO,3,2014-01-29,2014-03-12,2014-02-07,2,56.63,63,35.1,35,0,1228.5,Hungry Owl All-Night Grocers,Patricia McKenna,Sales Associate,Cork,Ireland,Vegie-spread,15 - 625 g jars,43.9,0,2,Condiments,"Sweet and savory sauces, relishes, spreads, and seasonings",2014-01,57317.39,High Value
10430,ERNSH,4,2014-01-30,2014-02-13,2014-02-03,1,458.78,17,31.2,45,0,1404.0,Ernst Handel,Roland Mendel,Sales Manager,Graz,Austria,Alice Mutton,20 - 1 kg tins,39.0,1,6,Meat & Poultry,Prepared meats,2014-01,103115.18,High Value
10430,ERNSH,4,2014-01-30,2014-02-13,2014-02-03,1,458.78,21,8.0,50,0,400.0,Ernst Handel,Roland Mendel,Sales Manager,Graz,Austria,Sir Rodney's Scones,24 pkgs. x 4 pieces,10.0,0,3,Confections,"Desserts, candies, and sweet breads",2014-01,103115.18,High Value
10430,ERNSH,4,2014-01-30,2014-02-13,2014-02-03,1,458.78,56,30.4,30,0,912.0,Ernst Handel,Roland Mendel,Sales Manager,Graz,Austria,Gnocchi di nonna Alice,24 - 250 g pkgs.,38.0,0,5,Grains & Cereals,"Breads, crackers, pasta, and cereal",2014-01,103115.18,High Value
10430,ERNSH,4,2014-01-30,2014-02-13,2014-02-03,1,458.78,59,44.0,70,0,3080.0,Ernst Handel,Roland Mendel,Sales Manager,Graz,Austria,Raclette Courdavault,5 kg pkg.,55.0,0,4,Dairy Products,Cheeses,2014-01,103115.18,High Value
10431,BOTTM,4,2014-01-30,2014-02-13,2014-02-07,2,44.17,17,31.2,50,0,1560.0,Bottom-Dollar Markets,Elizabeth Lincoln,Accounting Manager,Tsawassen,Canada,Alice Mutton,20 - 1 kg tins,39.0,1,6,Meat & Poultry,Prepared meats,2014-01,21298.2,High Value
10431,BOTTM,4,2014-01-30,2014-02-13,2014-02-07,2,44.17,40,14.7,50,0,735.0,Bottom-Dollar Markets,Elizabeth Lincoln,Accounting Manager,Tsawassen,Canada,Boston Crab Meat,24 - 4 oz tins,18.4,0,8,Seafood,Seaweed and fish,2014-01,21298.2,High Value
10431,BOTTM,4,2014-01-30,2014-02-13,2014-02-07,2,44.17,47,7.6,30,0,228.0,Bottom-Dollar Markets,Elizabeth Lincoln,Accounting Manager,Tsawassen,Canada,Zaanse koeken,10 - 4 oz boxes,9.5,0,3,Confections,"Desserts, candies, and sweet breads",2014-01,21298.2,High Value
10432,SPLIR,3,2014-01-31,2014-02-14,2014-02-07,2,4.34,26,24.9,10,0,249.0,Split Rail Beer & Ale,Art Braunschweiger,Sales Manager,Lander,USA,Gumbär Gummibärchen,100 - 250 g bags,31.23,0,3,Confections,"Desserts, candies, and sweet breads",2014-01,12489.7,High Value
10432,SPLIR,3,2014-01-31,2014-02-14,2014-02-07,2,4.34,54,5.9,40,0,236.0,Split Rail Beer & Ale,Art Braunschweiger,Sales Manager,Lander,USA,Tourtière,16 pies,7.45,0,6,Meat & Poultry,Prepared meats,2014-01,12489.7,High Value
10433,PRINI,3,2014-02-03,2014-03-03,2014-03-04,3,73.83,56,30.4,28,0,851.1999999999999,Princesa Isabel Vinhos,Isabel de Castro,Sales Representative,Lisboa,Portugal,Gnocchi di nonna Alice,24 - 250 g pkgs.,38.0,0,5,Grains & Cereals,"Breads, crackers, pasta, and cereal",2014-02,5317.1,Medium Value
10434,FOLKO,3,2014-02-03,2014-03-03,2014-02-13,2,17.92,11,16.8,6,0,100.80000000000001,Folk och fä HB,Maria Larsson,Owner,Bräcke,Sweden,Queso Cabrales,1 kg pkg.,21.0,0,4,Dairy Products,Cheeses,2014-02,32555.55,High Value
10434,FOLKO,3,2014-02-03,2014-03-03,2014-02-13,2,17.92,76,14.4,18,0,259.2,Folk och fä HB,Maria Larsson,Owner,Bräcke,Sweden,Lakkaliköri,500 ml,18.0,0,1,Beverages,"Soft drinks, coffees, teas, beers, and ales",2014-02,32555.55,High Value
10435,CONSH,8,2014-02-04,2014-03-18,2014-02-07,2,9.21,2,15.2,10,0,152.0,Consolidated Holdings,Elizabeth Brown,Sales Representative,London,UK,Chang,24 - 12 oz bottles,19.0,0,1,Beverages,"Soft drinks, coffees, teas, beers, and ales",2014-02,1719.1,Low Value
10435,CONSH,8,2014-02-04,2014-03-18,2014-02-07,2,9.21,22,16.8,12,0,201.60000000000002,Consolidated Holdings,Elizabeth Brown,Sales Representative,London,UK,Gustaf's Knackebröd,24 - 500 g pkgs.,21.0,0,5,Grains & Cereals,"Breads, crackers, pasta, and cereal",2014-02,1719.1,Low Value
10435,CONSH,8,2014-02-04,2014-03-18,2014-02-07,2,9.21,72,27.8,10,0,278.0,Consolidated Holdings,Elizabeth Brown,Sales Representative,London,UK,Mozzarella di Giovanni,24 - 200 g pkgs.,34.8,0,4,Dairy Products,Cheeses,2014-02,1719.1,Low Value
10436,BLONP,3,2014-02-05,2014-03-05,2014-02-11,2,156.66,46,9.6,5,0,48.0,Blondesddsl père et fils,Frédérique Citeaux,Marketing Manager,Strasbourg,France,Spegesild,4 - 450 g glasses,12.0,0,8,Seafood,Seaweed and fish,2014-02,19088.0,High Value
10436,BLONP,3,2014-02-05,2014-03-05,2014-02-11,2,156.66,56,30.4,40,0,1216.0,Blondesddsl père et fils,Frédérique Citeaux,Marketing Manager,Strasbourg,France,Gnocchi di nonna Alice,24 - 250 g pkgs.,38.0,0,5,Grains & Cereals,"Breads, crackers, pasta, and cereal",2014-02,19088.0,High Value
10436,BLONP,3,2014-02-05,2014-03-05,2014-02-11,2,156.66,64,26.6,30,0,798.0,Blondesddsl père et fils,Frédérique Citeaux,Marketing Manager,Strasbourg,France,Wimmers gute Semmelknödel,20 bags x 4 pieces,33.25,0,5,Grains & Cereals,"Breads, crackers, pasta, and cereal",2014-02,19088.0,High Value
10436,BLONP,3,2014-02-05,2014-03-05,2014-02-11,2,156.66,75,6.2,24,0,148.8,Blondesddsl père et fils,Frédérique Citeaux,Marketing Manager,Strasbourg,France,Rhönbräu Klosterbier,24 - 0.5 l bottles,7.75,0,1,Beverages,"Soft drinks, coffees, teas, beers, and ales",2014-02,19088.0,High Value
10437,WARTH,8,2014-02-05,2014-03-05,2014-02-12,1,19.97,53,26.2,15,0,393.0,Wartian Herkku,Pirkko Koskitalo,Accounting Manager,Oulu,Finland,Perth Pasties,48 pieces,32.8,1,6,Meat & Poultry,Prepared meats,2014-02,16617.1,High Value
10438,TOMSP,3,2014-02-06,2014-03-06,2014-02-14,2,8.24,19,7.3,15,0,109.5,Toms Spezialitäten,Karin Josephs,Marketing Manager,Münster,Germany,Teatime Chocolate Biscuits,10 boxes x 12 pieces,9.2,0,3,Confections,"Desserts, candies, and sweet breads",2014-02,4954.0,Low Value
10438,TOMSP,3,2014-02-06,2014-03-06,2014-02-14,2,8.24,34,11.2,20,0,224.0,Toms Spezialitäten,Karin Josephs,Marketing Manager,Münster,Germany,Sasquatch Ale,24 - 12 oz bottles,14.0,0,1,Beverages,"Soft drinks, coffees, teas, beers, and ales",2014-02,4954.0,Low Value
10438,TOMSP,3,2014-02-06,2014-03-06,2014-02-14,2,8.24,57,15.6,15,0,234.0,Toms Spezialitäten,Karin Josephs,Marketing Manager,Münster,Germany,Ravioli Angelo,24 - 250 g pkgs.,19.5,0,5,Grains & Cereals,"Breads, crackers, pasta, and cereal",2014-02,4954.0,Low Value
10439,MEREP,6,2014-02-07,2014-03-07,2014-02-10,3,4.07,12,30.4,15,0,456.0,Mère Paillarde,Jean Fresnière,Marketing Assistant,Montréal,Canada,Queso Manchego La Pastora,10 - 500 g pkgs.,38.0,0,4,Dairy Products,Cheeses,2014-02,32203.9,High Value
10439,MEREP,6,2014-02-07,2014-03-07,2014-02-10,3,4.07,16,13.9,16,0,222.4,Mère Paillarde,Jean Fresnière,Marketing Assistant,Montréal,Canada,Pavlova,32 - 500 g boxes,17.45,0,3,Confections,"Desserts, candies, and sweet breads",2014-02,32203.9,High Value
10439,MEREP,6,2014-02-07,2014-03-07,2014-02-10,3,4.07,64,26.6,6,0,159.60000000000002,Mère Paillarde,Jean Fresnière,Marketing Assistant,Montréal,Canada,Wimmers gute Semmelknödel,20 bags x 4 pieces,33.25,0,5,Grains & Cereals,"Breads, crackers, pasta, and cereal",2014-02,32203.9,High Value
10439,MEREP,6,2014-02-07,2014-03-07,2014-02-10,3,4.07,74,8.0,30,0,240.0,Mère Paillarde,Jean Fresnière,Marketing Assistant,Montréal,Canada,Longlife Tofu,5 kg pkg.,10.0,0,7,Produce,Dried fruit and bean curd,2014-02,32203.9,High Value
10440,SAVEA,4,2014-02-10,2014-03-10,2014-02-28,2,86.53,2,15.2,45,0,684.0,Save-a-lot Markets,Jose Pavarotti,Sales Representative,Boise,USA,Chang,24 - 12 oz bottles,19.0,0,1,Beverages,"Soft drinks, coffees, teas, beers, and ales",2014-02,115673.39,High Value
10440,SAVEA,4,2014-02-10,2014-03-10,2014-02-28,2,86.53,16,13.9,49,0,681.1,Save-a-lot Markets,Jose Pavarotti,Sales Representative,Boise,USA,Pavlova,32 - 500 g boxes,17.45,0,3,Confections,"Desserts, candies, and sweet breads",2014-02,115673.39,High Value
10440,SAVEA,4,2014-02-10,2014-03-10,2014-02-28,2,86.53,29,99.0,24,0,2376.0,Save-a-lot Markets,Jose Pavarotti,Sales Representative,Boise,USA,Thüringer Rostbratwurst,50 bags x 30 sausgs.,123.79,1,6,Meat & Poultry,Prepared meats,2014-02,115673.39,High Value
10440,SAVEA,4,2014-02-10,2014-03-10,2014-02-28,2,86.53,61,22.8,90,0,2052.0,Save-a-lot Markets,Jose Pavarotti,Sales Representative,Boise,USA,Sirop d'érable,24 - 500 ml bottles,28.5,0,2,Condiments,"Sweet and savory sauces, relishes, spreads, and seasonings",2014-02,115673.39,High Value
10441,OLDWO,3,2014-02-10,2014-03-24,2014-03-14,2,73.02,27,35.1,50,0,1755.0,Old World Delicatessen,Rene Phillips,Sales Representative,Anchorage,USA,Schoggi Schokolade,100 - 100 g pieces,43.9,0,3,Confections,"Desserts, candies, and sweet breads",2014-02,16325.15,High Value
10442,ERNSH,3,2014-02-11,2014-03-11,2014-02-18,2,47.94,11,16.8,30,0,504.0,Ernst Handel,Roland Mendel,Sales Manager,Graz,Austria,Queso Cabrales,1 kg pkg.,21.0,0,4,Dairy Products,Cheeses,2014-02,103115.18,High Value
10442,ERNSH,3,2014-02-11,2014-03-11,2014-02-18,2,47.94,54,5.9,80,0,472.0,Ernst Handel,Roland Mendel,Sales Manager,Graz,Austria,Tourtière,16 pies,7.45,0,6,Meat & Poultry,Prepared meats,2014-02,103115.18,High Value
10442,ERNSH,3,2014-02-11,2014-03-11,2014-02-18,2,47.94,66,13.6,60,0,816.0,Ernst Handel,Roland Mendel,Sales Manager,Graz,Austria,Louisiana Hot Spiced Okra,24 - 8 oz jars,17.0,0,2,Condiments,"Sweet and savory sauces, relishes, spreads, and seasonings",2014-02,103115.18,High Value
10443,REGGC,8,2014-02-12,2014-03-12,2014-02-14,1,13.95,11,16.8,6,0,100.80000000000001,Reggiani Caseifici,Maurizio Moroni,Sales Associate,Reggio Emilia,Italy,Queso Cabrales,1 kg pkg.,21.0,0,4,Dairy Products,Cheeses,2014-02,7047.6,Medium Value
10443,REGGC,8,2014-02-12,2014-03-12,2014-02-14,1,13.95,28,36.4,12,0,436.79999999999995,Reggiani Caseifici,Maurizio Moroni,Sales Associate,Reggio Emilia,Italy,Rössle Sauerkraut,25 - 825 g cans,45.6,1,7,Produce,Dried fruit and bean curd,2014-02,7047.6,Medium Value
10444,BERGS,3,2014-02-12,2014-03-12,2014-02-21,3,3.5,17,31.2,10,0,312.0,Berglunds snabbköp,Christina Berglund,Order Administrator,Luleå,Sweden,Alice Mutton,20 - 1 kg tins,39.0,1,6,Meat & Poultry,Prepared meats,2014-02,26968.149999999998,High Value
10444,BERGS,3,2014-02-12,2014-03-12,2014-02-21,3,3.5,26,24.9,15,0,373.5,Berglunds snabbköp,Christina Berglund,Order Administrator,Luleå,Sweden,Gumbär Gummibärchen,100 - 250 g bags,31.23,0,3,Confections,"Desserts, candies, and sweet breads",2014-02,26968.149999999998,High Value
10444,BERGS,3,2014-02-12,2014-03-12,2014-02-21,3,3.5,35,14.4,8,0,115.2,Berglunds snabbköp,Christina Berglund,Order Administrator,Luleå,Sweden,Steeleye Stout,24 - 12 oz bottles,18.0,0,1,Beverages,"Soft drinks, coffees, teas, beers, and ales",2014-02,26968.149999999998,High Value
10444,BERGS,3,2014-02-12,2014-03-12,2014-02-21,3,3.5,41,7.7,30,0,231.0,Berglunds snabbköp,Christina Berglund,Order Administrator,Luleå,Sweden,Jack's New England Clam Chowder,12 - 12 oz cans,9.65,0,8,Seafood,Seaweed and fish,2014-02,26968.149999999998,High Value
10445,BERGS,3,2014-02-13,2014-03-13,2014-02-20,1,9.3,39,14.4,6,0,86.4,Berglunds snabbköp,Christina Berglund,Order Administrator,Luleå,Sweden,Chartreuse verte,750 cc per bottle,18.0,0,1,Beverages,"Soft drinks, coffees, teas, beers, and ales",2014-02,26968.149999999998,High Value
10445,BERGS,3,2014-02-13,2014-03-13,2014-02-20,1,9.3,54,5.9,15,0,88.5,Berglunds snabbköp,Christina Berglund,Order Administrator,Luleå,Sweden,Tourtière,16 pies,7.45,0,6,Meat & Poultry,Prepared meats,2014-02,26968.149999999998,High Value
10446,TOMSP,6,2014-02-14,2014-03-14,2014-02-19,1,14.68,19,7.3,12,0,87.6,Toms Spezialitäten,Karin Josephs,Marketing Manager,Münster,Germany,Teatime Chocolate Biscuits,10 boxes x 12 pieces,9.2,0,3,Confections,"Desserts, candies, and sweet breads",2014-02,4954.0,Low Value
10446,TOMSP,6,2014-02-14,2014-03-14,2014-02-19,1,14.68,24,3.6,20,0,72.0,Toms Spezialitäten,Karin Josephs,Marketing Manager,Münster,Germany,Guarana Fantastica,12 - 355 ml cans,4.5,1,1,Beverages,"Soft drinks, coffees, teas, beers, and ales",2014-02,4954.0,Low Value
10446,TOMSP,6,2014-02-14,2014-03-14,2014-02-19,1,14.68,31,10.0,3,0,30.0,Toms Spezialitäten,Karin Josephs,Marketing Manager,Münster,Germany,Gorgonzola Telino,12 - 100 g pkgs,12.5,0,4,Dairy Products,Cheeses,2014-02,4954.0,Low Value
10446,TOMSP,6,2014-02-14,2014-03-14,2014-02-19,1,14.68,52,5.6,15,0,84.0,Toms Spezialitäten,Karin Josephs,Marketing Manager,Münster,Germany,Filo Mix,16 - 2 kg boxes,7.0,0,5,Grains & Cereals,"Breads, crackers, pasta, and cereal",2014-02,4954.0,Low Value
10447,RICAR,4,2014-02-14,2014-03-14,2014-03-07,2,68.66,19,7.3,40,0,292.0,Ricardo Adocicados,Janete Limeira,Assistant Sales Agent,Rio de Janeiro,Brazil,Teatime Chocolate Biscuits,10 boxes x 12 pieces,9.2,0,3,Confections,"Desserts, candies, and sweet breads",2014-02,11086.4,High Value
10447,RICAR,4,2014-02-14,2014-03-14,2014-03-07,2,68.66,65,16.8,35,0,588.0,Ricardo Adocicados,Janete Limeira,Assistant Sales Agent,Rio de Janeiro,Brazil,Louisiana Fiery Hot Pepper Sauce,32 - 8 oz bottles,21.05,0,2,Condiments,"Sweet and savory sauces, relishes, spreads, and seasonings",2014-02,11086.4,High Value
10447,RICAR,4,2014-02-14,2014-03-14,2014-03-07,2,68.66,71,17.2,2,0,34.4,Ricardo Adocicados,Janete Limeira,Assistant Sales Agent,Rio de Janeiro,Brazil,Flotemysost,10 - 500 g pkgs.,21.5,0,4,Dairy Products,Cheeses,2014-02,11086.4,High Value
10448,RANCH,4,2014-02-17,2014-03-17,2014-02-24,2,38.82,26,24.9,6,0,149.39999999999998,Rancho grande,Sergio Gutiérrez,Sales Representative,Buenos Aires,Argentina,Gumbär Gummibärchen,100 - 250 g bags,31.23,0,3,Confections,"Desserts, candies, and sweet breads",2014-02,2768.1,Low Value
10448,RANCH,4,2014-02-17,2014-03-17,2014-02-24,2,38.82,40,14.7,20,0,294.0,Rancho grande,Sergio Gutiérrez,Sales Representative,Buenos Aires,Argentina,Boston Crab Meat,24 - 4 oz tins,18.4,0,8,Seafood,Seaweed and fish,2014-02,2768.1,Low Value
10449,BLONP,3,2014-02-18,2014-03-18,2014-02-27,2,53.3,10,24.8,14,0,347.2,Blondesddsl père et fils,Frédérique Citeaux,Marketing Manager,Strasbourg,France,Ikura,12 - 200 ml jars,31.0,0,8,Seafood,Seaweed and fish,2014-02,19088.0,High Value
10449,BLONP,3,2014-02-18,2014-03-18,2014-02-27,2,53.3,52,5.6,20,0,112.0,Blondesddsl père et fils,Frédérique Citeaux,Marketing Manager,Strasbourg,France,Filo Mix,16 - 2 kg boxes,7.0,0,5,Grains & Cereals,"Breads, crackers, pasta, and cereal",2014-02,19088.0,High Value
10449,BLONP,3,2014-02-18,2014-03-18,2014-02-27,2,53.3,62,39.4,35,0,1379.0,Blondesddsl père et fils,Frédérique Citeaux,Marketing Manager,Strasbourg,France,Tarte au sucre,48 pies,49.3,0,3,Confections,"Desserts, candies, and sweet breads",2014-02,19088.0,High Value
10450,VICTE,8,2014-02-19,2014-03-19,2014-03-11,2,7.23,10,24.8,20,0,496.0,Victuailles en stock,Mary Saveley,Sales Agent,Lyon,France,Ikura,12 - 200 ml jars,31.0,0,8,Seafood,Seaweed and fish,2014-02,9937.1,Medium Value
10450,VICTE,8,2014-02-19,2014-03-19,2014-03-11,2,7.23,54,5.9,6,0,35.400000000000006,Victuailles en stock,Mary Saveley,Sales Agent,Lyon,France,Tourtière,16 pies,7.45,0,6,Meat & Poultry,Prepared meats,2014-02,9937.1,Medium Value
10451,QUICK,4,2014-02-19,2014-03-05,2014-03-12,3,189.09,55,19.2,120,0,2304.0,QUICK-Stop,Horst Kloss,Accounting Manager,Cunewalde,Germany,Pâté chinois,24 boxes x 2 pies,24.0,0,6,Meat & Poultry,Prepared meats,2014-02,117483.39,High Value
10451,QUICK,4,2014-02-19,2014-03-05,2014-03-12,3,189.09,64,26.6,35,0,931.0,QUICK-Stop,Horst Kloss,Accounting Manager,Cunewalde,Germany,Wimmers gute Semmelknödel,20 bags x 4 pieces,33.25,0,5,Grains & Cereals,"Breads, crackers, pasta, and cereal",2014-02,117483.39,High Value
10451,QUICK,4,2014-02-19,2014-03-05,2014-03-12,3,189.09,65,16.8,28,0,470.40000000000003,QUICK-Stop,Horst Kloss,Accounting Manager,Cunewalde,Germany,Louisiana Fiery Hot Pepper Sauce,32 - 8 oz bottles,21.05,0,2,Condiments,"Sweet and savory sauces, relishes, spreads, and seasonings",2014-02,117483.39,High Value
10451,QUICK,4,2014-02-19,2014-03-05,2014-03-12,3,189.09,77,10.4,55,0,572.0,QUICK-Stop,Horst Kloss,Accounting Manager,Cunewalde,Germany,Original Frankfurter Grüne Soße,12 boxes,13.0,0,2,Condiments,"Sweet and savory sauces, relishes, spreads, and seasonings",2014-02,117483.39,High Value
10452,SAVEA,8,2014-02-20,2014-03-20,2014-02-26,1,140.26,28,36.4,15,0,546.0,Save-a-lot Markets,Jose Pavarotti,Sales Representative,Boise,USA,Rössle Sauerkraut,25 - 825 g cans,45.6,1,7,Produce,Dried fruit and bean curd,2014-02,115673.39,High Value
10452,SAVEA,8,2014-02-20,2014-03-20,2014-02-26,1,140.26,44,15.5,100,0,1550.0,Save-a-lot Markets,Jose Pavarotti,Sales Representative,Boise,USA,Gula Malacca,20 - 2 kg bags,19.45,0,2,Condiments,"Sweet and savory sauces, relishes, spreads, and seasonings",2014-02,115673.39,High Value
10453,AROUT,1,2014-02-21,2014-03-21,2014-02-26,2,25.36,48,10.2,15,0,153.0,Around the Horn,Thomas Hardy,Sales Representative,London,UK,Chocolade,10 pkgs.,12.75,0,3,Confections,"Desserts, candies, and sweet breads",2014-02,13806.5,High Value
10453,AROUT,1,2014-02-21,2014-03-21,2014-02-26,2,25.36,70,12.0,25,0,300.0,Around the Horn,Thomas Hardy,Sales Representative,London,UK,Outback Lager,24 - 355 ml bottles,15.0,0,1,Beverages,"Soft drinks, coffees, teas, beers, and ales",2014-02,13806.5,High Value
10454,LAMAI,4,2014-02-21,2014-03-21,2014-02-25,3,2.74,16,13.9,20,0,278.0,La maison d'Asie,Annette Roulet,Sales Manager,Toulouse,France,Pavlova,32 - 500 g boxes,17.45,0,3,Confections,"Desserts, candies, and sweet breads",2014-02,10227.35,High Value
10454,LAMAI,4,2014-02-21,2014-03-21,2014-02-25,3,2.74,33,2.0,20,0,40.0,La maison d'Asie,Annette Roulet,Sales Manager,Toulouse,France,Geitost,500 g,2.5,0,4,Dairy Products,Cheeses,2014-02,10227.35,High Value
10454,LAMAI,4,2014-02-21,2014-03-21,2014-02-25,3,2.74,46,9.6,10,0,96.0,La maison d'Asie,Annette Roulet,Sales Manager,Toulouse,France,Spegesild,4 - 450 g glasses,12.0,0,8,Seafood,Seaweed and fish,2014-02,10227.35,High Value
10455,WARTH,8,2014-02-24,2014-04-07,2014-03-03,2,180.45,39,14.4,20,0,288.0,Wartian Herkku,Pirkko Koskitalo,Accounting Manager,Oulu,Finland,Chartreuse verte,750 cc per bottle,18.0,0,1,Beverages,"Soft drinks, coffees, teas, beers, and ales",2014-02,16617.1,High Value
10455,WARTH,8,2014-02-24,2014-04-07,2014-03-03,2,180.45,53,26.2,50,0,1310.0,Wartian Herkku,Pirkko Koskitalo,Accounting Manager,Oulu,Finland,Perth Pasties,48 pieces,32.8,1,6,Meat & Poultry,Prepared meats,2014-02,16617.1,High Value
10455,WARTH,8,2014-02-24,2014-04-07,2014-03-03,2,180.45,61,22.8,25,0,570.0,Wartian Herkku,Pirkko Koskitalo,Accounting Manager,Oulu,Finland,Sirop d'érable,24 - 500 ml bottles,28.5,0,2,Condiments,"Sweet and savory sauces, relishes, spreads, and seasonings",2014-02,16617.1,High Value
10455,WARTH,8,2014-02-24,2014-04-07,2014-03-03,2,180.45,71,17.2,30,0,516.0,Wartian Herkku,Pirkko Koskitalo,Accounting Manager,Oulu,Finland,Flotemysost,10 - 500 g pkgs.,21.5,0,4,Dairy Products,Cheeses,2014-02,16617.1,High Value
10456,KOENE,8,2014-02-25,2014-04-08,2014-02-28,2,8.12,21,8.0,40,0,320.0,Königlich Essen,Philip Cramer,Sales Associate,Brandenburg,Germany,Sir Rodney's Scones,24 pkgs. x 4 pieces,10.0,0,3,Confections,"Desserts, candies, and sweet breads",2014-02,31745.75,High Value
10456,KOENE,8,2014-02-25,2014-04-08,2014-02-28,2,8.12,49,16.0,21,0,336.0,Königlich Essen,Philip Cramer,Sales Associate,Brandenburg,Germany,Maxilaku,24 - 50 g pkgs.,20.0,0,3,Confections,"Desserts, candies, and sweet breads",2014-02,31745.75,High Value
10457,KOENE,2,2014-02-25,2014-03-25,2014-03-03,1,11.57,59,44.0,36,0,1584.0,Königlich Essen,Philip Cramer,Sales Associate,Brandenburg,Germany,Raclette Courdavault,5 kg pkg.,55.0,0,4,Dairy Products,Cheeses,2014-02,31745.75,High Value
10458,SUPRD,7,2014-02-26,2014-03-26,2014-03-04,3,147.06,26,24.9,30,0,747.0,Suprêmes délices,Pascale Cartrain,Accounting Manager,Charleroi,Belgium,Gumbär Gummibärchen,100 - 250 g bags,31.23,0,3,Confections,"Desserts, candies, and sweet breads",2014-02,24704.4,High Value
10458,SUPRD,7,2014-02-26,2014-03-26,2014-03-04,3,147.06,28,36.4,30,0,1092.0,Suprêmes délices,Pascale Cartrain,Accounting Manager,Charleroi,Belgium,Rössle Sauerkraut,25 - 825 g cans,45.6,1,7,Produce,Dried fruit and bean curd,2014-02,24704.4,High Value
10458,SUPRD,7,2014-02-26,2014-03-26,2014-03-04,3,147.06,43,36.8,20,0,736.0,Suprêmes délices,Pascale Cartrain,Accounting Manager,Charleroi,Belgium,Ipoh Coffee,16 - 500 g tins,46.0,0,1,Beverages,"Soft drinks, coffees, teas, beers, and ales",2014-02,24704.4,High Value
10458,SUPRD,7,2014-02-26,2014-03-26,2014-03-04,3,147.06,56,30.4,15,0,456.0,Suprêmes délices,Pascale Cartrain,Accounting Manager,Charleroi,Belgium,Gnocchi di nonna Alice,24 - 250 g pkgs.,38.0,0,5,Grains & Cereals,"Breads, crackers, pasta, and cereal",2014-02,24704.4,High Value
10458,SUPRD,7,2014-02-26,2014-03-26,2014-03-04,3,147.06,71,17.2,50,0,860.0,Suprêmes délices,Pascale Cartrain,Accounting Manager,Charleroi,Belgium,Flotemysost,10 - 500 g pkgs.,21.5,0,4,Dairy Products,Cheeses,2014-02,24704.4,High Value
10459,VICTE,4,2014-02-27,2014-03-27,2014-02-28,2,25.09,7,24.0,16,0,384.0,Victuailles en stock,Mary Saveley,Sales Agent,Lyon,France,Uncle Bob's Organic Dried Pears,12 - 1 lb pkgs.,30.0,0,7,Produce,Dried fruit and bean curd,2014-02,9937.1,Medium Value
10459,VICTE,4,2014-02-27,2014-03-27,2014-02-28,2,25.09,46,9.6,20,0,192.0,Victuailles en stock,Mary Saveley,Sales Agent,Lyon,France,Spegesild,4 - 450 g glasses,12.0,0,8,Seafood,Seaweed and fish,2014-02,9937.1,Medium Value
10459,VICTE,4,2014-02-27,2014-03-27,2014-02-28,2,25.09,72,27.8,40,0,1112.0,Victuailles en stock,Mary Saveley,Sales Agent,Lyon,France,Mozzarella di Giovanni,24 - 200 g pkgs.,34.8,0,4,Dairy Products,Cheeses,2014-02,9937.1,Medium Value
10460,FOLKO,8,2014-02-28,2014-03-28,2014-03-03,1,16.27,68,10.0,21,0,210.0,Folk och fä HB,Maria Larsson,Owner,Bräcke,Sweden,Scottish Longbreads,10 boxes x 8 pieces,12.5,0,3,Confections,"Desserts, candies, and sweet breads",2014-02,32555.55,High Value
10460,FOLKO,8,2014-02-28,2014-03-28,2014-03-03,1,16.27,75,6.2,4,0,24.8,Folk och fä HB,Maria Larsson,Owner,Bräcke,Sweden,Rhönbräu Klosterbier,24 - 0.5 l bottles,7.75,0,1,Beverages,"Soft drinks, coffees, teas, beers, and ales",2014-02,32555.55,High Value
10461,LILAS,1,2014-02-28,2014-03-28,2014-03-05,3,148.61,21,8.0,40,0,320.0,LILA-Supermercado,Carlos González,Accounting Manager,Barquisimeto,Venezuela,Sir Rodney's Scones,24 pkgs. x 4 pieces,10.0,0,3,Confections,"Desserts, candies, and sweet breads",2014-02,17062.5,High Value
10461,LILAS,1,2014-02-28,2014-03-28,2014-03-05,3,148.61,30,20.7,28,0,579.6,LILA-Supermercado,Carlos González,Accounting Manager,Barquisimeto,Venezuela,Nord-Ost Matjeshering,10 - 200 g glasses,25.89,0,8,Seafood,Seaweed and fish,2014-02,17062.5,High Value
10461,LILAS,1,2014-02-28,2014-03-28,2014-03-05,3,148.61,55,19.2,60,0,1152.0,LILA-Supermercado,Carlos González,Accounting Manager,Barquisimeto,Venezuela,Pâté chinois,24 boxes x 2 pies,24.0,0,6,Meat & Poultry,Prepared meats,2014-02,17062.5,High Value
10462,CONSH,2,2014-03-03,2014-03-31,2014-03-18,1,6.17,13,4.8,1,0,4.8,Consolidated Holdings,Elizabeth Brown,Sales Representative,London,UK,Konbu,2 kg box,6.0,0,8,Seafood,Seaweed and fish,2014-03,1719.1,Low Value
10462,CONSH,2,2014-03-03,2014-03-31,2014-03-18,1,6.17,23,7.2,21,0,151.20000000000002,Consolidated Holdings,Elizabeth Brown,Sales Representative,London,UK,Tunnbröd,12 - 250 g pkgs.,9.0,0,5,Grains & Cereals,"Breads, crackers, pasta, and cereal",2014-03,1719.1,Low Value
10463,SUPRD,5,2014-03-04,2014-04-01,2014-03-06,3,14.78,19,7.3,21,0,153.29999999999998,Suprêmes délices,Pascale Cartrain,Accounting Manager,Charleroi,Belgium,Teatime Chocolate Biscuits,10 boxes x 12 pieces,9.2,0,3,Confections,"Desserts, candies, and sweet breads",2014-03,24704.4,High Value
10463,SUPRD,5,2014-03-04,2014-04-01,2014-03-06,3,14.78,42,11.2,50,0,560.0,Suprêmes délices,Pascale Cartrain,Accounting Manager,Charleroi,Belgium,Singaporean Hokkien Fried Mee,32 - 1 kg pkgs.,14.0,1,5,Grains & Cereals,"Breads, crackers, pasta, and cereal",2014-03,24704.4,High Value
10464,FURIB,4,2014-03-04,2014-04-01,2014-03-14,2,89.0,4,17.6,16,0,281.6,Furia Bacalhau e Frutos do Mar,Lino Rodriguez,Sales Manager,Lisboa,Portugal,Chef Anton's Cajun Seasoning,48 - 6 oz jars,22.0,0,2,Condiments,"Sweet and savory sauces, relishes, spreads, and seasonings",2014-03,7151.55,Medium Value
10464,FURIB,4,2014-03-04,2014-04-01,2014-03-14,2,89.0,43,36.8,3,0,110.39999999999999,Furia Bacalhau e Frutos do Mar,Lino Rodriguez,Sales Manager,Lisboa,Portugal,Ipoh Coffee,16 - 500 g tins,46.0,0,1,Beverages,"Soft drinks, coffees, teas, beers, and ales",2014-03,7151.55,Medium Value
10464,FURIB,4,2014-03-04,2014-04-01,2014-03-14,2,89.0,56,30.4,30,0,912.0,Furia Bacalhau e Frutos do Mar,Lino Rodriguez,Sales Manager,Lisboa,Portugal,Gnocchi di nonna Alice,24 - 250 g pkgs.,38.0,0,5,Grains & Cereals,"Breads, crackers, pasta, and cereal",2014-03,7151.55,Medium Value
10464,FURIB,4,2014-03-04,2014-04-01,2014-03-14,2,89.0,60,27.2,20,0,544.0,Furia Bacalhau e Frutos do Mar,Lino Rodriguez,Sales Manager,Lisboa,Portugal,Camembert Pierrot,15 - 300 g rounds,34.0,0,4,Dairy Products,Cheeses,2014-03,7151.55,Medium Value
10465,VAFFE,1,2014-03-05,2014-04-02,2014-03-14,3,145.04,24,3.6,25,0,90.0,Vaffeljernet,Palle Ibsen,Sales Manager,Århus,Denmark,Guarana Fantastica,12 - 355 ml cans,4.5,1,1,Beverages,"Soft drinks, coffees, teas, beers, and ales",2014-03,16643.8,High Value
10465,VAFFE,1,2014-03-05,2014-04-02,2014-03-14,3,145.04,29,99.0,18,0,1782.0,Vaffeljernet,Palle Ibsen,Sales Manager,Århus,Denmark,Thüringer Rostbratwurst,50 bags x 30 sausgs.,123.79,1,6,Meat & Poultry,Prepared meats,2014-03,16643.8,High Value
10465,VAFFE,1,2014-03-05,2014-04-02,2014-03-14,3,145.04,40,14.7,20,0,294.0,Vaffeljernet,Palle Ibsen,Sales Manager,Århus,Denmark,Boston Crab Meat,24 - 4 oz tins,18.4,0,8,Seafood,Seaweed and fish,2014-03,16643.8,High Value
10465,VAFFE,1,2014-03-05,2014-04-02,2014-03-14,3,145.04,45,7.6,30,0,228.0,Vaffeljernet,Palle Ibsen,Sales Manager,Århus,Denmark,Rogede sild,1k pkg.,9.5,0,8,Seafood,Seaweed and fish,2014-03,16643.8,High Value
10465,VAFFE,1,2014-03-05,2014-04-02,2014-03-14,3,145.04,50,13.0,25,0,325.0,Vaffeljernet,Palle Ibsen,Sales Manager,Århus,Denmark,Valkoinen suklaa,12 - 100 g bars,16.25,0,3,Confections,"Desserts, candies, and sweet breads",2014-03,16643.8,High Value
10466,COMMI,4,2014-03-06,2014-04-03,2014-03-13,1,11.93,11,16.8,10,0,168.0,Comércio Mineiro,Pedro Afonso,Sales Associate,Sao Paulo,Brazil,Queso Cabrales,1 kg pkg.,21.0,0,4,Dairy Products,Cheeses,2014-03,3810.75,Low Value
10466,COMMI,4,2014-03-06,2014-04-03,2014-03-13,1,11.93,46,9.6,5,0,48.0,Comércio Mineiro,Pedro Afonso,Sales Associate,Sao Paulo,Brazil,Spegesild,4 - 450 g glasses,12.0,0,8,Seafood,Seaweed and fish,2014-03,3810.75,Low Value
10467,MAGAA,8,2014-03-06,2014-04-03,2014-03-11,2,4.93,24,3.6,28,0,100.8,Magazzini Alimentari Riuniti,Giovanni Rovelli,Marketing Manager,Bergamo,Italy,Guarana Fantastica,12 - 355 ml cans,4.5,1,1,Beverages,"Soft drinks, coffees, teas, beers, and ales",2014-03,7603.85,Medium Value
10467,MAGAA,8,2014-03-06,2014-04-03,2014-03-11,2,4.93,25,11.2,12,0,134.39999999999998,Magazzini Alimentari Riuniti,Giovanni Rovelli,Marketing Manager,Bergamo,Italy,NuNuCa Nuß-Nougat-Creme,20 - 450 g glasses,14.0,0,3,Confections,"Desserts, candies, and sweet breads",2014-03,7603.85,Medium Value
10468,KOENE,3,2014-03-07,2014-04-04,2014-03-12,3,44.12,30,20.7,8,0,165.6,Königlich Essen,Philip Cramer,Sales Associate,Brandenburg,Germany,Nord-Ost Matjeshering,10 - 200 g glasses,25.89,0,8,Seafood,Seaweed and fish,2014-03,31745.75,High Value
10468,KOENE,3,2014-03-07,2014-04-04,2014-03-12,3,44.12,43,36.8,15,0,552.0,Königlich Essen,Philip Cramer,Sales Associate,Brandenburg,Germany,Ipoh Coffee,16 - 500 g tins,46.0,0,1,Beverages,"Soft drinks, coffees, teas, beers, and ales",2014-03,31745.75,High Value
10469,WHITC,1,2014-03-10,2014-04-07,2014-03-14,1,60.18,2,15.2,40,0,608.0,White Clover Markets,Karl Jablonski,Owner,Seattle,USA,Chang,24 - 12 oz bottles,19.0,0,1,Beverages,"Soft drinks, coffees, teas, beers, and ales",2014-03,29073.45,High Value
10469,WHITC,1,2014-03-10,2014-04-07,2014-03-14,1,60.18,16,13.9,35,0,486.5,White Clover Markets,Karl Jablonski,Owner,Seattle,USA,Pavlova,32 - 500 g boxes,17.45,0,3,Confections,"Desserts, candies, and sweet breads",2014-03,29073.45,High Value
10469,WHITC,1,2014-03-10,2014-04-07,2014-03-14,1,60.18,44,15.5,2,0,31.0,White Clover Markets,Karl Jablonski,Owner,Seattle,USA,Gula Malacca,20 - 2 kg bags,19.45,0,2,Condiments,"Sweet and savory sauces, relishes, spreads, and seasonings",2014-03,29073.45,High Value
10470,BONAP,4,2014-03-11,2014-04-08,2014-03-14,2,64.56,18,50.0,30,0,1500.0,Bon app',Laurence Lebihan,Owner,Marseille,France,Carnarvon Tigers,16 kg pkg.,62.5,0,8,Seafood,Seaweed and fish,2014-03,22793.95,High Value
10470,BONAP,4,2014-03-11,2014-04-08,2014-03-14,2,64.56,23,7.2,15,0,108.0,Bon app',Laurence Lebihan,Owner,Marseille,France,Tunnbröd,12 - 250 g pkgs.,9.0,0,5,Grains & Cereals,"Breads, crackers, pasta, and cereal",2014-03,22793.95,High Value
10470,BONAP,4,2014-03-11,2014-04-08,2014-03-14,2,64.56,64,26.6,8,0,212.8,Bon app',Laurence Lebihan,Owner,Marseille,France,Wimmers gute Semmelknödel,20 bags x 4 pieces,33.25,0,5,Grains & Cereals,"Breads, crackers, pasta, and cereal",2014-03,22793.95,High Value
10471,BSBEV,2,2014-03-11,2014-04-08,2014-03-18,3,45.59,7,24.0,30,0,720.0,B's Beverages,Victoria Ashworth,Sales Representative,London,UK,Uncle Bob's Organic Dried Pears,12 - 1 lb pkgs.,30.0,0,7,Produce,Dried fruit and bean curd,2014-03,6089.9,Medium Value
10471,BSBEV,2,2014-03-11,2014-04-08,2014-03-18,3,45.59,56,30.4,20,0,608.0,B's Beverages,Victoria Ashworth,Sales Representative,London,UK,Gnocchi di nonna Alice,24 - 250 g pkgs.,38.0,0,5,Grains & Cereals,"Breads, crackers, pasta, and cereal",2014-03,6089.9,Medium Value
10472,SEVES,8,2014-03-12,2014-04-09,2014-03-19,1,4.2,24,3.6,80,0,288.0,Seven Seas Imports,Hari Kumar,Sales Manager,London,UK,Guarana Fantastica,12 - 355 ml cans,4.5,1,1,Beverages,"Soft drinks, coffees, teas, beers, and ales",2014-03,17172.05,High Value
10472,SEVES,8,2014-03-12,2014-04-09,2014-03-19,1,4.2,51,42.4,18,0,763.1999999999999,Seven Seas Imports,Hari Kumar,Sales Manager,London,UK,Manjimup Dried Apples,50 - 300 g pkgs.,53.0,0,7,Produce,Dried fruit and bean curd,2014-03,17172.05,High Value
10473,ISLAT,1,2014-03-13,2014-03-27,2014-03-21,3,16.37,33,2.0,12,0,24.0,Island Trading,Helen Bennett,Marketing Manager,Cowes,UK,Geitost,500 g,2.5,0,4,Dairy Products,Cheeses,2014-03,6146.3,Medium Value
10473,ISLAT,1,2014-03-13,2014-03-27,2014-03-21,3,16.37,71,17.2,12,0,206.39999999999998,Island Trading,Helen Bennett,Marketing Manager,Cowes,UK,Flotemysost,10 - 500 g pkgs.,21.5,0,4,Dairy Products,Cheeses,2014-03,6146.3,Medium Value
10474,PERIC,5,2014-03-13,2014-04-10,2014-03-21,2,83.49,14,18.6,12,0,223.20000000000002,Pericles Comidas clásicas,Guillermo Fernández,Sales Representative,Mexico City,Mexico,Tofu,40 - 100 g pkgs.,23.25,0,7,Produce,Dried fruit and bean curd,2014-03,3942.2,Low Value
10474,PERIC,5,2014-03-13,2014-04-10,2014-03-21,2,83.49,28,36.4,18,0,655.1999999999999,Pericles Comidas clásicas,Guillermo Fernández,Sales Representative,Mexico City,Mexico,Rössle Sauerkraut,25 - 825 g cans,45.6,1,7,Produce,Dried fruit and bean curd,2014-03,3942.2,Low Value
10474,PERIC,5,2014-03-13,2014-04-10,2014-03-21,2,83.49,40,14.7,21,0,308.7,Pericles Comidas clásicas,Guillermo Fernández,Sales Representative,Mexico City,Mexico,Boston Crab Meat,24 - 4 oz tins,18.4,0,8,Seafood,Seaweed and fish,2014-03,3942.2,Low Value
10474,PERIC,5,2014-03-13,2014-04-10,2014-03-21,2,83.49,75,6.2,10,0,62.0,Pericles Comidas clásicas,Guillermo Fernández,Sales Representative,Mexico City,Mexico,Rhönbräu Klosterbier,24 - 0.5 l bottles,7.75,0,1,Beverages,"Soft drinks, coffees, teas, beers, and ales",2014-03,3942.2,Low Value
10475,SUPRD,9,2014-03-14,2014-04-11,2014-04-04,1,68.52,31,10.0,35,0,350.0,Suprêmes délices,Pascale Cartrain,Accounting Manager,Charleroi,Belgium,Gorgonzola Telino,12 - 100 g pkgs,12.5,0,4,Dairy Products,Cheeses,2014-03,24704.4,High Value
10475,SUPRD,9,2014-03-14,2014-04-11,2014-04-04,1,68.52,66,13.6,60,0,816.0,Suprêmes délices,Pascale Cartrain,Accounting Manager,Charleroi,Belgium,Louisiana Hot Spiced Okra,24 - 8 oz jars,17.0,0,2,Condiments,"Sweet and savory sauces, relishes, spreads, and seasonings",2014-03,24704.4,High Value
10475,SUPRD,9,2014-03-14,2014-04-11,2014-04-04,1,68.52,76,14.4,42,0,604.8000000000001,Suprêmes délices,Pascale Cartrain,Accounting Manager,Charleroi,Belgium,Lakkaliköri,500 ml,18.0,0,1,Beverages,"Soft drinks, coffees, teas, beers, and ales",2014-03,24704.4,High Value
10476,HILAA,8,2014-03-17,2014-04-14,2014-03-24,3,4.41,55,19.2,2,0,38.4,HILARION-Abastos,Carlos Hernández,Sales Representative,San Cristóbal,Venezuela,Pâté chinois,24 boxes x 2 pies,24.0,0,6,Meat & Poultry,Prepared meats,2014-03,23611.58,High Value
10476,HILAA,8,2014-03-17,2014-04-14,2014-03-24,3,4.41,70,12.0,12,0,144.0,HILARION-Abastos,Carlos Hernández,Sales Representative,San Cristóbal,Venezuela,Outback Lager,24 - 355 ml bottles,15.0,0,1,Beverages,"Soft drinks, coffees, teas, beers, and ales",2014-03,23611.58,High Value
10477,PRINI,5,2014-03-17,2014-04-14,2014-03-25,2,13.02,1,14.4,15,0,216.0,Princesa Isabel Vinhos,Isabel de Castro,Sales Representative,Lisboa,Portugal,Chai,10 boxes x 20 bags,18.0,0,1,Beverages,"Soft drinks, coffees, teas, beers, and ales",2014-03,5317.1,Medium Value
10477,PRINI,5,2014-03-17,2014-04-14,2014-03-25,2,13.02,21,8.0,21,0,168.0,Princesa Isabel Vinhos,Isabel de Castro,Sales Representative,Lisboa,Portugal,Sir Rodney's Scones,24 pkgs. x 4 pieces,10.0,0,3,Confections,"Desserts, candies, and sweet breads",2014-03,5317.1,Medium Value
10477,PRINI,5,2014-03-17,2014-04-14,2014-03-25,2,13.02,39,14.4,20,0,288.0,Princesa Isabel Vinhos,Isabel de Castro,Sales Representative,Lisboa,Portugal,Chartreuse verte,750 cc per bottle,18.0,0,1,Beverages,"Soft drinks, coffees, teas, beers, and ales",2014-03,5317.1,Medium Value
10478,VICTE,2,2014-03-18,2014-04-01,2014-03-26,3,4.81,10,24.8,20,0,496.0,Victuailles en stock,Mary Saveley,Sales Agent,Lyon,France,Ikura,12 - 200 ml jars,31.0,0,8,Seafood,Seaweed and fish,2014-03,9937.1,Medium Value
10479,RATTC,3,2014-03-19,2014-04-16,2014-03-21,3,708.95,38,210.8,30,0,6324.0,Rattlesnake Canyon Grocery,Paula Wilson,Assistant Sales Representative,Albuquerque,USA,Côte de Blaye,12 - 75 cl bottles,263.5,0,1,Beverages,"Soft drinks, coffees, teas, beers, and ales",2014-03,50871.3,High Value
10479,RATTC,3,2014-03-19,2014-04-16,2014-03-21,3,708.95,53,26.2,28,0,733.6,Rattlesnake Canyon Grocery,Paula Wilson,Assistant Sales Representative,Albuquerque,USA,Perth Pasties,48 pieces,32.8,1,6,Meat & Poultry,Prepared meats,2014-03,50871.3,High Value
10479,RATTC,3,2014-03-19,2014-04-16,2014-03-21,3,708.95,59,44.0,60,0,2640.0,Rattlesnake Canyon Grocery,Paula Wilson,Assistant Sales Representative,Albuquerque,USA,Raclette Courdavault,5 kg pkg.,55.0,0,4,Dairy Products,Cheeses,2014-03,50871.3,High Value
10479,RATTC,3,2014-03-19,2014-04-16,2014-03-21,3,708.95,64,26.6,30,0,798.0,Rattlesnake Canyon Grocery,Paula Wilson,Assistant Sales Representative,Albuquerque,USA,Wimmers gute Semmelknödel,20 bags x 4 pieces,33.25,0,5,Grains & Cereals,"Breads, crackers, pasta, and cereal",2014-03,50871.3,High Value
10480,FOLIG,6,2014-03-20,2014-04-17,2014-03-24,2,1.35,47,7.6,30,0,228.0,Folies gourmandes,Martine Rancé,Assistant Sales Agent,Lille,France,Zaanse koeken,10 - 4 oz boxes,9.5,0,3,Confections,"Desserts, candies, and sweet breads",2014-03,11666.9,High Value
10480,FOLIG,6,2014-03-20,2014-04-17,2014-03-24,2,1.35,59,44.0,12,0,528.0,Folies gourmandes,Martine Rancé,Assistant Sales Agent,Lille,France,Raclette Courdavault,5 kg pkg.,55.0,0,4,Dairy Products,Cheeses,2014-03,11666.9,High Value
10481,RICAR,8,2014-03-20,2014-04-17,2014-03-25,2,64.33,49,16.0,24,0,384.0,Ricardo Adocicados,Janete Limeira,Assistant Sales Agent,Rio de Janeiro,Brazil,Maxilaku,24 - 50 g pkgs.,20.0,0,3,Confections,"Desserts, candies, and sweet breads",2014-03,11086.4,High Value
10481,RICAR,8,2014-03-20,2014-04-17,2014-03-25,2,64.33,60,27.2,40,0,1088.0,Ricardo Adocicados,Janete Limeira,Assistant Sales Agent,Rio de Janeiro,Brazil,Camembert Pierrot,15 - 300 g rounds,34.0,0,4,Dairy Products,Cheeses,2014-03,11086.4,High Value
10482,LAZYK,1,2014-03-21,2014-04-18,2014-04-10,3,7.48,40,14.7,10,0,147.0,Lazy K Kountry Store,John Steel,Marketing Manager,Walla Walla,USA,Boston Crab Meat,24 - 4 oz tins,18.4,0,8,Seafood,Seaweed and fish,2014-03,357.0,Low Value
10483,WHITC,7,2014-03-24,2014-04-21,2014-04-25,2,15.28,34,11.2,35,0,392.0,White Clover Markets,Karl Jablonski,Owner,Seattle,USA,Sasquatch Ale,24 - 12 oz bottles,14.0,0,1,Beverages,"Soft drinks, coffees, teas, beers, and ales",2014-03,29073.45,High Value
10483,WHITC,7,2014-03-24,2014-04-21,2014-04-25,2,15.28,77,10.4,30,0,312.0,White Clover Markets,Karl Jablonski,Owner,Seattle,USA,Original Frankfurter Grüne Soße,12 boxes,13.0,0,2,Condiments,"Sweet and savory sauces, relishes, spreads, and seasonings",2014-03,29073.45,High Value
10484,BSBEV,3,2014-03-24,2014-04-21,2014-04-01,3,6.88,21,8.0,14,0,112.0,B's Beverages,Victoria Ashworth,Sales Representative,London,UK,Sir Rodney's Scones,24 pkgs. x 4 pieces,10.0,0,3,Confections,"Desserts, candies, and sweet breads",2014-03,6089.9,Medium Value
10484,BSBEV,3,2014-03-24,2014-04-21,2014-04-01,3,6.88,40,14.7,10,0,147.0,B's Beverages,Victoria Ashworth,Sales Representative,London,UK,Boston Crab Meat,24 - 4 oz tins,18.4,0,8,Seafood,Seaweed and fish,2014-03,6089.9,Medium Value
10484,BSBEV,3,2014-03-24,2014-04-21,2014-04-01,3,6.88,51,42.4,3,0,127.19999999999999,B's Beverages,Victoria Ashworth,Sales Representative,London,UK,Manjimup Dried Apples,50 - 300 g pkgs.,53.0,0,7,Produce,Dried fruit and bean curd,2014-03,6089.9,Medium Value
10485,LINOD,4,2014-03-25,2014-04-08,2014-03-31,2,64.45,2,15.2,20,0,304.0,LINO-Delicateses,Felipe Izquierdo,Owner,I. de Margarita,Venezuela,Chang,24 - 12 oz bottles,19.0,0,1,Beverages,"Soft drinks, coffees, teas, beers, and ales",2014-03,14799.55,High Value
10485,LINOD,4,2014-03-25,2014-04-08,2014-03-31,2,64.45,3,8.0,20,0,160.0,LINO-Delicateses,Felipe Izquierdo,Owner,I. de Margarita,Venezuela,Aniseed Syrup,12 - 550 ml bottles,10.0,0,2,Condiments,"Sweet and savory sauces, relishes, spreads, and seasonings",2014-03,14799.55,High Value
10485,LINOD,4,2014-03-25,2014-04-08,2014-03-31,2,64.45,55,19.2,30,0,576.0,LINO-Delicateses,Felipe Izquierdo,Owner,I. de Margarita,Venezuela,Pâté chinois,24 boxes x 2 pies,24.0,0,6,Meat & Poultry,Prepared meats,2014-03,14799.55,High Value
10485,LINOD,4,2014-03-25,2014-04-08,2014-03-31,2,64.45,70,12.0,60,0,720.0,LINO-Delicateses,Felipe Izquierdo,Owner,I. de Margarita,Venezuela,Outback Lager,24 - 355 ml bottles,15.0,0,1,Beverages,"Soft drinks, coffees, teas, beers, and ales",2014-03,14799.55,High Value
10486,HILAA,1,2014-03-26,2014-04-23,2014-04-02,2,30.53,11,16.8,5,0,84.0,HILARION-Abastos,Carlos Hernández,Sales Representative,San Cristóbal,Venezuela,Queso Cabrales,1 kg pkg.,21.0,0,4,Dairy Products,Cheeses,2014-03,23611.58,High Value
10486,HILAA,1,2014-03-26,2014-04-23,2014-04-02,2,30.53,51,42.4,25,0,1060.0,HILARION-Abastos,Carlos Hernández,Sales Representative,San Cristóbal,Venezuela,Manjimup Dried Apples,50 - 300 g pkgs.,53.0,0,7,Produce,Dried fruit and bean curd,2014-03,23611.58,High Value
10486,HILAA,1,2014-03-26,2014-04-23,2014-04-02,2,30.53,74,8.0,16,0,128.0,HILARION-Abastos,Carlos Hernández,Sales Representative,San Cristóbal,Venezuela,Longlife Tofu,5 kg pkg.,10.0,0,7,Produce,Dried fruit and bean curd,2014-03,23611.58,High Value
10487,QUEEN,2,2014-03-26,2014-04-23,2014-03-28,2,71.07,19,7.3,5,0,36.5,Queen Cozinha,Lúcia Carvalho,Marketing Assistant,Sao Paulo,Brazil,Teatime Chocolate Biscuits,10 boxes x 12 pieces,9.2,0,3,Confections,"Desserts, candies, and sweet breads",2014-03,27841.3,High Value
10487,QUEEN,2,2014-03-26,2014-04-23,2014-03-28,2,71.07,26,24.9,30,0,747.0,Queen Cozinha,Lúcia Carvalho,Marketing Assistant,Sao Paulo,Brazil,Gumbär Gummibärchen,100 - 250 g bags,31.23,0,3,Confections,"Desserts, candies, and sweet breads",2014-03,27841.3,High Value
10487,QUEEN,2,2014-03-26,2014-04-23,2014-03-28,2,71.07,54,5.9,24,0,141.60000000000002,Queen Cozinha,Lúcia Carvalho,Marketing Assistant,Sao Paulo,Brazil,Tourtière,16 pies,7.45,0,6,Meat & Poultry,Prepared meats,2014-03,27841.3,High Value
10488,FRANK,8,2014-03-27,2014-04-24,2014-04-02,2,4.93,59,44.0,30,0,1320.0,Frankenversand,Peter Franken,Marketing Manager,München,Germany,Raclette Courdavault,5 kg pkg.,55.0,0,4,Dairy Products,Cheeses,2014-03,28722.71,High Value
10488,FRANK,8,2014-03-27,2014-04-24,2014-04-02,2,4.93,73,12.0,20,0,240.0,Frankenversand,Peter Franken,Marketing Manager,München,Germany,Röd Kaviar,24 - 150 g jars,15.0,0,8,Seafood,Seaweed and fish,2014-03,28722.71,High Value
10489,PICCO,6,2014-03-28,2014-04-25,2014-04-09,2,5.29,11,16.8,15,0,252.0,Piccolo und mehr,Georg Pipps,Sales Manager,Salzburg,Austria,Queso Cabrales,1 kg pkg.,21.0,0,4,Dairy Products,Cheeses,2014-03,26259.95,High Value
10489,PICCO,6,2014-03-28,2014-04-25,2014-04-09,2,5.29,16,13.9,18,0,250.20000000000002,Piccolo und mehr,Georg Pipps,Sales Manager,Salzburg,Austria,Pavlova,32 - 500 g boxes,17.45,0,3,Confections,"Desserts, candies, and sweet breads",2014-03,26259.95,High Value
10490,HILAA,7,2014-03-31,2014-04-28,2014-04-03,2,210.19,59,44.0,60,0,2640.0,HILARION-Abastos,Carlos Hernández,Sales Representative,San Cristóbal,Venezuela,Raclette Courdavault,5 kg pkg.,55.0,0,4,Dairy Products,Cheeses,2014-03,23611.58,High Value
10490,HILAA,7,2014-03-31,2014-04-28,2014-04-03,2,210.19,68,10.0,30,0,300.0,HILARION-Abastos,Carlos Hernández,Sales Representative,San Cristóbal,Venezuela,Scottish Longbreads,10 boxes x 8 pieces,12.5,0,3,Confections,"Desserts, candies, and sweet breads",2014-03,23611.58,High Value
10490,HILAA,7,2014-03-31,2014-04-28,2014-04-03,2,210.19,75,6.2,36,0,223.20000000000002,HILARION-Abastos,Carlos Hernández,Sales Representative,San Cristóbal,Venezuela,Rhönbräu Klosterbier,24 - 0.5 l bottles,7.75,0,1,Beverages,"Soft drinks, coffees, teas, beers, and ales",2014-03,23611.58,High Value
10491,FURIB,8,2014-03-31,2014-04-28,2014-04-08,3,16.96,44,15.5,15,0,232.5,Furia Bacalhau e Frutos do Mar,Lino Rodriguez,Sales Manager,Lisboa,Portugal,Gula Malacca,20 - 2 kg bags,19.45,0,2,Condiments,"Sweet and savory sauces, relishes, spreads, and seasonings",2014-03,7151.55,Medium Value
10491,FURIB,8,2014-03-31,2014-04-28,2014-04-08,3,16.96,77,10.4,7,0,72.8,Furia Bacalhau e Frutos do Mar,Lino Rodriguez,Sales Manager,Lisboa,Portugal,Original Frankfurter Grüne Soße,12 boxes,13.0,0,2,Condiments,"Sweet and savory sauces, relishes, spreads, and seasonings",2014-03,7151.55,Medium Value
10492,BOTTM,3,2014-04-01,2014-04-29,2014-04-11,1,62.89,25,11.2,60,0,672.0,Bottom-Dollar Markets,Elizabeth Lincoln,Accounting Manager,Tsawassen,Canada,NuNuCa Nuß-Nougat-Creme,20 - 450 g glasses,14.0,0,3,Confections,"Desserts, candies, and sweet breads",2014-04,21298.2,High Value
10492,BOTTM,3,2014-04-01,2014-04-29,2014-04-11,1,62.89,42,11.2,20,0,224.0,Bottom-Dollar Markets,Elizabeth Lincoln,Accounting Manager,Tsawassen,Canada,Singaporean Hokkien Fried Mee,32 - 1 kg pkgs.,14.0,1,5,Grains & Cereals,"Breads, crackers, pasta, and cereal",2014-04,21298.2,High Value
10493,LAMAI,4,2014-04-02,2014-04-30,2014-04-10,3,10.64,65,16.8,15,0,252.0,La maison d'Asie,Annette Roulet,Sales Manager,Toulouse,France,Louisiana Fiery Hot Pepper Sauce,32 - 8 oz bottles,21.05,0,2,Condiments,"Sweet and savory sauces, relishes, spreads, and seasonings",2014-04,10227.35,High Value
10493,LAMAI,4,2014-04-02,2014-04-30,2014-04-10,3,10.64,66,13.6,10,0,136.0,La maison d'Asie,Annette Roulet,Sales Manager,Toulouse,France,Louisiana Hot Spiced Okra,24 - 8 oz jars,17.0,0,2,Condiments,"Sweet and savory sauces, relishes, spreads, and seasonings",2014-04,10227.35,High Value
10493,LAMAI,4,2014-04-02,2014-04-30,2014-04-10,3,10.64,69,28.8,10,0,288.0,La maison d'Asie,Annette Roulet,Sales Manager,Toulouse,France,Gudbrandsdalsost,10 kg pkg.,36.0,0,4,Dairy Products,Cheeses,2014-04,10227.35,High Value
10494,COMMI,4,2014-04-02,2014-04-30,2014-04-09,2,65.99,56,30.4,30,0,912.0,Comércio Mineiro,Pedro Afonso,Sales Associate,Sao Paulo,Brazil,Gnocchi di nonna Alice,24 - 250 g pkgs.,38.0,0,5,Grains & Cereals,"Breads, crackers, pasta, and cereal",2014-04,3810.75,Low Value
10495,LAUGB,3,2014-04-03,2014-05-01,2014-04-11,3,4.65,23,7.2,10,0,72.0,Laughing Bacchus Wine Cellars,Yoshi Tannamuri,Marketing Assistant,Vancouver,Canada,Tunnbröd,12 - 250 g pkgs.,9.0,0,5,Grains & Cereals,"Breads, crackers, pasta, and cereal",2014-04,522.5,Low Value
10495,LAUGB,3,2014-04-03,2014-05-01,2014-04-11,3,4.65,41,7.7,20,0,154.0,Laughing Bacchus Wine Cellars,Yoshi Tannamuri,Marketing Assistant,Vancouver,Canada,Jack's New England Clam Chowder,12 - 12 oz cans,9.65,0,8,Seafood,Seaweed and fish,2014-04,522.5,Low Value
10495,LAUGB,3,2014-04-03,2014-05-01,2014-04-11,3,4.65,77,10.4,5,0,52.0,Laughing Bacchus Wine Cellars,Yoshi Tannamuri,Marketing Assistant,Vancouver,Canada,Original Frankfurter Grüne Soße,12 boxes,13.0,0,2,Condiments,"Sweet and savory sauces, relishes, spreads, and seasonings",2014-04,522.5,Low Value
10496,TRADH,7,2014-04-04,2014-05-02,2014-04-07,2,46.77,31,10.0,20,0,200.0,Tradição Hipermercados,Anabela Domingues,Sales Representative,Sao Paulo,Brazil,Gorgonzola Telino,12 - 100 g pkgs,12.5,0,4,Dairy Products,Cheeses,2014-04,7310.62,Medium Value
10497,LEHMS,7,2014-04-04,2014-05-02,2014-04-07,1,36.21,56,30.4,14,0,425.59999999999997,Lehmanns Marktstand,Renate Messner,Sales Representative,Frankfurt a.M.,Germany,Gnocchi di nonna Alice,24 - 250 g pkgs.,38.0,0,5,Grains & Cereals,"Breads, crackers, pasta, and cereal",2014-04,19408.52,High Value
10497,LEHMS,7,2014-04-04,2014-05-02,2014-04-07,1,36.21,72,27.8,25,0,695.0,Lehmanns Marktstand,Renate Messner,Sales Representative,Frankfurt a.M.,Germany,Mozzarella di Giovanni,24 - 200 g pkgs.,34.8,0,4,Dairy Products,Cheeses,2014-04,19408.52,High Value
10497,LEHMS,7,2014-04-04,2014-05-02,2014-04-07,1,36.21,77,10.4,25,0,260.0,Lehmanns Marktstand,Renate Messner,Sales Representative,Frankfurt a.M.,Germany,Original Frankfurter Grüne Soße,12 boxes,13.0,0,2,Condiments,"Sweet and savory sauces, relishes, spreads, and seasonings",2014-04,19408.52,High Value
10498,HILAA,8,2014-04-07,2014-05-05,2014-04-11,2,29.75,24,4.5,14,0,63.0,HILARION-Abastos,Carlos Hernández,Sales Representative,San Cristóbal,Venezuela,Guarana Fantastica,12 - 355 ml cans,4.5,1,1,Beverages,"Soft drinks, coffees, teas, beers, and ales",2014-04,23611.58,High Value
10498,HILAA,8,2014-04-07,2014-05-05,2014-04-11,2,29.75,40,18.4,5,0,92.0,HILARION-Abastos,Carlos Hernández,Sales Representative,San Cristóbal,Venezuela,Boston Crab Meat,24 - 4 oz tins,18.4,0,8,Seafood,Seaweed and fish,2014-04,23611.58,High Value
10498,HILAA,8,2014-04-07,2014-05-05,2014-04-11,2,29.75,42,14.0,30,0,420.0,HILARION-Abastos,Carlos Hernández,Sales Representative,San Cristóbal,Venezuela,Singaporean Hokkien Fried Mee,32 - 1 kg pkgs.,14.0,1,5,Grains & Cereals,"Breads, crackers, pasta, and cereal",2014-04,23611.58,High Value
10499,LILAS,4,2014-04-08,2014-05-06,2014-04-16,2,102.02,28,45.6,20,0,912.0,LILA-Supermercado,Carlos González,Accounting Manager,Barquisimeto,Venezuela,Rössle Sauerkraut,25 - 825 g cans,45.6,1,7,Produce,Dried fruit and bean curd,2014-04,17062.5,High Value
10499,LILAS,4,2014-04-08,2014-05-06,2014-04-16,2,102.02,49,20.0,25,0,500.0,LILA-Supermercado,Carlos González,Accounting Manager,Barquisimeto,Venezuela,Maxilaku,24 - 50 g pkgs.,20.0,0,3,Confections,"Desserts, candies, and sweet breads",2014-04,17062.5,High Value
10500,LAMAI,6,2014-04-09,2014-05-07,2014-04-17,1,42.68,15,15.5,12,0,186.0,La maison d'Asie,Annette Roulet,Sales Manager,Toulouse,France,Genen Shouyu,24 - 250 ml bottles,15.5,0,2,Condiments,"Sweet and savory sauces, relishes, spreads, and seasonings",2014-04,10227.35,High Value
10500,LAMAI,6,2014-04-09,2014-05-07,2014-04-17,1,42.68,28,45.6,8,0,364.8,La maison d'Asie,Annette Roulet,Sales Manager,Toulouse,France,Rössle Sauerkraut,25 - 825 g cans,45.6,1,7,Produce,Dried fruit and bean curd,2014-04,10227.35,High Value
10501,BLAUS,9,2014-04-09,2014-05-07,2014-04-16,3,8.85,54,7.45,20,0,149.0,Blauer See Delikatessen,Hanna Moos,Sales Representative,Mannheim,Germany,Tourtière,16 pies,7.45,0,6,Meat & Poultry,Prepared meats,2014-04,2381.8,Low Value
10502,PERIC,2,2014-04-10,2014-05-08,2014-04-29,1,69.32,45,9.5,21,0,199.5,Pericles Comidas clásicas,Guillermo Fernández,Sales Representative,Mexico City,Mexico,Rogede sild,1k pkg.,9.5,0,8,Seafood,Seaweed and fish,2014-04,3942.2,Low Value
10502,PERIC,2,2014-04-10,2014-05-08,2014-04-29,1,69.32,53,32.8,6,0,196.79999999999998,Pericles Comidas clásicas,Guillermo Fernández,Sales Representative,Mexico City,Mexico,Perth Pasties,48 pieces,32.8,1,6,Meat & Poultry,Prepared meats,2014-04,3942.2,Low Value
10502,PERIC,2,2014-04-10,2014-05-08,2014-04-29,1,69.32,67,14.0,30,0,420.0,Pericles Comidas clásicas,Guillermo Fernández,Sales Representative,Mexico City,Mexico,Laughing Lumberjack Lager,24 - 12 oz bottles,14.0,0,1,Beverages,"Soft drinks, coffees, teas, beers, and ales",2014-04,3942.2,Low Value
10503,HUNGO,6,2014-04-11,2014-05-09,2014-04-16,2,16.74,14,23.25,70,0,1627.5,Hungry Owl All-Night Grocers,Patricia McKenna,Sales Associate,Cork,Ireland,Tofu,40 - 100 g pkgs.,23.25,0,7,Produce,Dried fruit and bean curd,2014-04,57317.39,High Value
10503,HUNGO,6,2014-04-11,2014-05-09,2014-04-16,2,16.74,65,21.05,20,0,421.0,Hungry Owl All-Night Grocers,Patricia McKenna,Sales Associate,Cork,Ireland,Louisiana Fiery Hot Pepper Sauce,32 - 8 oz bottles,21.05,0,2,Condiments,"Sweet and savory sauces, relishes, spreads, and seasonings",2014-04,57317.39,High Value
10504,WHITC,4,2014-04-11,2014-05-09,2014-04-18,3,59.13,2,19.0,12,0,228.0,White Clover Markets,Karl Jablonski,Owner,Seattle,USA,Chang,24 - 12 oz bottles,19.0,0,1,Beverages,"Soft drinks, coffees, teas, beers, and ales",2014-04,29073.45,High Value
10504,WHITC,4,2014-04-11,2014-05-09,2014-04-18,3,59.13,21,10.0,12,0,120.0,White Clover Markets,Karl Jablonski,Owner,Seattle,USA,Sir Rodney's Scones,24 pkgs. x 4 pieces,10.0,0,3,Confections,"Desserts, candies, and sweet breads",2014-04,29073.45,High Value
10504,WHITC,4,2014-04-11,2014-05-09,2014-04-18,3,59.13,53,32.8,10,0,328.0,White Clover Markets,Karl Jablonski,Owner,Seattle,USA,Perth Pasties,48 pieces,32.8,1,6,Meat & Poultry,Prepared meats,2014-04,29073.45,High Value
10504,WHITC,4,2014-04-11,2014-05-09,2014-04-18,3,59.13,61,28.5,25,0,712.5,White Clover Markets,Karl Jablonski,Owner,Seattle,USA,Sirop d'érable,24 - 500 ml bottles,28.5,0,2,Condiments,"Sweet and savory sauces, relishes, spreads, and seasonings",2014-04,29073.45,High Value
10505,MEREP,3,2014-04-14,2014-05-12,2014-04-21,3,7.13,62,49.3,3,0,147.89999999999998,Mère Paillarde,Jean Fresnière,Marketing Assistant,Montréal,Canada,Tarte au sucre,48 pies,49.3,0,3,Confections,"Desserts, candies, and sweet breads",2014-04,32203.9,High Value
10506,KOENE,9,2014-04-15,2014-05-13,2014-05-02,2,21.19,25,14.0,18,0,252.0,Königlich Essen,Philip Cramer,Sales Associate,Brandenburg,Germany,NuNuCa Nuß-Nougat-Creme,20 - 450 g glasses,14.0,0,3,Confections,"Desserts, candies, and sweet breads",2014-04,31745.75,High Value
10506,KOENE,9,2014-04-15,2014-05-13,2014-05-02,2,21.19,70,15.0,14,0,210.0,Königlich Essen,Philip Cramer,Sales Associate,Brandenburg,Germany,Outback Lager,24 - 355 ml bottles,15.0,0,1,Beverages,"Soft drinks, coffees, teas, beers, and ales",2014-04,31745.75,High Value
10507,ANTON,7,2014-04-15,2014-05-13,2014-04-22,1,47.45,43,46.0,15,0,690.0,Antonio Moreno Taquería,Antonio Moreno,Owner,Mexico City,Mexico,Ipoh Coffee,16 - 500 g tins,46.0,0,1,Beverages,"Soft drinks, coffees, teas, beers, and ales",2014-04,7515.35,Medium Value
10507,ANTON,7,2014-04-15,2014-05-13,2014-04-22,1,47.45,48,12.75,15,0,191.25,Antonio Moreno Taquería,Antonio Moreno,Owner,Mexico City,Mexico,Chocolade,10 pkgs.,12.75,0,3,Confections,"Desserts, candies, and sweet breads",2014-04,7515.35,Medium Value
10508,OTTIK,1,2014-04-16,2014-05-14,2014-05-13,2,4.99,13,6.0,10,0,60.0,Ottilies Käseladen,Henriette Pfalzheim,Owner,Köln,Germany,Konbu,2 kg box,6.0,0,8,Seafood,Seaweed and fish,2014-04,13157.5,High Value
10508,OTTIK,1,2014-04-16,2014-05-14,2014-05-13,2,4.99,39,18.0,10,0,180.0,Ottilies Käseladen,Henriette Pfalzheim,Owner,Köln,Germany,Chartreuse verte,750 cc per bottle,18.0,0,1,Beverages,"Soft drinks, coffees, teas, beers, and ales",2014-04,13157.5,High Value
10509,BLAUS,4,2014-04-17,2014-05-15,2014-04-29,1,0.15,28,45.6,3,0,136.8,Blauer See Delikatessen,Hanna Moos,Sales Representative,Mannheim,Germany,Rössle Sauerkraut,25 - 825 g cans,45.6,1,7,Produce,Dried fruit and bean curd,2014-04,2381.8,Low Value
10510,SAVEA,6,2014-04-18,2014-05-16,2014-04-28,3,367.63,29,123.79,36,0,4456.4400000000005,Save-a-lot Markets,Jose Pavarotti,Sales Representative,Boise,USA,Thüringer Rostbratwurst,50 bags x 30 sausgs.,123.79,1,6,Meat & Poultry,Prepared meats,2014-04,115673.39,High Value
10510,SAVEA,6,2014-04-18,2014-05-16,2014-04-28,3,367.63,75,7.75,36,0,279.0,Save-a-lot Markets,Jose Pavarotti,Sales Representative,Boise,USA,Rhönbräu Klosterbier,24 - 0.5 l bottles,7.75,0,1,Beverages,"Soft drinks, coffees, teas, beers, and ales",2014-04,115673.39,High Value
10511,BONAP,4,2014-04-18,2014-05-16,2014-04-21,3,350.64,4,22.0,50,0,1100.0,Bon app',Laurence Lebihan,Owner,Marseille,France,Chef Anton's Cajun Seasoning,48 - 6 oz jars,22.0,0,2,Condiments,"Sweet and savory sauces, relishes, spreads, and seasonings",2014-04,22793.95,High Value
10511,BONAP,4,2014-04-18,2014-05-16,2014-04-21,3,350.64,7,30.0,50,0,1500.0,Bon app',Laurence Lebihan,Owner,Marseille,France,Uncle Bob's Organic Dried Pears,12 - 1 lb pkgs.,30.0,0,7,Produce,Dried fruit and bean curd,2014-04,22793.95,High Value
10511,BONAP,4,2014-04-18,2014-05-16,2014-04-21,3,350.64,8,40.0,10,0,400.0,Bon app',Laurence Lebihan,Owner,Marseille,France,Northwoods Cranberry Sauce,12 - 12 oz jars,40.0,0,2,Condiments,"Sweet and savory sauces, relishes, spreads, and seasonings",2014-04,22793.95,High Value
10512,FAMIA,7,2014-04-21,2014-05-19,2014-04-24,2,3.53,24,4.5,10,0,45.0,Familia Arquibaldo,Aria Cruz,Marketing Assistant,Sao Paulo,Brazil,Guarana Fantastica,12 - 355 ml cans,4.5,1,1,Beverages,"Soft drinks, coffees, teas, beers, and ales",2014-04,4438.9,Low Value
10512,FAMIA,7,2014-04-21,2014-05-19,2014-04-24,2,3.53,46,12.0,9,0,108.0,Familia Arquibaldo,Aria Cruz,Marketing Assistant,Sao Paulo,Brazil,Spegesild,4 - 450 g glasses,12.0,0,8,Seafood,Seaweed and fish,2014-04,4438.9,Low Value
10512,FAMIA,7,2014-04-21,2014-05-19,2014-04-24,2,3.53,47,9.5,6,0,57.0,Familia Arquibaldo,Aria Cruz,Marketing Assistant,Sao Paulo,Brazil,Zaanse koeken,10 - 4 oz boxes,9.5,0,3,Confections,"Desserts, candies, and sweet breads",2014-04,4438.9,Low Value
10512,FAMIA,7,2014-04-21,2014-05-19,2014-04-24,2,3.53,60,34.0,12,0,408.0,Familia Arquibaldo,Aria Cruz,Marketing Assistant,Sao Paulo,Brazil,Camembert Pierrot,15 - 300 g rounds,34.0,0,4,Dairy Products,Cheeses,2014-04,4438.9,Low Value
10513,WANDK,7,2014-04-22,2014-06-03,2014-04-28,1,105.65,21,10.0,40,0,400.0,Die Wandernde Kuh,Rita Müller,Sales Representative,Stuttgart,Germany,Sir Rodney's Scones,24 pkgs. x 4 pieces,10.0,0,3,Confections,"Desserts, candies, and sweet breads",2014-04,10653.85,High Value
10513,WANDK,7,2014-04-22,2014-06-03,2014-04-28,1,105.65,32,32.0,50,0,1600.0,Die Wandernde Kuh,Rita Müller,Sales Representative,Stuttgart,Germany,Mascarpone Fabioli,24 - 200 g pkgs.,32.0,0,4,Dairy Products,Cheeses,2014-04,10653.85,High Value
10513,WANDK,7,2014-04-22,2014-06-03,2014-04-28,1,105.65,61,28.5,15,0,427.5,Die Wandernde Kuh,Rita Müller,Sales Representative,Stuttgart,Germany,Sirop d'érable,24 - 500 ml bottles,28.5,0,2,Condiments,"Sweet and savory sauces, relishes, spreads, and seasonings",2014-04,10653.85,High Value
10514,ERNSH,3,2014-04-22,2014-05-20,2014-05-16,2,789.95,20,81.0,39,0,3159.0,Ernst Handel,Roland Mendel,Sales Manager,Graz,Austria,Sir Rodney's Marmalade,30 gift boxes,81.0,0,3,Confections,"Desserts, candies, and sweet breads",2014-04,103115.18,High Value
10514,ERNSH,3,2014-04-22,2014-05-20,2014-05-16,2,789.95,28,45.6,35,0,1596.0,Ernst Handel,Roland Mendel,Sales Manager,Graz,Austria,Rössle Sauerkraut,25 - 825 g cans,45.6,1,7,Produce,Dried fruit and bean curd,2014-04,103115.18,High Value
10514,ERNSH,3,2014-04-22,2014-05-20,2014-05-16,2,789.95,56,38.0,70,0,2660.0,Ernst Handel,Roland Mendel,Sales Manager,Graz,Austria,Gnocchi di nonna Alice,24 - 250 g pkgs.,38.0,0,5,Grains & Cereals,"Breads, crackers, pasta, and cereal",2014-04,103115.18,High Value
10514,ERNSH,3,2014-04-22,2014-05-20,2014-05-16,2,789.95,65,21.05,39,0,820.95,Ernst Handel,Roland Mendel,Sales Manager,Graz,Austria,Louisiana Fiery Hot Pepper Sauce,32 - 8 oz bottles,21.05,0,2,Condiments,"Sweet and savory sauces, relishes, spreads, and seasonings",2014-04,103115.18,High Value
10514,ERNSH,3,2014-04-22,2014-05-20,2014-05-16,2,789.95,75,7.75,50,0,387.5,Ernst Handel,Roland Mendel,Sales Manager,Graz,Austria,Rhönbräu Klosterbier,24 - 0.5 l bottles,7.75,0,1,Beverages,"Soft drinks, coffees, teas, beers, and ales",2014-04,103115.18,High Value
10515,QUICK,2,2014-04-23,2014-05-07,2014-05-23,1,204.47,9,97.0,16,0,1552.0,QUICK-Stop,Horst Kloss,Accounting Manager,Cunewalde,Germany,Mishi Kobe Niku,18 - 500 g pkgs.,97.0,1,6,Meat & Poultry,Prepared meats,2014-04,117483.39,High Value
10515,QUICK,2,2014-04-23,2014-05-07,2014-05-23,1,204.47,16,17.45,50,0,872.5,QUICK-Stop,Horst Kloss,Accounting Manager,Cunewalde,Germany,Pavlova,32 - 500 g boxes,17.45,0,3,Confections,"Desserts, candies, and sweet breads",2014-04,117483.39,High Value
10515,QUICK,2,2014-04-23,2014-05-07,2014-05-23,1,204.47,27,43.9,120,0,5268.0,QUICK-Stop,Horst Kloss,Accounting Manager,Cunewalde,Germany,Schoggi Schokolade,100 - 100 g pieces,43.9,0,3,Confections,"Desserts, candies, and sweet breads",2014-04,117483.39,High Value
10515,QUICK,2,2014-04-23,2014-05-07,2014-05-23,1,204.47,33,2.5,16,0,40.0,QUICK-Stop,Horst Kloss,Accounting Manager,Cunewalde,Germany,Geitost,500 g,2.5,0,4,Dairy Products,Cheeses,2014-04,117483.39,High Value
10515,QUICK,2,2014-04-23,2014-05-07,2014-05-23,1,204.47,60,34.0,84,0,2856.0,QUICK-Stop,Horst Kloss,Accounting Manager,Cunewalde,Germany,Camembert Pierrot,15 - 300 g rounds,34.0,0,4,Dairy Products,Cheeses,2014-04,117483.39,High Value
10516,HUNGO,2,2014-04-24,2014-05-22,2014-05-01,3,62.78,18,62.5,25,0,1562.5,Hungry Owl All-Night Grocers,Patricia McKenna,Sales Associate,Cork,Ireland,Carnarvon Tigers,16 kg pkg.,62.5,0,8,Seafood,Seaweed and fish,2014-04,57317.39,High Value
10516,HUNGO,2,2014-04-24,2014-05-22,2014-05-01,3,62.78,41,9.65,80,0,772.0,Hungry Owl All-Night Grocers,Patricia McKenna,Sales Associate,Cork,Ireland,Jack's New England Clam Chowder,12 - 12 oz cans,9.65,0,8,Seafood,Seaweed and fish,2014-04,57317.39,High Value
10516,HUNGO,2,2014-04-24,2014-05-22,2014-05-01,3,62.78,42,14.0,20,0,280.0,Hungry Owl All-Night Grocers,Patricia McKenna,Sales Associate,Cork,Ireland,Singaporean Hokkien Fried Mee,32 - 1 kg pkgs.,14.0,1,5,Grains & Cereals,"Breads, crackers, pasta, and cereal",2014-04,57317.39,High Value
10517,NORTS,3,2014-04-24,2014-05-22,2014-04-29,3,32.07,52,7.0,6,0,42.0,North/South,Simon Crowther,Sales Associate,London,UK,Filo Mix,16 - 2 kg boxes,7.0,0,5,Grains & Cereals,"Breads, crackers, pasta, and cereal",2014-04,649.0,Low Value
10517,NORTS,3,2014-04-24,2014-05-22,2014-04-29,3,32.07,59,55.0,4,0,220.0,North/South,Simon Crowther,Sales Associate,London,UK,Raclette Courdavault,5 kg pkg.,55.0,0,4,Dairy Products,Cheeses,2014-04,649.0,Low Value
10517,NORTS,3,2014-04-24,2014-05-22,2014-04-29,3,32.07,70,15.0,6,0,90.0,North/South,Simon Crowther,Sales Associate,London,UK,Outback Lager,24 - 355 ml bottles,15.0,0,1,Beverages,"Soft drinks, coffees, teas, beers, and ales",2014-04,649.0,Low Value
10518,TORTU,4,2014-04-25,2014-05-09,2014-05-05,2,218.15,24,4.5,5,0,22.5,Tortuga Restaurante,Miguel Angel Paolino,Owner,Mexico City,Mexico,Guarana Fantastica,12 - 355 ml cans,4.5,1,1,Beverages,"Soft drinks, coffees, teas, beers, and ales",2014-04,10812.15,High Value
10518,TORTU,4,2014-04-25,2014-05-09,2014-05-05,2,218.15,38,263.5,15,0,3952.5,Tortuga Restaurante,Miguel Angel Paolino,Owner,Mexico City,Mexico,Côte de Blaye,12 - 75 cl bottles,263.5,0,1,Beverages,"Soft drinks, coffees, teas, beers, and ales",2014-04,10812.15,High Value
10518,TORTU,4,2014-04-25,2014-05-09,2014-05-05,2,218.15,44,19.45,9,0,175.04999999999998,Tortuga Restaurante,Miguel Angel Paolino,Owner,Mexico City,Mexico,Gula Malacca,20 - 2 kg bags,19.45,0,2,Condiments,"Sweet and savory sauces, relishes, spreads, and seasonings",2014-04,10812.15,High Value
10519,CHOPS,6,2014-04-28,2014-05-26,2014-05-01,3,91.76,10,31.0,16,0,496.0,Chop-suey Chinese,Yang Wang,Owner,Bern,Switzerland,Ikura,12 - 200 ml jars,31.0,0,8,Seafood,Seaweed and fish,2014-04,12886.3,High Value
10519,CHOPS,6,2014-04-28,2014-05-26,2014-05-01,3,91.76,56,38.0,40,0,1520.0,Chop-suey Chinese,Yang Wang,Owner,Bern,Switzerland,Gnocchi di nonna Alice,24 - 250 g pkgs.,38.0,0,5,Grains & Cereals,"Breads, crackers, pasta, and cereal",2014-04,12886.3,High Value
10519,CHOPS,6,2014-04-28,2014-05-26,2014-05-01,3,91.76,60,34.0,10,0,340.0,Chop-suey Chinese,Yang Wang,Owner,Bern,Switzerland,Camembert Pierrot,15 - 300 g rounds,34.0,0,4,Dairy Products,Cheeses,2014-04,12886.3,High Value
10520,SANTG,7,2014-04-29,2014-05-27,2014-05-01,1,13.37,24,4.5,8,0,36.0,Santé Gourmet,Jonas Bergulfsen,Owner,Stavern,Norway,Guarana Fantastica,12 - 355 ml cans,4.5,1,1,Beverages,"Soft drinks, coffees, teas, beers, and ales",2014-04,5735.150000000001,Medium Value
10520,SANTG,7,2014-04-29,2014-05-27,2014-05-01,1,13.37,53,32.8,5,0,164.0,Santé Gourmet,Jonas Bergulfsen,Owner,Stavern,Norway,Perth Pasties,48 pieces,32.8,1,6,Meat & Poultry,Prepared meats,2014-04,5735.150000000001,Medium Value
10521,CACTU,8,2014-04-29,2014-05-27,2014-05-02,2,17.22,35,18.0,3,0,54.0,Cactus Comidas para llevar,Patricio Simpson,Sales Agent,Buenos Aires,Argentina,Steeleye Stout,24 - 12 oz bottles,18.0,0,1,Beverages,"Soft drinks, coffees, teas, beers, and ales",2014-04,1509.8,Low Value
10521,CACTU,8,2014-04-29,2014-05-27,2014-05-02,2,17.22,41,9.65,10,0,96.5,Cactus Comidas para llevar,Patricio Simpson,Sales Agent,Buenos Aires,Argentina,Jack's New England Clam Chowder,12 - 12 oz cans,9.65,0,8,Seafood,Seaweed and fish,2014-04,1509.8,Low Value
10521,CACTU,8,2014-04-29,2014-05-27,2014-05-02,2,17.22,68,12.5,6,0,75.0,Cactus Comidas para llevar,Patricio Simpson,Sales Agent,Buenos Aires,Argentina,Scottish Longbreads,10 boxes x 8 pieces,12.5,0,3,Confections,"Desserts, candies, and sweet breads",2014-04,1509.8,Low Value
10522,LEHMS,4,2014-04-30,2014-05-28,2014-05-06,1,45.33,1,18.0,40,0,720.0,Lehmanns Marktstand,Renate Messner,Sales Representative,Frankfurt a.M.,Germany,Chai,10 boxes x 20 bags,18.0,0,1,Beverages,"Soft drinks, coffees, teas, beers, and ales",2014-04,19408.52,High Value
10522,LEHMS,4,2014-04-30,2014-05-28,2014-05-06,1,45.33,8,40.0,24,0,960.0,Lehmanns Marktstand,Renate Messner,Sales Representative,Frankfurt a.M.,Germany,Northwoods Cranberry Sauce,12 - 12 oz jars,40.0,0,2,Condiments,"Sweet and savory sauces, relishes, spreads, and seasonings",2014-04,19408.52,High Value
10522,LEHMS,4,2014-04-30,2014-05-28,2014-05-06,1,45.33,30,25.89,20,0,517.8,Lehmanns Marktstand,Renate Messner,Sales Representative,Frankfurt a.M.,Germany,Nord-Ost Matjeshering,10 - 200 g glasses,25.89,0,8,Seafood,Seaweed and fish,2014-04,19408.52,High Value
10522,LEHMS,4,2014-04-30,2014-05-28,2014-05-06,1,45.33,40,18.4,25,0,459.99999999999994,Lehmanns Marktstand,Renate Messner,Sales Representative,Frankfurt a.M.,Germany,Boston Crab Meat,24 - 4 oz tins,18.4,0,8,Seafood,Seaweed and fish,2014-04,19408.52,High Value
10523,SEVES,7,2014-05-01,2014-05-29,2014-05-30,2,77.63,17,39.0,25,0,975.0,Seven Seas Imports,Hari Kumar,Sales Manager,London,UK,Alice Mutton,20 - 1 kg tins,39.0,1,6,Meat & Poultry,Prepared meats,2014-05,17172.05,High Value
10523,SEVES,7,2014-05-01,2014-05-29,2014-05-30,2,77.63,20,81.0,15,0,1215.0,Seven Seas Imports,Hari Kumar,Sales Manager,London,UK,Sir Rodney's Marmalade,30 gift boxes,81.0,0,3,Confections,"Desserts, candies, and sweet breads",2014-05,17172.05,High Value
10523,SEVES,7,2014-05-01,2014-05-29,2014-05-30,2,77.63,37,26.0,18,0,468.0,Seven Seas Imports,Hari Kumar,Sales Manager,London,UK,Gravad lax,12 - 500 g pkgs.,26.0,0,8,Seafood,Seaweed and fish,2014-05,17172.05,High Value
10523,SEVES,7,2014-05-01,2014-05-29,2014-05-30,2,77.63,41,9.65,6,0,57.900000000000006,Seven Seas Imports,Hari Kumar,Sales Manager,London,UK,Jack's New England Clam Chowder,12 - 12 oz cans,9.65,0,8,Seafood,Seaweed and fish,2014-05,17172.05,High Value
10524,BERGS,1,2014-05-01,2014-05-29,2014-05-07,2,244.79,10,31.0,2,0,62.0,Berglunds snabbköp,Christina Berglund,Order Administrator,Luleå,Sweden,Ikura,12 - 200 ml jars,31.0,0,8,Seafood,Seaweed and fish,2014-05,26968.149999999998,High Value
10524,BERGS,1,2014-05-01,2014-05-29,2014-05-07,2,244.79,30,25.89,10,0,258.9,Berglunds snabbköp,Christina Berglund,Order Administrator,Luleå,Sweden,Nord-Ost Matjeshering,10 - 200 g glasses,25.89,0,8,Seafood,Seaweed and fish,2014-05,26968.149999999998,High Value
10524,BERGS,1,2014-05-01,2014-05-29,2014-05-07,2,244.79,43,46.0,60,0,2760.0,Berglunds snabbköp,Christina Berglund,Order Administrator,Luleå,Sweden,Ipoh Coffee,16 - 500 g tins,46.0,0,1,Beverages,"Soft drinks, coffees, teas, beers, and ales",2014-05,26968.149999999998,High Value
10524,BERGS,1,2014-05-01,2014-05-29,2014-05-07,2,244.79,54,7.45,15,0,111.75,Berglunds snabbköp,Christina Berglund,Order Administrator,Luleå,Sweden,Tourtière,16 pies,7.45,0,6,Meat & Poultry,Prepared meats,2014-05,26968.149999999998,High Value
10525,BONAP,1,2014-05-02,2014-05-30,2014-05-23,2,11.06,36,19.0,30,0,570.0,Bon app',Laurence Lebihan,Owner,Marseille,France,Inlagd Sill,24 - 250 g  jars,19.0,0,8,Seafood,Seaweed and fish,2014-05,22793.95,High Value
10525,BONAP,1,2014-05-02,2014-05-30,2014-05-23,2,11.06,40,18.4,15,0,276.0,Bon app',Laurence Lebihan,Owner,Marseille,France,Boston Crab Meat,24 - 4 oz tins,18.4,0,8,Seafood,Seaweed and fish,2014-05,22793.95,High Value
10526,WARTH,4,2014-05-05,2014-06-02,2014-05-15,2,58.59,1,18.0,8,0,144.0,Wartian Herkku,Pirkko Koskitalo,Accounting Manager,Oulu,Finland,Chai,10 boxes x 20 bags,18.0,0,1,Beverages,"Soft drinks, coffees, teas, beers, and ales",2014-05,16617.1,High Value
10526,WARTH,4,2014-05-05,2014-06-02,2014-05-15,2,58.59,13,6.0,10,0,60.0,Wartian Herkku,Pirkko Koskitalo,Accounting Manager,Oulu,Finland,Konbu,2 kg box,6.0,0,8,Seafood,Seaweed and fish,2014-05,16617.1,High Value
10526,WARTH,4,2014-05-05,2014-06-02,2014-05-15,2,58.59,56,38.0,30,0,1140.0,Wartian Herkku,Pirkko Koskitalo,Accounting Manager,Oulu,Finland,Gnocchi di nonna Alice,24 - 250 g pkgs.,38.0,0,5,Grains & Cereals,"Breads, crackers, pasta, and cereal",2014-05,16617.1,High Value
10527,QUICK,7,2014-05-05,2014-06-02,2014-05-07,1,41.9,4,22.0,50,0,1100.0,QUICK-Stop,Horst Kloss,Accounting Manager,Cunewalde,Germany,Chef Anton's Cajun Seasoning,48 - 6 oz jars,22.0,0,2,Condiments,"Sweet and savory sauces, relishes, spreads, and seasonings",2014-05,117483.39,High Value
10527,QUICK,7,2014-05-05,2014-06-02,2014-05-07,1,41.9,36,19.0,30,0,570.0,QUICK-Stop,Horst Kloss,Accounting Manager,Cunewalde,Germany,Inlagd Sill,24 - 250 g  jars,19.0,0,8,Seafood,Seaweed and fish,2014-05,117483.39,High Value
10528,GREAL,6,2014-05-06,2014-05-20,2014-05-09,2,3.35,11,21.0,3,0,63.0,Great Lakes Food Market,Howard Snyder,Marketing Manager,Eugene,USA,Queso Cabrales,1 kg pkg.,21.0,0,4,Dairy Products,Cheeses,2014-05,19001.13,High Value
10528,GREAL,6,2014-05-06,2014-05-20,2014-05-09,2,3.35,33,2.5,8,0,20.0,Great Lakes Food Market,Howard Snyder,Marketing Manager,Eugene,USA,Geitost,500 g,2.5,0,4,Dairy Products,Cheeses,2014-05,19001.13,High Value
10528,GREAL,6,2014-05-06,2014-05-20,2014-05-09,2,3.35,72,34.8,9,0,313.2,Great Lakes Food Market,Howard Snyder,Marketing Manager,Eugene,USA,Mozzarella di Giovanni,24 - 200 g pkgs.,34.8,0,4,Dairy Products,Cheeses,2014-05,19001.13,High Value
10529,MAISD,5,2014-05-07,2014-06-04,2014-05-09,2,66.69,55,24.0,14,0,336.0,Maison Dewey,Catherine Dewey,Sales Agent,Bruxelles,Belgium,Pâté chinois,24 boxes x 2 pies,24.0,0,6,Meat & Poultry,Prepared meats,2014-05,10430.58,High Value
10529,MAISD,5,2014-05-07,2014-06-04,2014-05-09,2,66.69,68,12.5,20,0,250.0,Maison Dewey,Catherine Dewey,Sales Agent,Bruxelles,Belgium,Scottish Longbreads,10 boxes x 8 pieces,12.5,0,3,Confections,"Desserts, candies, and sweet breads",2014-05,10430.58,High Value
10529,MAISD,5,2014-05-07,2014-06-04,2014-05-09,2,66.69,69,36.0,10,0,360.0,Maison Dewey,Catherine Dewey,Sales Agent,Bruxelles,Belgium,Gudbrandsdalsost,10 kg pkg.,36.0,0,4,Dairy Products,Cheeses,2014-05,10430.58,High Value
10530,PICCO,3,2014-05-08,2014-06-05,2014-05-12,2,339.22,17,39.0,40,0,1560.0,Piccolo und mehr,Georg Pipps,Sales Manager,Salzburg,Austria,Alice Mutton,20 - 1 kg tins,39.0,1,6,Meat & Poultry,Prepared meats,2014-05,26259.95,High Value
10530,PICCO,3,2014-05-08,2014-06-05,2014-05-12,2,339.22,43,46.0,25,0,1150.0,Piccolo und mehr,Georg Pipps,Sales Manager,Salzburg,Austria,Ipoh Coffee,16 - 500 g tins,46.0,0,1,Beverages,"Soft drinks, coffees, teas, beers, and ales",2014-05,26259.95,High Value
10530,PICCO,3,2014-05-08,2014-06-05,2014-05-12,2,339.22,61,28.5,20,0,570.0,Piccolo und mehr,Georg Pipps,Sales Manager,Salzburg,Austria,Sirop d'érable,24 - 500 ml bottles,28.5,0,2,Condiments,"Sweet and savory sauces, relishes, spreads, and seasonings",2014-05,26259.95,High Value
10530,PICCO,3,2014-05-08,2014-06-05,2014-05-12,2,339.22,76,18.0,50,0,900.0,Piccolo und mehr,Georg Pipps,Sales Manager,Salzburg,Austria,Lakkaliköri,500 ml,18.0,0,1,Beverages,"Soft drinks, coffees, teas, beers, and ales",2014-05,26259.95,High Value
10531,OCEAN,7,2014-05-08,2014-06-05,2014-05-19,1,8.12,59,55.0,2,0,110.0,Océano Atlántico Ltda.,Yvonne Moncada,Sales Agent,Buenos Aires,Argentina,Raclette Courdavault,5 kg pkg.,55.0,0,4,Dairy Products,Cheeses,2014-05,3460.2,Low Value
10532,EASTC,7,2014-05-09,2014-06-06,2014-05-12,3,74.46,30,25.89,15,0,388.35,Eastern Connection,Ann Devon,Sales Agent,London,UK,Nord-Ost Matjeshering,10 - 200 g glasses,25.89,0,8,Seafood,Seaweed and fish,2014-05,15033.66,High Value
10532,EASTC,7,2014-05-09,2014-06-06,2014-05-12,3,74.46,66,17.0,24,0,408.0,Eastern Connection,Ann Devon,Sales Agent,London,UK,Louisiana Hot Spiced Okra,24 - 8 oz jars,17.0,0,2,Condiments,"Sweet and savory sauces, relishes, spreads, and seasonings",2014-05,15033.66,High Value
10533,FOLKO,8,2014-05-12,2014-06-09,2014-05-22,1,188.04,4,22.0,50,0,1100.0,Folk och fä HB,Maria Larsson,Owner,Bräcke,Sweden,Chef Anton's Cajun Seasoning,48 - 6 oz jars,22.0,0,2,Condiments,"Sweet and savory sauces, relishes, spreads, and seasonings",2014-05,32555.55,High Value
10533,FOLKO,8,2014-05-12,2014-06-09,2014-05-22,1,188.04,72,34.8,24,0,835.1999999999999,Folk och fä HB,Maria Larsson,Owner,Bräcke,Sweden,Mozzarella di Giovanni,24 - 200 g pkgs.,34.8,0,4,Dairy Products,Cheeses,2014-05,32555.55,High Value
10533,FOLKO,8,2014-05-12,2014-06-09,2014-05-22,1,188.04,73,15.0,24,0,360.0,Folk och fä HB,Maria Larsson,Owner,Bräcke,Sweden,Röd Kaviar,24 - 150 g jars,15.0,0,8,Seafood,Seaweed and fish,2014-05,32555.55,High Value
10534,LEHMS,8,2014-05-12,2014-06-09,2014-05-14,2,27.94,30,25.89,10,0,258.9,Lehmanns Marktstand,Renate Messner,Sales Representative,Frankfurt a.M.,Germany,Nord-Ost Matjeshering,10 - 200 g glasses,25.89,0,8,Seafood,Seaweed and fish,2014-05,19408.52,High Value
10534,LEHMS,8,2014-05-12,2014-06-09,2014-05-14,2,27.94,40,18.4,10,0,184.0,Lehmanns Marktstand,Renate Messner,Sales Representative,Frankfurt a.M.,Germany,Boston Crab Meat,24 - 4 oz tins,18.4,0,8,Seafood,Seaweed and fish,2014-05,19408.52,High Value
10534,LEHMS,8,2014-05-12,2014-06-09,2014-05-14,2,27.94,54,7.45,10,0,74.5,Lehmanns Marktstand,Renate Messner,Sales Representative,Frankfurt a.M.,Germany,Tourtière,16 pies,7.45,0,6,Meat & Poultry,Prepared meats,2014-05,19408.52,High Value
10535,ANTON,4,2014-05-13,2014-06-10,2014-05-21,1,15.64,11,21.0,50,0,1050.0,Antonio Moreno Taquería,Antonio Moreno,Owner,Mexico City,Mexico,Queso Cabrales,1 kg pkg.,21.0,0,4,Dairy Products,Cheeses,2014-05,7515.35,Medium Value
10535,ANTON,4,2014-05-13,2014-06-10,2014-05-21,1,15.64,40,18.4,10,0,184.0,Antonio Moreno Taquería,Antonio Moreno,Owner,Mexico City,Mexico,Boston Crab Meat,24 - 4 oz tins,18.4,0,8,Seafood,Seaweed and fish,2014-05,7515.35,Medium Value
10535,ANTON,4,2014-05-13,2014-06-10,2014-05-21,1,15.64,57,19.5,5,0,97.5,Antonio Moreno Taquería,Antonio Moreno,Owner,Mexico City,Mexico,Ravioli Angelo,24 - 250 g pkgs.,19.5,0,5,Grains & Cereals,"Breads, crackers, pasta, and cereal",2014-05,7515.35,Medium Value
10535,ANTON,4,2014-05-13,2014-06-10,2014-05-21,1,15.64,59,55.0,15,0,825.0,Antonio Moreno Taquería,Antonio Moreno,Owner,Mexico City,Mexico,Raclette Courdavault,5 kg pkg.,55.0,0,4,Dairy Products,Cheeses,2014-05,7515.35,Medium Value
10536,LEHMS,3,2014-05-14,2014-06-11,2014-06-06,2,58.88,12,38.0,15,0,570.0,Lehmanns Marktstand,Renate Messner,Sales Representative,Frankfurt a.M.,Germany,Queso Manchego La Pastora,10 - 500 g pkgs.,38.0,0,4,Dairy Products,Cheeses,2014-05,19408.52,High Value
10536,LEHMS,3,2014-05-14,2014-06-11,2014-06-06,2,58.88,31,12.5,20,0,250.0,Lehmanns Marktstand,Renate Messner,Sales Representative,Frankfurt a.M.,Germany,Gorgonzola Telino,12 - 100 g pkgs,12.5,0,4,Dairy Products,Cheeses,2014-05,19408.52,High Value
10536,LEHMS,3,2014-05-14,2014-06-11,2014-06-06,2,58.88,33,2.5,30,0,75.0,Lehmanns Marktstand,Renate Messner,Sales Representative,Frankfurt a.M.,Germany,Geitost,500 g,2.5,0,4,Dairy Products,Cheeses,2014-05,19408.52,High Value
10536,LEHMS,3,2014-05-14,2014-06-11,2014-06-06,2,58.88,60,34.0,35,0,1190.0,Lehmanns Marktstand,Renate Messner,Sales Representative,Frankfurt a.M.,Germany,Camembert Pierrot,15 - 300 g rounds,34.0,0,4,Dairy Products,Cheeses,2014-05,19408.52,High Value
10537,RICSU,1,2014-05-14,2014-05-28,2014-05-19,1,78.85,31,12.5,30,0,375.0,Richter Supermarkt,Michael Holz,Sales Manager,Genève,Switzerland,Gorgonzola Telino,12 - 100 g pkgs,12.5,0,4,Dairy Products,Cheeses,2014-05,19447.2,High Value
10537,RICSU,1,2014-05-14,2014-05-28,2014-05-19,1,78.85,51,53.0,6,0,318.0,Richter Supermarkt,Michael Holz,Sales Manager,Genève,Switzerland,Manjimup Dried Apples,50 - 300 g pkgs.,53.0,0,7,Produce,Dried fruit and bean curd,2014-05,19447.2,High Value
10537,RICSU,1,2014-05-14,2014-05-28,2014-05-19,1,78.85,58,13.25,20,0,265.0,Richter Supermarkt,Michael Holz,Sales Manager,Genève,Switzerland,Escargots de Bourgogne,24 pieces,13.25,0,8,Seafood,Seaweed and fish,2014-05,19447.2,High Value
10537,RICSU,1,2014-05-14,2014-05-28,2014-05-19,1,78.85,72,34.8,21,0,730.8,Richter Supermarkt,Michael Holz,Sales Manager,Genève,Switzerland,Mozzarella di Giovanni,24 - 200 g pkgs.,34.8,0,4,Dairy Products,Cheeses,2014-05,19447.2,High Value
10537,RICSU,1,2014-05-14,2014-05-28,2014-05-19,1,78.85,73,15.0,9,0,135.0,Richter Supermarkt,Michael Holz,Sales Manager,Genève,Switzerland,Röd Kaviar,24 - 150 g jars,15.0,0,8,Seafood,Seaweed and fish,2014-05,19447.2,High Value
10538,BSBEV,9,2014-05-15,2014-06-12,2014-05-16,3,4.87,70,15.0,7,0,105.0,B's Beverages,Victoria Ashworth,Sales Representative,London,UK,Outback Lager,24 - 355 ml bottles,15.0,0,1,Beverages,"Soft drinks, coffees, teas, beers, and ales",2014-05,6089.9,Medium Value
10538,BSBEV,9,2014-05-15,2014-06-12,2014-05-16,3,4.87,72,34.8,1,0,34.8,B's Beverages,Victoria Ashworth,Sales Representative,London,UK,Mozzarella di Giovanni,24 - 200 g pkgs.,34.8,0,4,Dairy Products,Cheeses,2014-05,6089.9,Medium Value
10539,BSBEV,6,2014-05-16,2014-06-13,2014-05-23,3,12.36,13,6.0,8,0,48.0,B's Beverages,Victoria Ashworth,Sales Representative,London,UK,Konbu,2 kg box,6.0,0,8,Seafood,Seaweed and fish,2014-05,6089.9,Medium Value
10539,BSBEV,6,2014-05-16,2014-06-13,2014-05-23,3,12.36,21,10.0,15,0,150.0,B's Beverages,Victoria Ashworth,Sales Representative,London,UK,Sir Rodney's Scones,24 pkgs. x 4 pieces,10.0,0,3,Confections,"Desserts, candies, and sweet breads",2014-05,6089.9,Medium Value
10539,BSBEV,6,2014-05-16,2014-06-13,2014-05-23,3,12.36,33,2.5,15,0,37.5,B's Beverages,Victoria Ashworth,Sales Representative,London,UK,Geitost,500 g,2.5,0,4,Dairy Products,Cheeses,2014-05,6089.9,Medium Value
10539,BSBEV,6,2014-05-16,2014-06-13,2014-05-23,3,12.36,49,20.0,6,0,120.0,B's Beverages,Victoria Ashworth,Sales Representative,London,UK,Maxilaku,24 - 50 g pkgs.,20.0,0,3,Confections,"Desserts, candies, and sweet breads",2014-05,6089.9,Medium Value
10540,QUICK,3,2014-05-19,2014-06-16,2014-06-13,3,1007.64,3,10.0,60,0,600.0,QUICK-Stop,Horst Kloss,Accounting Manager,Cunewalde,Germany,Aniseed Syrup,12 - 550 ml bottles,10.0,0,2,Condiments,"Sweet and savory sauces, relishes, spreads, and seasonings",2014-05,117483.39,High Value
10540,QUICK,3,2014-05-19,2014-06-16,2014-06-13,3,1007.64,26,31.23,40,0,1249.2,QUICK-Stop,Horst Kloss,Accounting Manager,Cunewalde,Germany,Gumbär Gummibärchen,100 - 250 g bags,31.23,0,3,Confections,"Desserts, candies, and sweet breads",2014-05,117483.39,High Value
10540,QUICK,3,2014-05-19,2014-06-16,2014-06-13,3,1007.64,38,263.5,30,0,7905.0,QUICK-Stop,Horst Kloss,Accounting Manager,Cunewalde,Germany,Côte de Blaye,12 - 75 cl bottles,263.5,0,1,Beverages,"Soft drinks, coffees, teas, beers, and ales",2014-05,117483.39,High Value
10540,QUICK,3,2014-05-19,2014-06-16,2014-06-13,3,1007.64,68,12.5,35,0,437.5,QUICK-Stop,Horst Kloss,Accounting Manager,Cunewalde,Germany,Scottish Longbreads,10 boxes x 8 pieces,12.5,0,3,Confections,"Desserts, candies, and sweet breads",2014-05,117483.39,High Value
10541,HANAR,2,2014-05-19,2014-06-16,2014-05-29,1,68.65,24,4.5,35,0,157.5,Hanari Carnes,Mario Pontes,Accounting Manager,Rio de Janeiro,Brazil,Guarana Fantastica,12 - 355 ml cans,4.5,1,1,Beverages,"Soft drinks, coffees, teas, beers, and ales",2014-05,34101.15,High Value
10541,HANAR,2,2014-05-19,2014-06-16,2014-05-29,1,68.65,38,263.5,4,0,1054.0,Hanari Carnes,Mario Pontes,Accounting Manager,Rio de Janeiro,Brazil,Côte de Blaye,12 - 75 cl bottles,263.5,0,1,Beverages,"Soft drinks, coffees, teas, beers, and ales",2014-05,34101.15,High Value
10541,HANAR,2,2014-05-19,2014-06-16,2014-05-29,1,68.65,65,21.05,36,0,757.8000000000001,Hanari Carnes,Mario Pontes,Accounting Manager,Rio de Janeiro,Brazil,Louisiana Fiery Hot Pepper Sauce,32 - 8 oz bottles,21.05,0,2,Condiments,"Sweet and savory sauces, relishes, spreads, and seasonings",2014-05,34101.15,High Value
10541,HANAR,2,2014-05-19,2014-06-16,2014-05-29,1,68.65,71,21.5,9,0,193.5,Hanari Carnes,Mario Pontes,Accounting Manager,Rio de Janeiro,Brazil,Flotemysost,10 - 500 g pkgs.,21.5,0,4,Dairy Products,Cheeses,2014-05,34101.15,High Value
10542,KOENE,1,2014-05-20,2014-06-17,2014-05-26,3,10.95,11,21.0,15,0,315.0,Königlich Essen,Philip Cramer,Sales Associate,Brandenburg,Germany,Queso Cabrales,1 kg pkg.,21.0,0,4,Dairy Products,Cheeses,2014-05,31745.75,High Value
10542,KOENE,1,2014-05-20,2014-06-17,2014-05-26,3,10.95,54,7.45,24,0,178.8,Königlich Essen,Philip Cramer,Sales Associate,Brandenburg,Germany,Tourtière,16 pies,7.45,0,6,Meat & Poultry,Prepared meats,2014-05,31745.75,High Value
10543,LILAS,8,2014-05-21,2014-06-18,2014-05-23,2,48.17,12,38.0,30,0,1140.0,LILA-Supermercado,Carlos González,Accounting Manager,Barquisimeto,Venezuela,Queso Manchego La Pastora,10 - 500 g pkgs.,38.0,0,4,Dairy Products,Cheeses,2014-05,17062.5,High Value
10543,LILAS,8,2014-05-21,2014-06-18,2014-05-23,2,48.17,23,9.0,70,0,630.0,LILA-Supermercado,Carlos González,Accounting Manager,Barquisimeto,Venezuela,Tunnbröd,12 - 250 g pkgs.,9.0,0,5,Grains & Cereals,"Breads, crackers, pasta, and cereal",2014-05,17062.5,High Value
10544,LONEP,4,2014-05-21,2014-06-18,2014-05-30,1,24.91,28,45.6,7,0,319.2,Lonesome Pine Restaurant,Fran Wilson,Sales Manager,Portland,USA,Rössle Sauerkraut,25 - 825 g cans,45.6,1,7,Produce,Dried fruit and bean curd,2014-05,4258.6,Low Value
10544,LONEP,4,2014-05-21,2014-06-18,2014-05-30,1,24.91,67,14.0,7,0,98.0,Lonesome Pine Restaurant,Fran Wilson,Sales Manager,Portland,USA,Laughing Lumberjack Lager,24 - 12 oz bottles,14.0,0,1,Beverages,"Soft drinks, coffees, teas, beers, and ales",2014-05,4258.6,Low Value
10545,LAZYK,8,2014-05-22,2014-06-19,2014-06-26,2,11.92,11,21.0,10,0,210.0,Lazy K Kountry Store,John Steel,Marketing Manager,Walla Walla,USA,Queso Cabrales,1 kg pkg.,21.0,0,4,Dairy Products,Cheeses,2014-05,357.0,Low Value
10546,VICTE,1,2014-05-23,2014-06-20,2014-05-27,3,194.72,7,30.0,10,0,300.0,Victuailles en stock,Mary Saveley,Sales Agent,Lyon,France,Uncle Bob's Organic Dried Pears,12 - 1 lb pkgs.,30.0,0,7,Produce,Dried fruit and bean curd,2014-05,9937.1,Medium Value
10546,VICTE,1,2014-05-23,2014-06-20,2014-05-27,3,194.72,35,18.0,30,0,540.0,Victuailles en stock,Mary Saveley,Sales Agent,Lyon,France,Steeleye Stout,24 - 12 oz bottles,18.0,0,1,Beverages,"Soft drinks, coffees, teas, beers, and ales",2014-05,9937.1,Medium Value
10546,VICTE,1,2014-05-23,2014-06-20,2014-05-27,3,194.72,62,49.3,40,0,1972.0,Victuailles en stock,Mary Saveley,Sales Agent,Lyon,France,Tarte au sucre,48 pies,49.3,0,3,Confections,"Desserts, candies, and sweet breads",2014-05,9937.1,Medium Value
10547,SEVES,3,2014-05-23,2014-06-20,2014-06-02,2,178.43,32,32.0,24,0,768.0,Seven Seas Imports,Hari Kumar,Sales Manager,London,UK,Mascarpone Fabioli,24 - 200 g pkgs.,32.0,0,4,Dairy Products,Cheeses,2014-05,17172.05,High Value
10547,SEVES,3,2014-05-23,2014-06-20,2014-06-02,2,178.43,36,19.0,60,0,1140.0,Seven Seas Imports,Hari Kumar,Sales Manager,London,UK,Inlagd Sill,24 - 250 g  jars,19.0,0,8,Seafood,Seaweed and fish,2014-05,17172.05,High Value
10548,TOMSP,3,2014-05-26,2014-06-23,2014-06-02,2,1.43,34,14.0,10,0,140.0,Toms Spezialitäten,Karin Josephs,Marketing Manager,Münster,Germany,Sasquatch Ale,24 - 12 oz bottles,14.0,0,1,Beverages,"Soft drinks, coffees, teas, beers, and ales",2014-05,4954.0,Low Value
10548,TOMSP,3,2014-05-26,2014-06-23,2014-06-02,2,1.43,41,9.65,14,0,135.1,Toms Spezialitäten,Karin Josephs,Marketing Manager,Münster,Germany,Jack's New England Clam Chowder,12 - 12 oz cans,9.65,0,8,Seafood,Seaweed and fish,2014-05,4954.0,Low Value
10549,QUICK,5,2014-05-27,2014-06-10,2014-05-30,1,171.24,31,12.5,55,0,687.5,QUICK-Stop,Horst Kloss,Accounting Manager,Cunewalde,Germany,Gorgonzola Telino,12 - 100 g pkgs,12.5,0,4,Dairy Products,Cheeses,2014-05,117483.39,High Value
10549,QUICK,5,2014-05-27,2014-06-10,2014-05-30,1,171.24,45,9.5,100,0,950.0,QUICK-Stop,Horst Kloss,Accounting Manager,Cunewalde,Germany,Rogede sild,1k pkg.,9.5,0,8,Seafood,Seaweed and fish,2014-05,117483.39,High Value
10549,QUICK,5,2014-05-27,2014-06-10,2014-05-30,1,171.24,51,53.0,48,0,2544.0,QUICK-Stop,Horst Kloss,Accounting Manager,Cunewalde,Germany,Manjimup Dried Apples,50 - 300 g pkgs.,53.0,0,7,Produce,Dried fruit and bean curd,2014-05,117483.39,High Value
10550,GODOS,7,2014-05-28,2014-06-25,2014-06-06,3,4.32,17,39.0,8,0,312.0,Godos Cocina Típica,José Pedro Freyre,Sales Manager,Sevilla,Spain,Alice Mutton,20 - 1 kg tins,39.0,1,6,Meat & Poultry,Prepared meats,2014-05,11830.1,High Value
10550,GODOS,7,2014-05-28,2014-06-25,2014-06-06,3,4.32,19,9.2,10,0,92.0,Godos Cocina Típica,José Pedro Freyre,Sales Manager,Sevilla,Spain,Teatime Chocolate Biscuits,10 boxes x 12 pieces,9.2,0,3,Confections,"Desserts, candies, and sweet breads",2014-05,11830.1,High Value
10550,GODOS,7,2014-05-28,2014-06-25,2014-06-06,3,4.32,21,10.0,6,0,60.0,Godos Cocina Típica,José Pedro Freyre,Sales Manager,Sevilla,Spain,Sir Rodney's Scones,24 pkgs. x 4 pieces,10.0,0,3,Confections,"Desserts, candies, and sweet breads",2014-05,11830.1,High Value
10550,GODOS,7,2014-05-28,2014-06-25,2014-06-06,3,4.32,61,28.5,10,0,285.0,Godos Cocina Típica,José Pedro Freyre,Sales Manager,Sevilla,Spain,Sirop d'érable,24 - 500 ml bottles,28.5,0,2,Condiments,"Sweet and savory sauces, relishes, spreads, and seasonings",2014-05,11830.1,High Value
10551,FURIB,4,2014-05-28,2014-07-09,2014-06-06,3,72.95,16,17.45,40,0,698.0,Furia Bacalhau e Frutos do Mar,Lino Rodriguez,Sales Manager,Lisboa,Portugal,Pavlova,32 - 500 g boxes,17.45,0,3,Confections,"Desserts, candies, and sweet breads",2014-05,7151.55,Medium Value
10551,FURIB,4,2014-05-28,2014-07-09,2014-06-06,3,72.95,35,18.0,20,0,360.0,Furia Bacalhau e Frutos do Mar,Lino Rodriguez,Sales Manager,Lisboa,Portugal,Steeleye Stout,24 - 12 oz bottles,18.0,0,1,Beverages,"Soft drinks, coffees, teas, beers, and ales",2014-05,7151.55,Medium Value
10551,FURIB,4,2014-05-28,2014-07-09,2014-06-06,3,72.95,44,19.45,40,0,778.0,Furia Bacalhau e Frutos do Mar,Lino Rodriguez,Sales Manager,Lisboa,Portugal,Gula Malacca,20 - 2 kg bags,19.45,0,2,Condiments,"Sweet and savory sauces, relishes, spreads, and seasonings",2014-05,7151.55,Medium Value
10552,HILAA,2,2014-05-29,2014-06-26,2014-06-05,1,83.22,69,36.0,18,0,648.0,HILARION-Abastos,Carlos Hernández,Sales Representative,San Cristóbal,Venezuela,Gudbrandsdalsost,10 kg pkg.,36.0,0,4,Dairy Products,Cheeses,2014-05,23611.58,High Value
10552,HILAA,2,2014-05-29,2014-06-26,2014-06-05,1,83.22,75,7.75,30,0,232.5,HILARION-Abastos,Carlos Hernández,Sales Representative,San Cristóbal,Venezuela,Rhönbräu Klosterbier,24 - 0.5 l bottles,7.75,0,1,Beverages,"Soft drinks, coffees, teas, beers, and ales",2014-05,23611.58,High Value
10553,WARTH,2,2014-05-30,2014-06-27,2014-06-03,2,149.49,11,21.0,15,0,315.0,Wartian Herkku,Pirkko Koskitalo,Accounting Manager,Oulu,Finland,Queso Cabrales,1 kg pkg.,21.0,0,4,Dairy Products,Cheeses,2014-05,16617.1,High Value
10553,WARTH,2,2014-05-30,2014-06-27,2014-06-03,2,149.49,16,17.45,14,0,244.29999999999998,Wartian Herkku,Pirkko Koskitalo,Accounting Manager,Oulu,Finland,Pavlova,32 - 500 g boxes,17.45,0,3,Confections,"Desserts, candies, and sweet breads",2014-05,16617.1,High Value
10553,WARTH,2,2014-05-30,2014-06-27,2014-06-03,2,149.49,22,21.0,24,0,504.0,Wartian Herkku,Pirkko Koskitalo,Accounting Manager,Oulu,Finland,Gustaf's Knackebröd,24 - 500 g pkgs.,21.0,0,5,Grains & Cereals,"Breads, crackers, pasta, and cereal",2014-05,16617.1,High Value
10553,WARTH,2,2014-05-30,2014-06-27,2014-06-03,2,149.49,31,12.5,30,0,375.0,Wartian Herkku,Pirkko Koskitalo,Accounting Manager,Oulu,Finland,Gorgonzola Telino,12 - 100 g pkgs,12.5,0,4,Dairy Products,Cheeses,2014-05,16617.1,High Value
10553,WARTH,2,2014-05-30,2014-06-27,2014-06-03,2,149.49,35,18.0,6,0,108.0,Wartian Herkku,Pirkko Koskitalo,Accounting Manager,Oulu,Finland,Steeleye Stout,24 - 12 oz bottles,18.0,0,1,Beverages,"Soft drinks, coffees, teas, beers, and ales",2014-05,16617.1,High Value
10554,OTTIK,4,2014-05-30,2014-06-27,2014-06-05,3,120.97,16,17.45,30,0,523.5,Ottilies Käseladen,Henriette Pfalzheim,Owner,Köln,Germany,Pavlova,32 - 500 g boxes,17.45,0,3,Confections,"Desserts, candies, and sweet breads",2014-05,13157.5,High Value
10554,OTTIK,4,2014-05-30,2014-06-27,2014-06-05,3,120.97,23,9.0,20,0,180.0,Ottilies Käseladen,Henriette Pfalzheim,Owner,Köln,Germany,Tunnbröd,12 - 250 g pkgs.,9.0,0,5,Grains & Cereals,"Breads, crackers, pasta, and cereal",2014-05,13157.5,High Value
10554,OTTIK,4,2014-05-30,2014-06-27,2014-06-05,3,120.97,62,49.3,20,0,986.0,Ottilies Käseladen,Henriette Pfalzheim,Owner,Köln,Germany,Tarte au sucre,48 pies,49.3,0,3,Confections,"Desserts, candies, and sweet breads",2014-05,13157.5,High Value
10554,OTTIK,4,2014-05-30,2014-06-27,2014-06-05,3,120.97,77,13.0,10,0,130.0,Ottilies Käseladen,Henriette Pfalzheim,Owner,Köln,Germany,Original Frankfurter Grüne Soße,12 boxes,13.0,0,2,Condiments,"Sweet and savory sauces, relishes, spreads, and seasonings",2014-05,13157.5,High Value
10555,SAVEA,6,2014-06-02,2014-06-30,2014-06-04,3,252.49,14,23.25,30,0,697.5,Save-a-lot Markets,Jose Pavarotti,Sales Representative,Boise,USA,Tofu,40 - 100 g pkgs.,23.25,0,7,Produce,Dried fruit and bean curd,2014-06,115673.39,High Value
10555,SAVEA,6,2014-06-02,2014-06-30,2014-06-04,3,252.49,19,9.2,35,0,322.0,Save-a-lot Markets,Jose Pavarotti,Sales Representative,Boise,USA,Teatime Chocolate Biscuits,10 boxes x 12 pieces,9.2,0,3,Confections,"Desserts, candies, and sweet breads",2014-06,115673.39,High Value
10555,SAVEA,6,2014-06-02,2014-06-30,2014-06-04,3,252.49,24,4.5,18,0,81.0,Save-a-lot Markets,Jose Pavarotti,Sales Representative,Boise,USA,Guarana Fantastica,12 - 355 ml cans,4.5,1,1,Beverages,"Soft drinks, coffees, teas, beers, and ales",2014-06,115673.39,High Value
10555,SAVEA,6,2014-06-02,2014-06-30,2014-06-04,3,252.49,51,53.0,20,0,1060.0,Save-a-lot Markets,Jose Pavarotti,Sales Representative,Boise,USA,Manjimup Dried Apples,50 - 300 g pkgs.,53.0,0,7,Produce,Dried fruit and bean curd,2014-06,115673.39,High Value
10555,SAVEA,6,2014-06-02,2014-06-30,2014-06-04,3,252.49,56,38.0,40,0,1520.0,Save-a-lot Markets,Jose Pavarotti,Sales Representative,Boise,USA,Gnocchi di nonna Alice,24 - 250 g pkgs.,38.0,0,5,Grains & Cereals,"Breads, crackers, pasta, and cereal",2014-06,115673.39,High Value
10556,SIMOB,2,2014-06-03,2014-07-15,2014-06-13,1,9.8,72,34.8,24,0,835.1999999999999,Simons bistro,Jytte Petersen,Owner,Kobenhavn,Denmark,Mozzarella di Giovanni,24 - 200 g pkgs.,34.8,0,4,Dairy Products,Cheeses,2014-06,17894.15,High Value
10557,LEHMS,9,2014-06-03,2014-06-17,2014-06-06,2,96.72,64,33.25,30,0,997.5,Lehmanns Marktstand,Renate Messner,Sales Representative,Frankfurt a.M.,Germany,Wimmers gute Semmelknödel,20 bags x 4 pieces,33.25,0,5,Grains & Cereals,"Breads, crackers, pasta, and cereal",2014-06,19408.52,High Value
10557,LEHMS,9,2014-06-03,2014-06-17,2014-06-06,2,96.72,75,7.75,20,0,155.0,Lehmanns Marktstand,Renate Messner,Sales Representative,Frankfurt a.M.,Germany,Rhönbräu Klosterbier,24 - 0.5 l bottles,7.75,0,1,Beverages,"Soft drinks, coffees, teas, beers, and ales",2014-06,19408.52,High Value
10558,AROUT,1,2014-06-04,2014-07-02,2014-06-10,2,72.97,47,9.5,25,0,237.5,Around the Horn,Thomas Hardy,Sales Representative,London,UK,Zaanse koeken,10 - 4 oz boxes,9.5,0,3,Confections,"Desserts, candies, and sweet breads",2014-06,13806.5,High Value
10558,AROUT,1,2014-06-04,2014-07-02,2014-06-10,2,72.97,51,53.0,20,0,1060.0,Around the Horn,Thomas Hardy,Sales Representative,London,UK,Manjimup Dried Apples,50 - 300 g pkgs.,53.0,0,7,Produce,Dried fruit and bean curd,2014-06,13806.5,High Value
10558,AROUT,1,2014-06-04,2014-07-02,2014-06-10,2,72.97,52,7.0,30,0,210.0,Around the Horn,Thomas Hardy,Sales Representative,London,UK,Filo Mix,16 - 2 kg boxes,7.0,0,5,Grains & Cereals,"Breads, crackers, pasta, and cereal",2014-06,13806.5,High Value
10558,AROUT,1,2014-06-04,2014-07-02,2014-06-10,2,72.97,53,32.8,18,0,590.4,Around the Horn,Thomas Hardy,Sales Representative,London,UK,Perth Pasties,48 pieces,32.8,1,6,Meat & Poultry,Prepared meats,2014-06,13806.5,High Value
10558,AROUT,1,2014-06-04,2014-07-02,2014-06-10,2,72.97,73,15.0,3,0,45.0,Around the Horn,Thomas Hardy,Sales Representative,London,UK,Röd Kaviar,24 - 150 g jars,15.0,0,8,Seafood,Seaweed and fish,2014-06,13806.5,High Value
10559,BLONP,6,2014-06-05,2014-07-03,2014-06-13,1,8.05,41,9.65,12,0,115.80000000000001,Blondesddsl père et fils,Frédérique Citeaux,Marketing Manager,Strasbourg,France,Jack's New England Clam Chowder,12 - 12 oz cans,9.65,0,8,Seafood,Seaweed and fish,2014-06,19088.0,High Value
10559,BLONP,6,2014-06-05,2014-07-03,2014-06-13,1,8.05,55,24.0,18,0,432.0,Blondesddsl père et fils,Frédérique Citeaux,Marketing Manager,Strasbourg,France,Pâté chinois,24 boxes x 2 pies,24.0,0,6,Meat & Poultry,Prepared meats,2014-06,19088.0,High Value
10560,FRANK,8,2014-06-06,2014-07-04,2014-06-09,1,36.65,30,25.89,20,0,517.8,Frankenversand,Peter Franken,Marketing Manager,München,Germany,Nord-Ost Matjeshering,10 - 200 g glasses,25.89,0,8,Seafood,Seaweed and fish,2014-06,28722.71,High Value
10560,FRANK,8,2014-06-06,2014-07-04,2014-06-09,1,36.65,62,49.3,15,0,739.5,Frankenversand,Peter Franken,Marketing Manager,München,Germany,Tarte au sucre,48 pies,49.3,0,3,Confections,"Desserts, candies, and sweet breads",2014-06,28722.71,High Value
10561,FOLKO,2,2014-06-06,2014-07-04,2014-06-09,2,242.21,44,19.45,10,0,194.5,Folk och fä HB,Maria Larsson,Owner,Bräcke,Sweden,Gula Malacca,20 - 2 kg bags,19.45,0,2,Condiments,"Sweet and savory sauces, relishes, spreads, and seasonings",2014-06,32555.55,High Value
10561,FOLKO,2,2014-06-06,2014-07-04,2014-06-09,2,242.21,51,53.0,50,0,2650.0,Folk och fä HB,Maria Larsson,Owner,Bräcke,Sweden,Manjimup Dried Apples,50 - 300 g pkgs.,53.0,0,7,Produce,Dried fruit and bean curd,2014-06,32555.55,High Value
10562,REGGC,1,2014-06-09,2014-07-07,2014-06-12,1,22.95,33,2.5,20,0,50.0,Reggiani Caseifici,Maurizio Moroni,Sales Associate,Reggio Emilia,Italy,Geitost,500 g,2.5,0,4,Dairy Products,Cheeses,2014-06,7047.6,Medium Value
10562,REGGC,1,2014-06-09,2014-07-07,2014-06-12,1,22.95,62,49.3,10,0,493.0,Reggiani Caseifici,Maurizio Moroni,Sales Associate,Reggio Emilia,Italy,Tarte au sucre,48 pies,49.3,0,3,Confections,"Desserts, candies, and sweet breads",2014-06,7047.6,Medium Value
10563,RICAR,2,2014-06-10,2014-07-22,2014-06-24,2,60.43,36,19.0,25,0,475.0,Ricardo Adocicados,Janete Limeira,Assistant Sales Agent,Rio de Janeiro,Brazil,Inlagd Sill,24 - 250 g  jars,19.0,0,8,Seafood,Seaweed and fish,2014-06,11086.4,High Value
10563,RICAR,2,2014-06-10,2014-07-22,2014-06-24,2,60.43,52,7.0,70,0,490.0,Ricardo Adocicados,Janete Limeira,Assistant Sales Agent,Rio de Janeiro,Brazil,Filo Mix,16 - 2 kg boxes,7.0,0,5,Grains & Cereals,"Breads, crackers, pasta, and cereal",2014-06,11086.4,High Value
10564,RATTC,4,2014-06-10,2014-07-08,2014-06-16,3,13.75,17,39.0,16,0,624.0,Rattlesnake Canyon Grocery,Paula Wilson,Assistant Sales Representative,Albuquerque,USA,Alice Mutton,20 - 1 kg tins,39.0,1,6,Meat & Poultry,Prepared meats,2014-06,50871.3,High Value
10564,RATTC,4,2014-06-10,2014-07-08,2014-06-16,3,13.75,31,12.5,6,0,75.0,Rattlesnake Canyon Grocery,Paula Wilson,Assistant Sales Representative,Albuquerque,USA,Gorgonzola Telino,12 - 100 g pkgs,12.5,0,4,Dairy Products,Cheeses,2014-06,50871.3,High Value
10564,RATTC,4,2014-06-10,2014-07-08,2014-06-16,3,13.75,55,24.0,25,0,600.0,Rattlesnake Canyon Grocery,Paula Wilson,Assistant Sales Representative,Albuquerque,USA,Pâté chinois,24 boxes x 2 pies,24.0,0,6,Meat & Poultry,Prepared meats,2014-06,50871.3,High Value
10565,MEREP,8,2014-06-11,2014-07-09,2014-06-18,2,7.15,24,4.5,25,0,112.5,Mère Paillarde,Jean Fresnière,Marketing Assistant,Montréal,Canada,Guarana Fantastica,12 - 355 ml cans,4.5,1,1,Beverages,"Soft drinks, coffees, teas, beers, and ales",2014-06,32203.9,High Value
10565,MEREP,8,2014-06-11,2014-07-09,2014-06-18,2,7.15,64,33.25,18,0,598.5,Mère Paillarde,Jean Fresnière,Marketing Assistant,Montréal,Canada,Wimmers gute Semmelknödel,20 bags x 4 pieces,33.25,0,5,Grains & Cereals,"Breads, crackers, pasta, and cereal",2014-06,32203.9,High Value
10566,BLONP,9,2014-06-12,2014-07-10,2014-06-18,1,88.4,11,21.0,35,0,735.0,Blondesddsl père et fils,Frédérique Citeaux,Marketing Manager,Strasbourg,France,Queso Cabrales,1 kg pkg.,21.0,0,4,Dairy Products,Cheeses,2014-06,19088.0,High Value
10566,BLONP,9,2014-06-12,2014-07-10,2014-06-18,1,88.4,18,62.5,18,0,1125.0,Blondesddsl père et fils,Frédérique Citeaux,Marketing Manager,Strasbourg,France,Carnarvon Tigers,16 kg pkg.,62.5,0,8,Seafood,Seaweed and fish,2014-06,19088.0,High Value
10566,BLONP,9,2014-06-12,2014-07-10,2014-06-18,1,88.4,76,18.0,10,0,180.0,Blondesddsl père et fils,Frédérique Citeaux,Marketing Manager,Strasbourg,France,Lakkaliköri,500 ml,18.0,0,1,Beverages,"Soft drinks, coffees, teas, beers, and ales",2014-06,19088.0,High Value
10567,HUNGO,1,2014-06-12,2014-07-10,2014-06-17,1,33.97,31,12.5,60,0,750.0,Hungry Owl All-Night Grocers,Patricia McKenna,Sales Associate,Cork,Ireland,Gorgonzola Telino,12 - 100 g pkgs,12.5,0,4,Dairy Products,Cheeses,2014-06,57317.39,High Value
10567,HUNGO,1,2014-06-12,2014-07-10,2014-06-17,1,33.97,51,53.0,3,0,159.0,Hungry Owl All-Night Grocers,Patricia McKenna,Sales Associate,Cork,Ireland,Manjimup Dried Apples,50 - 300 g pkgs.,53.0,0,7,Produce,Dried fruit and bean curd,2014-06,57317.39,High Value
10567,HUNGO,1,2014-06-12,2014-07-10,2014-06-17,1,33.97,59,55.0,40,0,2200.0,Hungry Owl All-Night Grocers,Patricia McKenna,Sales Associate,Cork,Ireland,Raclette Courdavault,5 kg pkg.,55.0,0,4,Dairy Products,Cheeses,2014-06,57317.39,High Value
10568,GALED,3,2014-06-13,2014-07-11,2014-07-09,3,6.54,10,31.0,5,0,155.0,Galería del gastrónomo,Eduardo Saavedra,Marketing Manager,Barcelona,Spain,Ikura,12 - 200 ml jars,31.0,0,8,Seafood,Seaweed and fish,2014-06,836.7,Low Value
10569,RATTC,5,2014-06-16,2014-07-14,2014-07-11,1,58.98,31,12.5,35,0,437.5,Rattlesnake Canyon Grocery,Paula Wilson,Assistant Sales Representative,Albuquerque,USA,Gorgonzola Telino,12 - 100 g pkgs,12.5,0,4,Dairy Products,Cheeses,2014-06,50871.3,High Value
10569,RATTC,5,2014-06-16,2014-07-14,2014-07-11,1,58.98,76,18.0,30,0,540.0,Rattlesnake Canyon Grocery,Paula Wilson,Assistant Sales Representative,Albuquerque,USA,Lakkaliköri,500 ml,18.0,0,1,Beverages,"Soft drinks, coffees, teas, beers, and ales",2014-06,50871.3,High Value
10570,MEREP,3,2014-06-17,2014-07-15,2014-06-19,3,188.99,11,21.0,15,0,315.0,Mère Paillarde,Jean Fresnière,Marketing Assistant,Montréal,Canada,Queso Cabrales,1 kg pkg.,21.0,0,4,Dairy Products,Cheeses,2014-06,32203.9,High Value
10570,MEREP,3,2014-06-17,2014-07-15,2014-06-19,3,188.99,56,38.0,60,0,2280.0,Mère Paillarde,Jean Fresnière,Marketing Assistant,Montréal,Canada,Gnocchi di nonna Alice,24 - 250 g pkgs.,38.0,0,5,Grains & Cereals,"Breads, crackers, pasta, and cereal",2014-06,32203.9,High Value
10571,ERNSH,8,2014-06-17,2014-07-29,2014-07-04,3,26.06,14,23.25,11,0,255.75,Ernst Handel,Roland Mendel,Sales Manager,Graz,Austria,Tofu,40 - 100 g pkgs.,23.25,0,7,Produce,Dried fruit and bean curd,2014-06,103115.18,High Value
10571,ERNSH,8,2014-06-17,2014-07-29,2014-07-04,3,26.06,42,14.0,28,0,392.0,Ernst Handel,Roland Mendel,Sales Manager,Graz,Austria,Singaporean Hokkien Fried Mee,32 - 1 kg pkgs.,14.0,1,5,Grains & Cereals,"Breads, crackers, pasta, and cereal",2014-06,103115.18,High Value
10572,BERGS,3,2014-06-18,2014-07-16,2014-06-25,2,116.43,16,17.45,12,0,209.39999999999998,Berglunds snabbköp,Christina Berglund,Order Administrator,Luleå,Sweden,Pavlova,32 - 500 g boxes,17.45,0,3,Confections,"Desserts, candies, and sweet breads",2014-06,26968.149999999998,High Value
10572,BERGS,3,2014-06-18,2014-07-16,2014-06-25,2,116.43,32,32.0,10,0,320.0,Berglunds snabbköp,Christina Berglund,Order Administrator,Luleå,Sweden,Mascarpone Fabioli,24 - 200 g pkgs.,32.0,0,4,Dairy Products,Cheeses,2014-06,26968.149999999998,High Value
10572,BERGS,3,2014-06-18,2014-07-16,2014-06-25,2,116.43,40,18.4,50,0,919.9999999999999,Berglunds snabbköp,Christina Berglund,Order Administrator,Luleå,Sweden,Boston Crab Meat,24 - 4 oz tins,18.4,0,8,Seafood,Seaweed and fish,2014-06,26968.149999999998,High Value
10572,BERGS,3,2014-06-18,2014-07-16,2014-06-25,2,116.43,75,7.75,15,0,116.25,Berglunds snabbköp,Christina Berglund,Order Administrator,Luleå,Sweden,Rhönbräu Klosterbier,24 - 0.5 l bottles,7.75,0,1,Beverages,"Soft drinks, coffees, teas, beers, and ales",2014-06,26968.149999999998,High Value
10573,ANTON,7,2014-06-19,2014-07-17,2014-06-20,3,84.84,17,39.0,18,0,702.0,Antonio Moreno Taquería,Antonio Moreno,Owner,Mexico City,Mexico,Alice Mutton,20 - 1 kg tins,39.0,1,6,Meat & Poultry,Prepared meats,2014-06,7515.35,Medium Value
10573,ANTON,7,2014-06-19,2014-07-17,2014-06-20,3,84.84,34,14.0,40,0,560.0,Antonio Moreno Taquería,Antonio Moreno,Owner,Mexico City,Mexico,Sasquatch Ale,24 - 12 oz bottles,14.0,0,1,Beverages,"Soft drinks, coffees, teas, beers, and ales",2014-06,7515.35,Medium Value
10573,ANTON,7,2014-06-19,2014-07-17,2014-06-20,3,84.84,53,32.8,25,0,819.9999999999999,Antonio Moreno Taquería,Antonio Moreno,Owner,Mexico City,Mexico,Perth Pasties,48 pieces,32.8,1,6,Meat & Poultry,Prepared meats,2014-06,7515.35,Medium Value
10574,TRAIH,4,2014-06-19,2014-07-17,2014-06-30,2,37.6,33,2.5,14,0,35.0,Trail's Head Gourmet Provisioners,Helvetius Nagy,Sales Associate,Kirkland,USA,Geitost,500 g,2.5,0,4,Dairy Products,Cheeses,2014-06,1571.2,Low Value
10574,TRAIH,4,2014-06-19,2014-07-17,2014-06-30,2,37.6,40,18.4,2,0,36.8,Trail's Head Gourmet Provisioners,Helvetius Nagy,Sales Associate,Kirkland,USA,Boston Crab Meat,24 - 4 oz tins,18.4,0,8,Seafood,Seaweed and fish,2014-06,1571.2,Low Value
10574,TRAIH,4,2014-06-19,2014-07-17,2014-06-30,2,37.6,62,49.3,10,0,493.0,Trail's Head Gourmet Provisioners,Helvetius Nagy,Sales Associate,Kirkland,USA,Tarte au sucre,48 pies,49.3,0,3,Confections,"Desserts, candies, and sweet breads",2014-06,1571.2,Low Value
10574,TRAIH,4,2014-06-19,2014-07-17,2014-06-30,2,37.6,64,33.25,6,0,199.5,Trail's Head Gourmet Provisioners,Helvetius Nagy,Sales Associate,Kirkland,USA,Wimmers gute Semmelknödel,20 bags x 4 pieces,33.25,0,5,Grains & Cereals,"Breads, crackers, pasta, and cereal",2014-06,1571.2,Low Value
10575,MORGK,5,2014-06-20,2014-07-04,2014-06-30,1,127.34,59,55.0,12,0,660.0,Morgenstern Gesundkost,Alexander Feuer,Marketing Assistant,Leipzig,Germany,Raclette Courdavault,5 kg pkg.,55.0,0,4,Dairy Products,Cheeses,2014-06,5042.2,Medium Value
10575,MORGK,5,2014-06-20,2014-07-04,2014-06-30,1,127.34,63,43.9,6,0,263.4,Morgenstern Gesundkost,Alexander Feuer,Marketing Assistant,Leipzig,Germany,Vegie-spread,15 - 625 g jars,43.9,0,2,Condiments,"Sweet and savory sauces, relishes, spreads, and seasonings",2014-06,5042.2,Medium Value
10575,MORGK,5,2014-06-20,2014-07-04,2014-06-30,1,127.34,72,34.8,30,0,1044.0,Morgenstern Gesundkost,Alexander Feuer,Marketing Assistant,Leipzig,Germany,Mozzarella di Giovanni,24 - 200 g pkgs.,34.8,0,4,Dairy Products,Cheeses,2014-06,5042.2,Medium Value
10575,MORGK,5,2014-06-20,2014-07-04,2014-06-30,1,127.34,76,18.0,10,0,180.0,Morgenstern Gesundkost,Alexander Feuer,Marketing Assistant,Leipzig,Germany,Lakkaliköri,500 ml,18.0,0,1,Beverages,"Soft drinks, coffees, teas, beers, and ales",2014-06,5042.2,Medium Value
10576,TORTU,3,2014-06-23,2014-07-07,2014-06-30,3,18.56,1,18.0,10,0,180.0,Tortuga Restaurante,Miguel Angel Paolino,Owner,Mexico City,Mexico,Chai,10 boxes x 20 bags,18.0,0,1,Beverages,"Soft drinks, coffees, teas, beers, and ales",2014-06,10812.15,High Value
10576,TORTU,3,2014-06-23,2014-07-07,2014-06-30,3,18.56,31,12.5,20,0,250.0,Tortuga Restaurante,Miguel Angel Paolino,Owner,Mexico City,Mexico,Gorgonzola Telino,12 - 100 g pkgs,12.5,0,4,Dairy Products,Cheeses,2014-06,10812.15,High Value
10576,TORTU,3,2014-06-23,2014-07-07,2014-06-30,3,18.56,44,19.45,21,0,408.45,Tortuga Restaurante,Miguel Angel Paolino,Owner,Mexico City,Mexico,Gula Malacca,20 - 2 kg bags,19.45,0,2,Condiments,"Sweet and savory sauces, relishes, spreads, and seasonings",2014-06,10812.15,High Value
10577,TRAIH,9,2014-06-23,2014-08-04,2014-06-30,2,25.41,39,18.0,10,0,180.0,Trail's Head Gourmet Provisioners,Helvetius Nagy,Sales Associate,Kirkland,USA,Chartreuse verte,750 cc per bottle,18.0,0,1,Beverages,"Soft drinks, coffees, teas, beers, and ales",2014-06,1571.2,Low Value
10577,TRAIH,9,2014-06-23,2014-08-04,2014-06-30,2,25.41,75,7.75,20,0,155.0,Trail's Head Gourmet Provisioners,Helvetius Nagy,Sales Associate,Kirkland,USA,Rhönbräu Klosterbier,24 - 0.5 l bottles,7.75,0,1,Beverages,"Soft drinks, coffees, teas, beers, and ales",2014-06,1571.2,Low Value
10577,TRAIH,9,2014-06-23,2014-08-04,2014-06-30,2,25.41,77,13.0,18,0,234.0,Trail's Head Gourmet Provisioners,Helvetius Nagy,Sales Associate,Kirkland,USA,Original Frankfurter Grüne Soße,12 boxes,13.0,0,2,Condiments,"Sweet and savory sauces, relishes, spreads, and seasonings",2014-06,1571.2,Low Value
10578,BSBEV,4,2014-06-24,2014-07-22,2014-07-25,3,29.6,35,18.0,20,0,360.0,B's Beverages,Victoria Ashworth,Sales Representative,London,UK,Steeleye Stout,24 - 12 oz bottles,18.0,0,1,Beverages,"Soft drinks, coffees, teas, beers, and ales",2014-06,6089.9,Medium Value
10578,BSBEV,4,2014-06-24,2014-07-22,2014-07-25,3,29.6,57,19.5,6,0,117.0,B's Beverages,Victoria Ashworth,Sales Representative,London,UK,Ravioli Angelo,24 - 250 g pkgs.,19.5,0,5,Grains & Cereals,"Breads, crackers, pasta, and cereal",2014-06,6089.9,Medium Value
10579,LETSS,1,2014-06-25,2014-07-23,2014-07-04,2,13.73,15,15.5,10,0,155.0,Let's Stop N Shop,Jaime Yorres,Owner,San Francisco,USA,Genen Shouyu,24 - 250 ml bottles,15.5,0,2,Condiments,"Sweet and savory sauces, relishes, spreads, and seasonings",2014-06,3490.02,Low Value
10579,LETSS,1,2014-06-25,2014-07-23,2014-07-04,2,13.73,75,7.75,21,0,162.75,Let's Stop N Shop,Jaime Yorres,Owner,San Francisco,USA,Rhönbräu Klosterbier,24 - 0.5 l bottles,7.75,0,1,Beverages,"Soft drinks, coffees, teas, beers, and ales",2014-06,3490.02,Low Value
10580,OTTIK,4,2014-06-26,2014-07-24,2014-07-01,3,75.89,14,23.25,15,0,348.75,Ottilies Käseladen,Henriette Pfalzheim,Owner,Köln,Germany,Tofu,40 - 100 g pkgs.,23.25,0,7,Produce,Dried fruit and bean curd,2014-06,13157.5,High Value
10580,OTTIK,4,2014-06-26,2014-07-24,2014-07-01,3,75.89,41,9.65,9,0,86.85000000000001,Ottilies Käseladen,Henriette Pfalzheim,Owner,Köln,Germany,Jack's New England Clam Chowder,12 - 12 oz cans,9.65,0,8,Seafood,Seaweed and fish,2014-06,13157.5,High Value
10580,OTTIK,4,2014-06-26,2014-07-24,2014-07-01,3,75.89,65,21.05,30,0,631.5,Ottilies Käseladen,Henriette Pfalzheim,Owner,Köln,Germany,Louisiana Fiery Hot Pepper Sauce,32 - 8 oz bottles,21.05,0,2,Condiments,"Sweet and savory sauces, relishes, spreads, and seasonings",2014-06,13157.5,High Value
10581,FAMIA,3,2014-06-26,2014-07-24,2014-07-02,1,3.01,75,7.75,50,0,387.5,Familia Arquibaldo,Aria Cruz,Marketing Assistant,Sao Paulo,Brazil,Rhönbräu Klosterbier,24 - 0.5 l bottles,7.75,0,1,Beverages,"Soft drinks, coffees, teas, beers, and ales",2014-06,4438.9,Low Value
10582,BLAUS,3,2014-06-27,2014-07-25,2014-07-14,2,27.71,57,19.5,4,0,78.0,Blauer See Delikatessen,Hanna Moos,Sales Representative,Mannheim,Germany,Ravioli Angelo,24 - 250 g pkgs.,19.5,0,5,Grains & Cereals,"Breads, crackers, pasta, and cereal",2014-06,2381.8,Low Value
10582,BLAUS,3,2014-06-27,2014-07-25,2014-07-14,2,27.71,76,18.0,14,0,252.0,Blauer See Delikatessen,Hanna Moos,Sales Representative,Mannheim,Germany,Lakkaliköri,500 ml,18.0,0,1,Beverages,"Soft drinks, coffees, teas, beers, and ales",2014-06,2381.8,Low Value
10583,WARTH,2,2014-06-30,2014-07-28,2014-07-04,2,7.28,29,123.79,10,0,1237.9,Wartian Herkku,Pirkko Koskitalo,Accounting Manager,Oulu,Finland,Thüringer Rostbratwurst,50 bags x 30 sausgs.,123.79,1,6,Meat & Poultry,Prepared meats,2014-06,16617.1,High Value
10583,WARTH,2,2014-06-30,2014-07-28,2014-07-04,2,7.28,60,34.0,24,0,816.0,Wartian Herkku,Pirkko Koskitalo,Accounting Manager,Oulu,Finland,Camembert Pierrot,15 - 300 g rounds,34.0,0,4,Dairy Products,Cheeses,2014-06,16617.1,High Value
10583,WARTH,2,2014-06-30,2014-07-28,2014-07-04,2,7.28,69,36.0,10,0,360.0,Wartian Herkku,Pirkko Koskitalo,Accounting Manager,Oulu,Finland,Gudbrandsdalsost,10 kg pkg.,36.0,0,4,Dairy Products,Cheeses,2014-06,16617.1,High Value
10584,BLONP,4,2014-06-30,2014-07-28,2014-07-04,1,59.14,31,12.5,50,0,625.0,Blondesddsl père et fils,Frédérique Citeaux,Marketing Manager,Strasbourg,France,Gorgonzola Telino,12 - 100 g pkgs,12.5,0,4,Dairy Products,Cheeses,2014-06,19088.0,High Value
10585,WELLI,7,2014-07-01,2014-07-29,2014-07-10,1,13.41,47,9.5,15,0,142.5,Wellington Importadora,Paula Parente,Sales Manager,Resende,Brazil,Zaanse koeken,10 - 4 oz boxes,9.5,0,3,Confections,"Desserts, candies, and sweet breads",2014-07,6480.7,Medium Value
10586,REGGC,9,2014-07-02,2014-07-30,2014-07-09,1,0.48,52,7.0,4,0,28.0,Reggiani Caseifici,Maurizio Moroni,Sales Associate,Reggio Emilia,Italy,Filo Mix,16 - 2 kg boxes,7.0,0,5,Grains & Cereals,"Breads, crackers, pasta, and cereal",2014-07,7047.6,Medium Value
10587,QUEDE,1,2014-07-02,2014-07-30,2014-07-09,1,62.52,26,31.23,6,0,187.38,Que Delícia,Bernardo Batista,Accounting Manager,Rio de Janeiro,Brazil,Gumbär Gummibärchen,100 - 250 g bags,31.23,0,3,Confections,"Desserts, candies, and sweet breads",2014-07,6973.63,Medium Value
10587,QUEDE,1,2014-07-02,2014-07-30,2014-07-09,1,62.52,35,18.0,20,0,360.0,Que Delícia,Bernardo Batista,Accounting Manager,Rio de Janeiro,Brazil,Steeleye Stout,24 - 12 oz bottles,18.0,0,1,Beverages,"Soft drinks, coffees, teas, beers, and ales",2014-07,6973.63,Medium Value
10587,QUEDE,1,2014-07-02,2014-07-30,2014-07-09,1,62.52,77,13.0,20,0,260.0,Que Delícia,Bernardo Batista,Accounting Manager,Rio de Janeiro,Brazil,Original Frankfurter Grüne Soße,12 boxes,13.0,0,2,Condiments,"Sweet and savory sauces, relishes, spreads, and seasonings",2014-07,6973.63,Medium Value
10588,QUICK,2,2014-07-03,2014-07-31,2014-07-10,3,194.67,18,62.5,40,0,2500.0,QUICK-Stop,Horst Kloss,Accounting Manager,Cunewalde,Germany,Carnarvon Tigers,16 kg pkg.,62.5,0,8,Seafood,Seaweed and fish,2014-07,117483.39,High Value
10588,QUICK,2,2014-07-03,2014-07-31,2014-07-10,3,194.67,42,14.0,100,0,1400.0,QUICK-Stop,Horst Kloss,Accounting Manager,Cunewalde,Germany,Singaporean Hokkien Fried Mee,32 - 1 kg pkgs.,14.0,1,5,Grains & Cereals,"Breads, crackers, pasta, and cereal",2014-07,117483.39,High Value
10589,GREAL,8,2014-07-04,2014-08-01,2014-07-14,2,4.42,35,18.0,4,0,72.0,Great Lakes Food Market,Howard Snyder,Marketing Manager,Eugene,USA,Steeleye Stout,24 - 12 oz bottles,18.0,0,1,Beverages,"Soft drinks, coffees, teas, beers, and ales",2014-07,19001.13,High Value
10590,MEREP,4,2014-07-07,2014-08-04,2014-07-14,3,44.77,1,18.0,20,0,360.0,Mère Paillarde,Jean Fresnière,Marketing Assistant,Montréal,Canada,Chai,10 boxes x 20 bags,18.0,0,1,Beverages,"Soft drinks, coffees, teas, beers, and ales",2014-07,32203.9,High Value
10590,MEREP,4,2014-07-07,2014-08-04,2014-07-14,3,44.77,77,13.0,60,0,780.0,Mère Paillarde,Jean Fresnière,Marketing Assistant,Montréal,Canada,Original Frankfurter Grüne Soße,12 boxes,13.0,0,2,Condiments,"Sweet and savory sauces, relishes, spreads, and seasonings",2014-07,32203.9,High Value
10591,VAFFE,1,2014-07-07,2014-07-21,2014-07-16,1,55.92,3,10.0,14,0,140.0,Vaffeljernet,Palle Ibsen,Sales Manager,Århus,Denmark,Aniseed Syrup,12 - 550 ml bottles,10.0,0,2,Condiments,"Sweet and savory sauces, relishes, spreads, and seasonings",2014-07,16643.8,High Value
10591,VAFFE,1,2014-07-07,2014-07-21,2014-07-16,1,55.92,7,30.0,10,0,300.0,Vaffeljernet,Palle Ibsen,Sales Manager,Århus,Denmark,Uncle Bob's Organic Dried Pears,12 - 1 lb pkgs.,30.0,0,7,Produce,Dried fruit and bean curd,2014-07,16643.8,High Value
10591,VAFFE,1,2014-07-07,2014-07-21,2014-07-16,1,55.92,54,7.45,50,0,372.5,Vaffeljernet,Palle Ibsen,Sales Manager,Århus,Denmark,Tourtière,16 pies,7.45,0,6,Meat & Poultry,Prepared meats,2014-07,16643.8,High Value
10592,LEHMS,3,2014-07-08,2014-08-05,2014-07-16,1,32.1,15,15.5,25,0,387.5,Lehmanns Marktstand,Renate Messner,Sales Representative,Frankfurt a.M.,Germany,Genen Shouyu,24 - 250 ml bottles,15.5,0,2,Condiments,"Sweet and savory sauces, relishes, spreads, and seasonings",2014-07,19408.52,High Value
10592,LEHMS,3,2014-07-08,2014-08-05,2014-07-16,1,32.1,26,31.23,5,0,156.15,Lehmanns Marktstand,Renate Messner,Sales Representative,Frankfurt a.M.,Germany,Gumbär Gummibärchen,100 - 250 g bags,31.23,0,3,Confections,"Desserts, candies, and sweet breads",2014-07,19408.52,High Value
10593,LEHMS,7,2014-07-09,2014-08-06,2014-08-13,2,174.2,20,81.0,21,0,1701.0,Lehmanns Marktstand,Renate Messner,Sales Representative,Frankfurt a.M.,Germany,Sir Rodney's Marmalade,30 gift boxes,81.0,0,3,Confections,"Desserts, candies, and sweet breads",2014-07,19408.52,High Value
10593,LEHMS,7,2014-07-09,2014-08-06,2014-08-13,2,174.2,69,36.0,20,0,720.0,Lehmanns Marktstand,Renate Messner,Sales Representative,Frankfurt a.M.,Germany,Gudbrandsdalsost,10 kg pkg.,36.0,0,4,Dairy Products,Cheeses,2014-07,19408.52,High Value
10593,LEHMS,7,2014-07-09,2014-08-06,2014-08-13,2,174.2,76,18.0,4,0,72.0,Lehmanns Marktstand,Renate Messner,Sales Representative,Frankfurt a.M.,Germany,Lakkaliköri,500 ml,18.0,0,1,Beverages,"Soft drinks, coffees, teas, beers, and ales",2014-07,19408.52,High Value
10594,OLDWO,3,2014-07-09,2014-08-06,2014-07-16,2,5.24,52,7.0,24,0,168.0,Old World Delicatessen,Rene Phillips,Sales Representative,Anchorage,USA,Filo Mix,16 - 2 kg boxes,7.0,0,5,Grains & Cereals,"Breads, crackers, pasta, and cereal",2014-07,16325.15,High Value
10594,OLDWO,3,2014-07-09,2014-08-06,2014-07-16,2,5.24,58,13.25,30,0,397.5,Old World Delicatessen,Rene Phillips,Sales Representative,Anchorage,USA,Escargots de Bourgogne,24 pieces,13.25,0,8,Seafood,Seaweed and fish,2014-07,16325.15,High Value
10595,ERNSH,2,2014-07-10,2014-08-07,2014-07-14,1,96.78,35,18.0,30,0,540.0,Ernst Handel,Roland Mendel,Sales Manager,Graz,Austria,Steeleye Stout,24 - 12 oz bottles,18.0,0,1,Beverages,"Soft drinks, coffees, teas, beers, and ales",2014-07,103115.18,High Value
10595,ERNSH,2,2014-07-10,2014-08-07,2014-07-14,1,96.78,61,28.5,120,0,3420.0,Ernst Handel,Roland Mendel,Sales Manager,Graz,Austria,Sirop d'érable,24 - 500 ml bottles,28.5,0,2,Condiments,"Sweet and savory sauces, relishes, spreads, and seasonings",2014-07,103115.18,High Value
10595,ERNSH,2,2014-07-10,2014-08-07,2014-07-14,1,96.78,69,36.0,65,0,2340.0,Ernst Handel,Roland Mendel,Sales Manager,Graz,Austria,Gudbrandsdalsost,10 kg pkg.,36.0,0,4,Dairy Products,Cheeses,2014-07,103115.18,High Value
10596,WHITC,8,2014-07-11,2014-08-08,2014-08-12,1,16.34,56,38.0,5,0,190.0,White Clover Markets,Karl Jablonski,Owner,Seattle,USA,Gnocchi di nonna Alice,24 - 250 g pkgs.,38.0,0,5,Grains & Cereals,"Breads, crackers, pasta, and cereal",2014-07,29073.45,High Value
10596,WHITC,8,2014-07-11,2014-08-08,2014-08-12,1,16.34,63,43.9,24,0,1053.6,White Clover Markets,Karl Jablonski,Owner,Seattle,USA,Vegie-spread,15 - 625 g jars,43.9,0,2,Condiments,"Sweet and savory sauces, relishes, spreads, and seasonings",2014-07,29073.45,High Value
10596,WHITC,8,2014-07-11,2014-08-08,2014-08-12,1,16.34,75,7.75,30,0,232.5,White Clover Markets,Karl Jablonski,Owner,Seattle,USA,Rhönbräu Klosterbier,24 - 0.5 l bottles,7.75,0,1,Beverages,"Soft drinks, coffees, teas, beers, and ales",2014-07,29073.45,High Value
10597,PICCO,7,2014-07-11,2014-08-08,2014-07-18,3,35.12,24,4.5,35,0,157.5,Piccolo und mehr,Georg Pipps,Sales Manager,Salzburg,Austria,Guarana Fantastica,12 - 355 ml cans,4.5,1,1,Beverages,"Soft drinks, coffees, teas, beers, and ales",2014-07,26259.95,High Value
10597,PICCO,7,2014-07-11,2014-08-08,2014-07-18,3,35.12,57,19.5,20,0,390.0,Piccolo und mehr,Georg Pipps,Sales Manager,Salzburg,Austria,Ravioli Angelo,24 - 250 g pkgs.,19.5,0,5,Grains & Cereals,"Breads, crackers, pasta, and cereal",2014-07,26259.95,High Value
10597,PICCO,7,2014-07-11,2014-08-08,2014-07-18,3,35.12,65,21.05,12,0,252.60000000000002,Piccolo und mehr,Georg Pipps,Sales Manager,Salzburg,Austria,Louisiana Fiery Hot Pepper Sauce,32 - 8 oz bottles,21.05,0,2,Condiments,"Sweet and savory sauces, relishes, spreads, and seasonings",2014-07,26259.95,High Value
10598,RATTC,1,2014-07-14,2014-08-11,2014-07-18,3,44.42,27,43.9,50,0,2195.0,Rattlesnake Canyon Grocery,Paula Wilson,Assistant Sales Representative,Albuquerque,USA,Schoggi Schokolade,100 - 100 g pieces,43.9,0,3,Confections,"Desserts, candies, and sweet breads",2014-07,50871.3,High Value
10598,RATTC,1,2014-07-14,2014-08-11,2014-07-18,3,44.42,71,21.5,9,0,193.5,Rattlesnake Canyon Grocery,Paula Wilson,Assistant Sales Representative,Albuquerque,USA,Flotemysost,10 - 500 g pkgs.,21.5,0,4,Dairy Products,Cheeses,2014-07,50871.3,High Value
10599,BSBEV,6,2014-07-15,2014-08-26,2014-07-21,3,29.98,62,49.3,10,0,493.0,B's Beverages,Victoria Ashworth,Sales Representative,London,UK,Tarte au sucre,48 pies,49.3,0,3,Confections,"Desserts, candies, and sweet breads",2014-07,6089.9,Medium Value
10600,HUNGC,4,2014-07-16,2014-08-13,2014-07-21,1,45.13,54,7.45,4,0,29.8,Hungry Coyote Import Store,Yoshi Latimer,Sales Representative,Elgin,USA,Tourtière,16 pies,7.45,0,6,Meat & Poultry,Prepared meats,2014-07,3063.2,Low Value
10600,HUNGC,4,2014-07-16,2014-08-13,2014-07-21,1,45.13,73,15.0,30,0,450.0,Hungry Coyote Import Store,Yoshi Latimer,Sales Representative,Elgin,USA,Röd Kaviar,24 - 150 g jars,15.0,0,8,Seafood,Seaweed and fish,2014-07,3063.2,Low Value
10601,HILAA,7,2014-07-16,2014-08-27,2014-07-22,1,58.3,13,6.0,60,0,360.0,HILARION-Abastos,Carlos Hernández,Sales Representative,San Cristóbal,Venezuela,Konbu,2 kg box,6.0,0,8,Seafood,Seaweed and fish,2014-07,23611.58,High Value
10601,HILAA,7,2014-07-16,2014-08-27,2014-07-22,1,58.3,59,55.0,35,0,1925.0,HILARION-Abastos,Carlos Hernández,Sales Representative,San Cristóbal,Venezuela,Raclette Courdavault,5 kg pkg.,55.0,0,4,Dairy Products,Cheeses,2014-07,23611.58,High Value
10602,VAFFE,8,2014-07-17,2014-08-14,2014-07-22,2,2.92,77,13.0,5,0,65.0,Vaffeljernet,Palle Ibsen,Sales Manager,Århus,Denmark,Original Frankfurter Grüne Soße,12 boxes,13.0,0,2,Condiments,"Sweet and savory sauces, relishes, spreads, and seasonings",2014-07,16643.8,High Value
10603,SAVEA,8,2014-07-18,2014-08-15,2014-08-08,2,48.77,22,21.0,48,0,1008.0,Save-a-lot Markets,Jose Pavarotti,Sales Representative,Boise,USA,Gustaf's Knackebröd,24 - 500 g pkgs.,21.0,0,5,Grains & Cereals,"Breads, crackers, pasta, and cereal",2014-07,115673.39,High Value
10603,SAVEA,8,2014-07-18,2014-08-15,2014-08-08,2,48.77,49,20.0,25,0,500.0,Save-a-lot Markets,Jose Pavarotti,Sales Representative,Boise,USA,Maxilaku,24 - 50 g pkgs.,20.0,0,3,Confections,"Desserts, candies, and sweet breads",2014-07,115673.39,High Value
10604,FURIB,1,2014-07-18,2014-08-15,2014-07-29,1,7.46,48,12.75,6,0,76.5,Furia Bacalhau e Frutos do Mar,Lino Rodriguez,Sales Manager,Lisboa,Portugal,Chocolade,10 pkgs.,12.75,0,3,Confections,"Desserts, candies, and sweet breads",2014-07,7151.55,Medium Value
10604,FURIB,1,2014-07-18,2014-08-15,2014-07-29,1,7.46,76,18.0,10,0,180.0,Furia Bacalhau e Frutos do Mar,Lino Rodriguez,Sales Manager,Lisboa,Portugal,Lakkaliköri,500 ml,18.0,0,1,Beverages,"Soft drinks, coffees, teas, beers, and ales",2014-07,7151.55,Medium Value
10605,MEREP,1,2014-07-21,2014-08-18,2014-07-29,2,379.13,16,17.45,30,0,523.5,Mère Paillarde,Jean Fresnière,Marketing Assistant,Montréal,Canada,Pavlova,32 - 500 g boxes,17.45,0,3,Confections,"Desserts, candies, and sweet breads",2014-07,32203.9,High Value
10605,MEREP,1,2014-07-21,2014-08-18,2014-07-29,2,379.13,59,55.0,20,0,1100.0,Mère Paillarde,Jean Fresnière,Marketing Assistant,Montréal,Canada,Raclette Courdavault,5 kg pkg.,55.0,0,4,Dairy Products,Cheeses,2014-07,32203.9,High Value
10605,MEREP,1,2014-07-21,2014-08-18,2014-07-29,2,379.13,60,34.0,70,0,2380.0,Mère Paillarde,Jean Fresnière,Marketing Assistant,Montréal,Canada,Camembert Pierrot,15 - 300 g rounds,34.0,0,4,Dairy Products,Cheeses,2014-07,32203.9,High Value
10605,MEREP,1,2014-07-21,2014-08-18,2014-07-29,2,379.13,71,21.5,15,0,322.5,Mère Paillarde,Jean Fresnière,Marketing Assistant,Montréal,Canada,Flotemysost,10 - 500 g pkgs.,21.5,0,4,Dairy Products,Cheeses,2014-07,32203.9,High Value
10606,TRADH,4,2014-07-22,2014-08-19,2014-07-31,3,79.4,4,22.0,20,0,440.0,Tradição Hipermercados,Anabela Domingues,Sales Representative,Sao Paulo,Brazil,Chef Anton's Cajun Seasoning,48 - 6 oz jars,22.0,0,2,Condiments,"Sweet and savory sauces, relishes, spreads, and seasonings",2014-07,7310.62,Medium Value
10606,TRADH,4,2014-07-22,2014-08-19,2014-07-31,3,79.4,55,24.0,20,0,480.0,Tradição Hipermercados,Anabela Domingues,Sales Representative,Sao Paulo,Brazil,Pâté chinois,24 boxes x 2 pies,24.0,0,6,Meat & Poultry,Prepared meats,2014-07,7310.62,Medium Value
10606,TRADH,4,2014-07-22,2014-08-19,2014-07-31,3,79.4,62,49.3,10,0,493.0,Tradição Hipermercados,Anabela Domingues,Sales Representative,Sao Paulo,Brazil,Tarte au sucre,48 pies,49.3,0,3,Confections,"Desserts, candies, and sweet breads",2014-07,7310.62,Medium Value
10607,SAVEA,5,2014-07-22,2014-08-19,2014-07-25,1,200.24,7,30.0,45,0,1350.0,Save-a-lot Markets,Jose Pavarotti,Sales Representative,Boise,USA,Uncle Bob's Organic Dried Pears,12 - 1 lb pkgs.,30.0,0,7,Produce,Dried fruit and bean curd,2014-07,115673.39,High Value
10607,SAVEA,5,2014-07-22,2014-08-19,2014-07-25,1,200.24,17,39.0,100,0,3900.0,Save-a-lot Markets,Jose Pavarotti,Sales Representative,Boise,USA,Alice Mutton,20 - 1 kg tins,39.0,1,6,Meat & Poultry,Prepared meats,2014-07,115673.39,High Value
10607,SAVEA,5,2014-07-22,2014-08-19,2014-07-25,1,200.24,33,2.5,14,0,35.0,Save-a-lot Markets,Jose Pavarotti,Sales Representative,Boise,USA,Geitost,500 g,2.5,0,4,Dairy Products,Cheeses,2014-07,115673.39,High Value
10607,SAVEA,5,2014-07-22,2014-08-19,2014-07-25,1,200.24,40,18.4,42,0,772.8,Save-a-lot Markets,Jose Pavarotti,Sales Representative,Boise,USA,Boston Crab Meat,24 - 4 oz tins,18.4,0,8,Seafood,Seaweed and fish,2014-07,115673.39,High Value
10607,SAVEA,5,2014-07-22,2014-08-19,2014-07-25,1,200.24,72,34.8,12,0,417.59999999999997,Save-a-lot Markets,Jose Pavarotti,Sales Representative,Boise,USA,Mozzarella di Giovanni,24 - 200 g pkgs.,34.8,0,4,Dairy Products,Cheeses,2014-07,115673.39,High Value
10608,TOMSP,4,2014-07-23,2014-08-20,2014-08-01,2,27.79,56,38.0,28,0,1064.0,Toms Spezialitäten,Karin Josephs,Marketing Manager,Münster,Germany,Gnocchi di nonna Alice,24 - 250 g pkgs.,38.0,0,5,Grains & Cereals,"Breads, crackers, pasta, and cereal",2014-07,4954.0,Low Value
10609,DUMON,7,2014-07-24,2014-08-21,2014-07-30,2,1.85,1,18.0,3,0,54.0,Du monde entier,Janine Labrune,Owner,Nantes,France,Chai,10 boxes x 20 bags,18.0,0,1,Beverages,"Soft drinks, coffees, teas, beers, and ales",2014-07,1615.8999999999999,Low Value
10609,DUMON,7,2014-07-24,2014-08-21,2014-07-30,2,1.85,10,31.0,10,0,310.0,Du monde entier,Janine Labrune,Owner,Nantes,France,Ikura,12 - 200 ml jars,31.0,0,8,Seafood,Seaweed and fish,2014-07,1615.8999999999999,Low Value
10609,DUMON,7,2014-07-24,2014-08-21,2014-07-30,2,1.85,21,10.0,6,0,60.0,Du monde entier,Janine Labrune,Owner,Nantes,France,Sir Rodney's Scones,24 pkgs. x 4 pieces,10.0,0,3,Confections,"Desserts, candies, and sweet breads",2014-07,1615.8999999999999,Low Value
10610,LAMAI,8,2014-07-25,2014-08-22,2014-08-06,1,26.78,36,19.0,21,0,399.0,La maison d'Asie,Annette Roulet,Sales Manager,Toulouse,France,Inlagd Sill,24 - 250 g  jars,19.0,0,8,Seafood,Seaweed and fish,2014-07,10227.35,High Value
10611,WOLZA,6,2014-07-25,2014-08-22,2014-08-01,2,80.65,1,18.0,6,0,108.0,Wolski  Zajazd,Zbyszek Piestrzeniewicz,Owner,Warszawa,Poland,Chai,10 boxes x 20 bags,18.0,0,1,Beverages,"Soft drinks, coffees, teas, beers, and ales",2014-07,3531.95,Low Value
10611,WOLZA,6,2014-07-25,2014-08-22,2014-08-01,2,80.65,2,19.0,10,0,190.0,Wolski  Zajazd,Zbyszek Piestrzeniewicz,Owner,Warszawa,Poland,Chang,24 - 12 oz bottles,19.0,0,1,Beverages,"Soft drinks, coffees, teas, beers, and ales",2014-07,3531.95,Low Value
10611,WOLZA,6,2014-07-25,2014-08-22,2014-08-01,2,80.65,60,34.0,15,0,510.0,Wolski  Zajazd,Zbyszek Piestrzeniewicz,Owner,Warszawa,Poland,Camembert Pierrot,15 - 300 g rounds,34.0,0,4,Dairy Products,Cheeses,2014-07,3531.95,Low Value
10612,SAVEA,1,2014-07-28,2014-08-25,2014-08-01,2,544.08,10,31.0,70,0,2170.0,Save-a-lot Markets,Jose Pavarotti,Sales Representative,Boise,USA,Ikura,12 - 200 ml jars,31.0,0,8,Seafood,Seaweed and fish,2014-07,115673.39,High Value
10612,SAVEA,1,2014-07-28,2014-08-25,2014-08-01,2,544.08,36,19.0,55,0,1045.0,Save-a-lot Markets,Jose Pavarotti,Sales Representative,Boise,USA,Inlagd Sill,24 - 250 g  jars,19.0,0,8,Seafood,Seaweed and fish,2014-07,115673.39,High Value
10612,SAVEA,1,2014-07-28,2014-08-25,2014-08-01,2,544.08,49,20.0,18,0,360.0,Save-a-lot Markets,Jose Pavarotti,Sales Representative,Boise,USA,Maxilaku,24 - 50 g pkgs.,20.0,0,3,Confections,"Desserts, candies, and sweet breads",2014-07,115673.39,High Value
10612,SAVEA,1,2014-07-28,2014-08-25,2014-08-01,2,544.08,60,34.0,40,0,1360.0,Save-a-lot Markets,Jose Pavarotti,Sales Representative,Boise,USA,Camembert Pierrot,15 - 300 g rounds,34.0,0,4,Dairy Products,Cheeses,2014-07,115673.39,High Value
10612,SAVEA,1,2014-07-28,2014-08-25,2014-08-01,2,544.08,76,18.0,80,0,1440.0,Save-a-lot Markets,Jose Pavarotti,Sales Representative,Boise,USA,Lakkaliköri,500 ml,18.0,0,1,Beverages,"Soft drinks, coffees, teas, beers, and ales",2014-07,115673.39,High Value
10613,HILAA,4,2014-07-29,2014-08-26,2014-08-01,2,8.11,13,6.0,8,0,48.0,HILARION-Abastos,Carlos Hernández,Sales Representative,San Cristóbal,Venezuela,Konbu,2 kg box,6.0,0,8,Seafood,Seaweed and fish,2014-07,23611.58,High Value
10613,HILAA,4,2014-07-29,2014-08-26,2014-08-01,2,8.11,75,7.75,40,0,310.0,HILARION-Abastos,Carlos Hernández,Sales Representative,San Cristóbal,Venezuela,Rhönbräu Klosterbier,24 - 0.5 l bottles,7.75,0,1,Beverages,"Soft drinks, coffees, teas, beers, and ales",2014-07,23611.58,High Value
10614,BLAUS,8,2014-07-29,2014-08-26,2014-08-01,3,1.93,11,21.0,14,0,294.0,Blauer See Delikatessen,Hanna Moos,Sales Representative,Mannheim,Germany,Queso Cabrales,1 kg pkg.,21.0,0,4,Dairy Products,Cheeses,2014-07,2381.8,Low Value
10614,BLAUS,8,2014-07-29,2014-08-26,2014-08-01,3,1.93,21,10.0,8,0,80.0,Blauer See Delikatessen,Hanna Moos,Sales Representative,Mannheim,Germany,Sir Rodney's Scones,24 pkgs. x 4 pieces,10.0,0,3,Confections,"Desserts, candies, and sweet breads",2014-07,2381.8,Low Value
10614,BLAUS,8,2014-07-29,2014-08-26,2014-08-01,3,1.93,39,18.0,5,0,90.0,Blauer See Delikatessen,Hanna Moos,Sales Representative,Mannheim,Germany,Chartreuse verte,750 cc per bottle,18.0,0,1,Beverages,"Soft drinks, coffees, teas, beers, and ales",2014-07,2381.8,Low Value
10615,WILMK,2,2014-07-30,2014-08-27,2014-08-06,3,0.75,55,24.0,5,0,120.0,Wilman Kala,Matti Karttunen,Owner/Marketing Assistant,Helsinki,Finland,Pâté chinois,24 boxes x 2 pies,24.0,0,6,Meat & Poultry,Prepared meats,2014-07,3161.35,Low Value
10616,GREAL,1,2014-07-31,2014-08-28,2014-08-05,2,116.53,38,263.5,15,0,3952.5,Great Lakes Food Market,Howard Snyder,Marketing Manager,Eugene,USA,Côte de Blaye,12 - 75 cl bottles,263.5,0,1,Beverages,"Soft drinks, coffees, teas, beers, and ales",2014-07,19001.13,High Value
10616,GREAL,1,2014-07-31,2014-08-28,2014-08-05,2,116.53,56,38.0,14,0,532.0,Great Lakes Food Market,Howard Snyder,Marketing Manager,Eugene,USA,Gnocchi di nonna Alice,24 - 250 g pkgs.,38.0,0,5,Grains & Cereals,"Breads, crackers, pasta, and cereal",2014-07,19001.13,High Value
10616,GREAL,1,2014-07-31,2014-08-28,2014-08-05,2,116.53,70,15.0,15,0,225.0,Great Lakes Food Market,Howard Snyder,Marketing Manager,Eugene,USA,Outback Lager,24 - 355 ml bottles,15.0,0,1,Beverages,"Soft drinks, coffees, teas, beers, and ales",2014-07,19001.13,High Value
10616,GREAL,1,2014-07-31,2014-08-28,2014-08-05,2,116.53,71,21.5,15,0,322.5,Great Lakes Food Market,Howard Snyder,Marketing Manager,Eugene,USA,Flotemysost,10 - 500 g pkgs.,21.5,0,4,Dairy Products,Cheeses,2014-07,19001.13,High Value
10617,GREAL,4,2014-07-31,2014-08-28,2014-08-04,2,18.53,59,55.0,30,0,1650.0,Great Lakes Food Market,Howard Snyder,Marketing Manager,Eugene,USA,Raclette Courdavault,5 kg pkg.,55.0,0,4,Dairy Products,Cheeses,2014-07,19001.13,High Value
10618,MEREP,1,2014-08-01,2014-09-12,2014-08-08,1,154.68,6,25.0,70,0,1750.0,Mère Paillarde,Jean Fresnière,Marketing Assistant,Montréal,Canada,Grandma's Boysenberry Spread,12 - 8 oz jars,25.0,0,2,Condiments,"Sweet and savory sauces, relishes, spreads, and seasonings",2014-08,32203.9,High Value
10618,MEREP,1,2014-08-01,2014-09-12,2014-08-08,1,154.68,56,38.0,20,0,760.0,Mère Paillarde,Jean Fresnière,Marketing Assistant,Montréal,Canada,Gnocchi di nonna Alice,24 - 250 g pkgs.,38.0,0,5,Grains & Cereals,"Breads, crackers, pasta, and cereal",2014-08,32203.9,High Value
10618,MEREP,1,2014-08-01,2014-09-12,2014-08-08,1,154.68,68,12.5,15,0,187.5,Mère Paillarde,Jean Fresnière,Marketing Assistant,Montréal,Canada,Scottish Longbreads,10 boxes x 8 pieces,12.5,0,3,Confections,"Desserts, candies, and sweet breads",2014-08,32203.9,High Value
10619,MEREP,3,2014-08-04,2014-09-01,2014-08-07,3,91.05,21,10.0,42,0,420.0,Mère Paillarde,Jean Fresnière,Marketing Assistant,Montréal,Canada,Sir Rodney's Scones,24 pkgs. x 4 pieces,10.0,0,3,Confections,"Desserts, candies, and sweet breads",2014-08,32203.9,High Value
10619,MEREP,3,2014-08-04,2014-09-01,2014-08-07,3,91.05,22,21.0,40,0,840.0,Mère Paillarde,Jean Fresnière,Marketing Assistant,Montréal,Canada,Gustaf's Knackebröd,24 - 500 g pkgs.,21.0,0,5,Grains & Cereals,"Breads, crackers, pasta, and cereal",2014-08,32203.9,High Value
10620,LAUGB,2,2014-08-05,2014-09-02,2014-08-14,3,0.94,24,4.5,5,0,22.5,Laughing Bacchus Wine Cellars,Yoshi Tannamuri,Marketing Assistant,Vancouver,Canada,Guarana Fantastica,12 - 355 ml cans,4.5,1,1,Beverages,"Soft drinks, coffees, teas, beers, and ales",2014-08,522.5,Low Value
10620,LAUGB,2,2014-08-05,2014-09-02,2014-08-14,3,0.94,52,7.0,5,0,35.0,Laughing Bacchus Wine Cellars,Yoshi Tannamuri,Marketing Assistant,Vancouver,Canada,Filo Mix,16 - 2 kg boxes,7.0,0,5,Grains & Cereals,"Breads, crackers, pasta, and cereal",2014-08,522.5,Low Value
10621,ISLAT,4,2014-08-05,2014-09-02,2014-08-11,2,23.73,19,9.2,5,0,46.0,Island Trading,Helen Bennett,Marketing Manager,Cowes,UK,Teatime Chocolate Biscuits,10 boxes x 12 pieces,9.2,0,3,Confections,"Desserts, candies, and sweet breads",2014-08,6146.3,Medium Value
10621,ISLAT,4,2014-08-05,2014-09-02,2014-08-11,2,23.73,23,9.0,10,0,90.0,Island Trading,Helen Bennett,Marketing Manager,Cowes,UK,Tunnbröd,12 - 250 g pkgs.,9.0,0,5,Grains & Cereals,"Breads, crackers, pasta, and cereal",2014-08,6146.3,Medium Value
10621,ISLAT,4,2014-08-05,2014-09-02,2014-08-11,2,23.73,70,15.0,20,0,300.0,Island Trading,Helen Bennett,Marketing Manager,Cowes,UK,Outback Lager,24 - 355 ml bottles,15.0,0,1,Beverages,"Soft drinks, coffees, teas, beers, and ales",2014-08,6146.3,Medium Value
10621,ISLAT,4,2014-08-05,2014-09-02,2014-08-11,2,23.73,71,21.5,15,0,322.5,Island Trading,Helen Bennett,Marketing Manager,Cowes,UK,Flotemysost,10 - 500 g pkgs.,21.5,0,4,Dairy Products,Cheeses,2014-08,6146.3,Medium Value
10622,RICAR,4,2014-08-06,2014-09-03,2014-08-11,3,50.97,2,19.0,20,0,380.0,Ricardo Adocicados,Janete Limeira,Assistant Sales Agent,Rio de Janeiro,Brazil,Chang,24 - 12 oz bottles,19.0,0,1,Beverages,"Soft drinks, coffees, teas, beers, and ales",2014-08,11086.4,High Value
10622,RICAR,4,2014-08-06,2014-09-03,2014-08-11,3,50.97,68,12.5,18,0,225.0,Ricardo Adocicados,Janete Limeira,Assistant Sales Agent,Rio de Janeiro,Brazil,Scottish Longbreads,10 boxes x 8 pieces,12.5,0,3,Confections,"Desserts, candies, and sweet breads",2014-08,11086.4,High Value
10623,FRANK,8,2014-08-07,2014-09-04,2014-08-12,2,97.18,14,23.25,21,0,488.25,Frankenversand,Peter Franken,Marketing Manager,München,Germany,Tofu,40 - 100 g pkgs.,23.25,0,7,Produce,Dried fruit and bean curd,2014-08,28722.71,High Value
10623,FRANK,8,2014-08-07,2014-09-04,2014-08-12,2,97.18,19,9.2,15,0,138.0,Frankenversand,Peter Franken,Marketing Manager,München,Germany,Teatime Chocolate Biscuits,10 boxes x 12 pieces,9.2,0,3,Confections,"Desserts, candies, and sweet breads",2014-08,28722.71,High Value
10623,FRANK,8,2014-08-07,2014-09-04,2014-08-12,2,97.18,21,10.0,25,0,250.0,Frankenversand,Peter Franken,Marketing Manager,München,Germany,Sir Rodney's Scones,24 pkgs. x 4 pieces,10.0,0,3,Confections,"Desserts, candies, and sweet breads",2014-08,28722.71,High Value
10623,FRANK,8,2014-08-07,2014-09-04,2014-08-12,2,97.18,24,4.5,3,0,13.5,Frankenversand,Peter Franken,Marketing Manager,München,Germany,Guarana Fantastica,12 - 355 ml cans,4.5,1,1,Beverages,"Soft drinks, coffees, teas, beers, and ales",2014-08,28722.71,High Value
10623,FRANK,8,2014-08-07,2014-09-04,2014-08-12,2,97.18,35,18.0,30,0,540.0,Frankenversand,Peter Franken,Marketing Manager,München,Germany,Steeleye Stout,24 - 12 oz bottles,18.0,0,1,Beverages,"Soft drinks, coffees, teas, beers, and ales",2014-08,28722.71,High Value
10624,THECR,4,2014-08-07,2014-09-04,2014-08-19,2,94.8,28,45.6,10,0,456.0,The Cracker Box,Liu Wong,Marketing Assistant,Butte,USA,Rössle Sauerkraut,25 - 825 g cans,45.6,1,7,Produce,Dried fruit and bean curd,2014-08,1947.24,Low Value
10624,THECR,4,2014-08-07,2014-09-04,2014-08-19,2,94.8,29,123.79,6,0,742.74,The Cracker Box,Liu Wong,Marketing Assistant,Butte,USA,Thüringer Rostbratwurst,50 bags x 30 sausgs.,123.79,1,6,Meat & Poultry,Prepared meats,2014-08,1947.24,Low Value
10624,THECR,4,2014-08-07,2014-09-04,2014-08-19,2,94.8,44,19.45,10,0,194.5,The Cracker Box,Liu Wong,Marketing Assistant,Butte,USA,Gula Malacca,20 - 2 kg bags,19.45,0,2,Condiments,"Sweet and savory sauces, relishes, spreads, and seasonings",2014-08,1947.24,Low Value
10625,ANATR,3,2014-08-08,2014-09-05,2014-08-14,1,43.9,14,23.25,3,0,69.75,Ana Trujillo Emparedados y helados,Ana Trujillo,Owner,Mexico City,Mexico,Tofu,40 - 100 g pkgs.,23.25,0,7,Produce,Dried fruit and bean curd,2014-08,1402.95,Low Value
10625,ANATR,3,2014-08-08,2014-09-05,2014-08-14,1,43.9,42,14.0,5,0,70.0,Ana Trujillo Emparedados y helados,Ana Trujillo,Owner,Mexico City,Mexico,Singaporean Hokkien Fried Mee,32 - 1 kg pkgs.,14.0,1,5,Grains & Cereals,"Breads, crackers, pasta, and cereal",2014-08,1402.95,Low Value
10625,ANATR,3,2014-08-08,2014-09-05,2014-08-14,1,43.9,60,34.0,10,0,340.0,Ana Trujillo Emparedados y helados,Ana Trujillo,Owner,Mexico City,Mexico,Camembert Pierrot,15 - 300 g rounds,34.0,0,4,Dairy Products,Cheeses,2014-08,1402.95,Low Value
10626,BERGS,1,2014-08-11,2014-09-08,2014-08-20,2,138.69,53,32.8,12,0,393.59999999999997,Berglunds snabbköp,Christina Berglund,Order Administrator,Luleå,Sweden,Perth Pasties,48 pieces,32.8,1,6,Meat & Poultry,Prepared meats,2014-08,26968.149999999998,High Value
10626,BERGS,1,2014-08-11,2014-09-08,2014-08-20,2,138.69,60,34.0,20,0,680.0,Berglunds snabbköp,Christina Berglund,Order Administrator,Luleå,Sweden,Camembert Pierrot,15 - 300 g rounds,34.0,0,4,Dairy Products,Cheeses,2014-08,26968.149999999998,High Value
10626,BERGS,1,2014-08-11,2014-09-08,2014-08-20,2,138.69,71,21.5,20,0,430.0,Berglunds snabbköp,Christina Berglund,Order Administrator,Luleå,Sweden,Flotemysost,10 - 500 g pkgs.,21.5,0,4,Dairy Products,Cheeses,2014-08,26968.149999999998,High Value
10627,SAVEA,8,2014-08-11,2014-09-22,2014-08-21,3,107.46,62,49.3,15,0,739.5,Save-a-lot Markets,Jose Pavarotti,Sales Representative,Boise,USA,Tarte au sucre,48 pies,49.3,0,3,Confections,"Desserts, candies, and sweet breads",2014-08,115673.39,High Value
10627,SAVEA,8,2014-08-11,2014-09-22,2014-08-21,3,107.46,73,15.0,35,0,525.0,Save-a-lot Markets,Jose Pavarotti,Sales Representative,Boise,USA,Röd Kaviar,24 - 150 g jars,15.0,0,8,Seafood,Seaweed and fish,2014-08,115673.39,High Value
10628,BLONP,4,2014-08-12,2014-09-09,2014-08-20,3,30.36,1,18.0,25,0,450.0,Blondesddsl père et fils,Frédérique Citeaux,Marketing Manager,Strasbourg,France,Chai,10 boxes x 20 bags,18.0,0,1,Beverages,"Soft drinks, coffees, teas, beers, and ales",2014-08,19088.0,High Value
10629,GODOS,4,2014-08-12,2014-09-09,2014-08-20,3,85.46,29,123.79,20,0,2475.8,Godos Cocina Típica,José Pedro Freyre,Sales Manager,Sevilla,Spain,Thüringer Rostbratwurst,50 bags x 30 sausgs.,123.79,1,6,Meat & Poultry,Prepared meats,2014-08,11830.1,High Value
10629,GODOS,4,2014-08-12,2014-09-09,2014-08-20,3,85.46,64,33.25,9,0,299.25,Godos Cocina Típica,José Pedro Freyre,Sales Manager,Sevilla,Spain,Wimmers gute Semmelknödel,20 bags x 4 pieces,33.25,0,5,Grains & Cereals,"Breads, crackers, pasta, and cereal",2014-08,11830.1,High Value
10630,KOENE,1,2014-08-13,2014-09-10,2014-08-19,2,32.35,55,24.0,12,0,288.0,Königlich Essen,Philip Cramer,Sales Associate,Brandenburg,Germany,Pâté chinois,24 boxes x 2 pies,24.0,0,6,Meat & Poultry,Prepared meats,2014-08,31745.75,High Value
10630,KOENE,1,2014-08-13,2014-09-10,2014-08-19,2,32.35,76,18.0,35,0,630.0,Königlich Essen,Philip Cramer,Sales Associate,Brandenburg,Germany,Lakkaliköri,500 ml,18.0,0,1,Beverages,"Soft drinks, coffees, teas, beers, and ales",2014-08,31745.75,High Value
10631,LAMAI,8,2014-08-14,2014-09-11,2014-08-15,1,0.87,75,7.75,8,0,62.0,La maison d'Asie,Annette Roulet,Sales Manager,Toulouse,France,Rhönbräu Klosterbier,24 - 0.5 l bottles,7.75,0,1,Beverages,"Soft drinks, coffees, teas, beers, and ales",2014-08,10227.35,High Value
10632,WANDK,8,2014-08-14,2014-09-11,2014-08-19,1,41.38,2,19.0,30,0,570.0,Die Wandernde Kuh,Rita Müller,Sales Representative,Stuttgart,Germany,Chang,24 - 12 oz bottles,19.0,0,1,Beverages,"Soft drinks, coffees, teas, beers, and ales",2014-08,10653.85,High Value
10632,WANDK,8,2014-08-14,2014-09-11,2014-08-19,1,41.38,33,2.5,20,0,50.0,Die Wandernde Kuh,Rita Müller,Sales Representative,Stuttgart,Germany,Geitost,500 g,2.5,0,4,Dairy Products,Cheeses,2014-08,10653.85,High Value
10633,ERNSH,7,2014-08-15,2014-09-12,2014-08-18,3,477.9,12,38.0,36,0,1368.0,Ernst Handel,Roland Mendel,Sales Manager,Graz,Austria,Queso Manchego La Pastora,10 - 500 g pkgs.,38.0,0,4,Dairy Products,Cheeses,2014-08,103115.18,High Value
10633,ERNSH,7,2014-08-15,2014-09-12,2014-08-18,3,477.9,13,6.0,13,0,78.0,Ernst Handel,Roland Mendel,Sales Manager,Graz,Austria,Konbu,2 kg box,6.0,0,8,Seafood,Seaweed and fish,2014-08,103115.18,High Value
10633,ERNSH,7,2014-08-15,2014-09-12,2014-08-18,3,477.9,26,31.23,35,0,1093.05,Ernst Handel,Roland Mendel,Sales Manager,Graz,Austria,Gumbär Gummibärchen,100 - 250 g bags,31.23,0,3,Confections,"Desserts, candies, and sweet breads",2014-08,103115.18,High Value
10633,ERNSH,7,2014-08-15,2014-09-12,2014-08-18,3,477.9,62,49.3,80,0,3944.0,Ernst Handel,Roland Mendel,Sales Manager,Graz,Austria,Tarte au sucre,48 pies,49.3,0,3,Confections,"Desserts, candies, and sweet breads",2014-08,103115.18,High Value
10634,FOLIG,4,2014-08-15,2014-09-12,2014-08-21,3,487.38,7,30.0,35,0,1050.0,Folies gourmandes,Martine Rancé,Assistant Sales Agent,Lille,France,Uncle Bob's Organic Dried Pears,12 - 1 lb pkgs.,30.0,0,7,Produce,Dried fruit and bean curd,2014-08,11666.9,High Value
10634,FOLIG,4,2014-08-15,2014-09-12,2014-08-21,3,487.38,18,62.5,50,0,3125.0,Folies gourmandes,Martine Rancé,Assistant Sales Agent,Lille,France,Carnarvon Tigers,16 kg pkg.,62.5,0,8,Seafood,Seaweed and fish,2014-08,11666.9,High Value
10634,FOLIG,4,2014-08-15,2014-09-12,2014-08-21,3,487.38,51,53.0,15,0,795.0,Folies gourmandes,Martine Rancé,Assistant Sales Agent,Lille,France,Manjimup Dried Apples,50 - 300 g pkgs.,53.0,0,7,Produce,Dried fruit and bean curd,2014-08,11666.9,High Value
10634,FOLIG,4,2014-08-15,2014-09-12,2014-08-21,3,487.38,75,7.75,2,0,15.5,Folies gourmandes,Martine Rancé,Assistant Sales Agent,Lille,France,Rhönbräu Klosterbier,24 - 0.5 l bottles,7.75,0,1,Beverages,"Soft drinks, coffees, teas, beers, and ales",2014-08,11666.9,High Value
10635,MAGAA,8,2014-08-18,2014-09-15,2014-08-21,3,47.46,4,22.0,10,0,220.0,Magazzini Alimentari Riuniti,Giovanni Rovelli,Marketing Manager,Bergamo,Italy,Chef Anton's Cajun Seasoning,48 - 6 oz jars,22.0,0,2,Condiments,"Sweet and savory sauces, relishes, spreads, and seasonings",2014-08,7603.85,Medium Value
10635,MAGAA,8,2014-08-18,2014-09-15,2014-08-21,3,47.46,5,21.35,15,0,320.25,Magazzini Alimentari Riuniti,Giovanni Rovelli,Marketing Manager,Bergamo,Italy,Chef Anton's Gumbo Mix,36 boxes,21.35,1,2,Condiments,"Sweet and savory sauces, relishes, spreads, and seasonings",2014-08,7603.85,Medium Value
10635,MAGAA,8,2014-08-18,2014-09-15,2014-08-21,3,47.46,22,21.0,40,0,840.0,Magazzini Alimentari Riuniti,Giovanni Rovelli,Marketing Manager,Bergamo,Italy,Gustaf's Knackebröd,24 - 500 g pkgs.,21.0,0,5,Grains & Cereals,"Breads, crackers, pasta, and cereal",2014-08,7603.85,Medium Value
10636,WARTH,4,2014-08-19,2014-09-16,2014-08-26,1,1.15,4,22.0,25,0,550.0,Wartian Herkku,Pirkko Koskitalo,Accounting Manager,Oulu,Finland,Chef Anton's Cajun Seasoning,48 - 6 oz jars,22.0,0,2,Condiments,"Sweet and savory sauces, relishes, spreads, and seasonings",2014-08,16617.1,High Value
10636,WARTH,4,2014-08-19,2014-09-16,2014-08-26,1,1.15,58,13.25,6,0,79.5,Wartian Herkku,Pirkko Koskitalo,Accounting Manager,Oulu,Finland,Escargots de Bourgogne,24 pieces,13.25,0,8,Seafood,Seaweed and fish,2014-08,16617.1,High Value
10637,QUEEN,6,2014-08-19,2014-09-16,2014-08-26,1,201.29,11,21.0,10,0,210.0,Queen Cozinha,Lúcia Carvalho,Marketing Assistant,Sao Paulo,Brazil,Queso Cabrales,1 kg pkg.,21.0,0,4,Dairy Products,Cheeses,2014-08,27841.3,High Value
10637,QUEEN,6,2014-08-19,2014-09-16,2014-08-26,1,201.29,50,16.25,25,0,406.25,Queen Cozinha,Lúcia Carvalho,Marketing Assistant,Sao Paulo,Brazil,Valkoinen suklaa,12 - 100 g bars,16.25,0,3,Confections,"Desserts, candies, and sweet breads",2014-08,27841.3,High Value
10637,QUEEN,6,2014-08-19,2014-09-16,2014-08-26,1,201.29,56,38.0,60,0,2280.0,Queen Cozinha,Lúcia Carvalho,Marketing Assistant,Sao Paulo,Brazil,Gnocchi di nonna Alice,24 - 250 g pkgs.,38.0,0,5,Grains & Cereals,"Breads, crackers, pasta, and cereal",2014-08,27841.3,High Value
10638,LINOD,3,2014-08-20,2014-09-17,2014-09-01,1,158.44,45,9.5,20,0,190.0,LINO-Delicateses,Felipe Izquierdo,Owner,I. de Margarita,Venezuela,Rogede sild,1k pkg.,9.5,0,8,Seafood,Seaweed and fish,2014-08,14799.55,High Value
10638,LINOD,3,2014-08-20,2014-09-17,2014-09-01,1,158.44,65,21.05,21,0,442.05,LINO-Delicateses,Felipe Izquierdo,Owner,I. de Margarita,Venezuela,Louisiana Fiery Hot Pepper Sauce,32 - 8 oz bottles,21.05,0,2,Condiments,"Sweet and savory sauces, relishes, spreads, and seasonings",2014-08,14799.55,High Value
10638,LINOD,3,2014-08-20,2014-09-17,2014-09-01,1,158.44,72,34.8,60,0,2088.0,LINO-Delicateses,Felipe Izquierdo,Owner,I. de Margarita,Venezuela,Mozzarella di Giovanni,24 - 200 g pkgs.,34.8,0,4,Dairy Products,Cheeses,2014-08,14799.55,High Value
10639,SANTG,7,2014-08-20,2014-09-17,2014-08-27,3,38.64,18,62.5,8,0,500.0,Santé Gourmet,Jonas Bergulfsen,Owner,Stavern,Norway,Carnarvon Tigers,16 kg pkg.,62.5,0,8,Seafood,Seaweed and fish,2014-08,5735.150000000001,Medium Value
10640,WANDK,4,2014-08-21,2014-09-18,2014-08-28,1,23.55,69,36.0,20,0,720.0,Die Wandernde Kuh,Rita Müller,Sales Representative,Stuttgart,Germany,Gudbrandsdalsost,10 kg pkg.,36.0,0,4,Dairy Products,Cheeses,2014-08,10653.85,High Value
10640,WANDK,4,2014-08-21,2014-09-18,2014-08-28,1,23.55,70,15.0,15,0,225.0,Die Wandernde Kuh,Rita Müller,Sales Representative,Stuttgart,Germany,Outback Lager,24 - 355 ml bottles,15.0,0,1,Beverages,"Soft drinks, coffees, teas, beers, and ales",2014-08,10653.85,High Value
10641,HILAA,4,2014-08-22,2014-09-19,2014-08-26,2,179.61,2,19.0,50,0,950.0,HILARION-Abastos,Carlos Hernández,Sales Representative,San Cristóbal,Venezuela,Chang,24 - 12 oz bottles,19.0,0,1,Beverages,"Soft drinks, coffees, teas, beers, and ales",2014-08,23611.58,High Value
10641,HILAA,4,2014-08-22,2014-09-19,2014-08-26,2,179.61,40,18.4,60,0,1104.0,HILARION-Abastos,Carlos Hernández,Sales Representative,San Cristóbal,Venezuela,Boston Crab Meat,24 - 4 oz tins,18.4,0,8,Seafood,Seaweed and fish,2014-08,23611.58,High Value
10642,SIMOB,7,2014-08-22,2014-09-19,2014-09-05,3,41.89,21,10.0,30,0,300.0,Simons bistro,Jytte Petersen,Owner,Kobenhavn,Denmark,Sir Rodney's Scones,24 pkgs. x 4 pieces,10.0,0,3,Confections,"Desserts, candies, and sweet breads",2014-08,17894.15,High Value
10642,SIMOB,7,2014-08-22,2014-09-19,2014-09-05,3,41.89,61,28.5,20,0,570.0,Simons bistro,Jytte Petersen,Owner,Kobenhavn,Denmark,Sirop d'érable,24 - 500 ml bottles,28.5,0,2,Condiments,"Sweet and savory sauces, relishes, spreads, and seasonings",2014-08,17894.15,High Value
10643,ALFKI,6,2014-08-25,2014-09-22,2014-09-02,1,29.46,28,45.6,15,0,684.0,Alfreds Futterkiste,Maria Anders,Sales Representative,Berlin,Germany,Rössle Sauerkraut,25 - 825 g cans,45.6,1,7,Produce,Dried fruit and bean curd,2014-08,4596.2,Low Value
10643,ALFKI,6,2014-08-25,2014-09-22,2014-09-02,1,29.46,39,18.0,21,0,378.0,Alfreds Futterkiste,Maria Anders,Sales Representative,Berlin,Germany,Chartreuse verte,750 cc per bottle,18.0,0,1,Beverages,"Soft drinks, coffees, teas, beers, and ales",2014-08,4596.2,Low Value
10643,ALFKI,6,2014-08-25,2014-09-22,2014-09-02,1,29.46,46,12.0,2,0,24.0,Alfreds Futterkiste,Maria Anders,Sales Representative,Berlin,Germany,Spegesild,4 - 450 g glasses,12.0,0,8,Seafood,Seaweed and fish,2014-08,4596.2,Low Value
10644,WELLI,3,2014-08-25,2014-09-22,2014-09-01,2,0.14,18,62.5,4,0,250.0,Wellington Importadora,Paula Parente,Sales Manager,Resende,Brazil,Carnarvon Tigers,16 kg pkg.,62.5,0,8,Seafood,Seaweed and fish,2014-08,6480.7,Medium Value
10644,WELLI,3,2014-08-25,2014-09-22,2014-09-01,2,0.14,43,46.0,20,0,920.0,Wellington Importadora,Paula Parente,Sales Manager,Resende,Brazil,Ipoh Coffee,16 - 500 g tins,46.0,0,1,Beverages,"Soft drinks, coffees, teas, beers, and ales",2014-08,6480.7,Medium Value
10644,WELLI,3,2014-08-25,2014-09-22,2014-09-01,2,0.14,46,12.0,21,0,252.0,Wellington Importadora,Paula Parente,Sales Manager,Resende,Brazil,Spegesild,4 - 450 g glasses,12.0,0,8,Seafood,Seaweed and fish,2014-08,6480.7,Medium Value
10645,HANAR,4,2014-08-26,2014-09-23,2014-09-02,1,12.41,18,62.5,20,0,1250.0,Hanari Carnes,Mario Pontes,Accounting Manager,Rio de Janeiro,Brazil,Carnarvon Tigers,16 kg pkg.,62.5,0,8,Seafood,Seaweed and fish,2014-08,34101.15,High Value
10645,HANAR,4,2014-08-26,2014-09-23,2014-09-02,1,12.41,36,19.0,15,0,285.0,Hanari Carnes,Mario Pontes,Accounting Manager,Rio de Janeiro,Brazil,Inlagd Sill,24 - 250 g  jars,19.0,0,8,Seafood,Seaweed and fish,2014-08,34101.15,High Value
10646,HUNGO,9,2014-08-27,2014-10-08,2014-09-03,3,142.33,1,18.0,15,0,270.0,Hungry Owl All-Night Grocers,Patricia McKenna,Sales Associate,Cork,Ireland,Chai,10 boxes x 20 bags,18.0,0,1,Beverages,"Soft drinks, coffees, teas, beers, and ales",2014-08,57317.39,High Value
10646,HUNGO,9,2014-08-27,2014-10-08,2014-09-03,3,142.33,10,31.0,18,0,558.0,Hungry Owl All-Night Grocers,Patricia McKenna,Sales Associate,Cork,Ireland,Ikura,12 - 200 ml jars,31.0,0,8,Seafood,Seaweed and fish,2014-08,57317.39,High Value
10646,HUNGO,9,2014-08-27,2014-10-08,2014-09-03,3,142.33,71,21.5,30,0,645.0,Hungry Owl All-Night Grocers,Patricia McKenna,Sales Associate,Cork,Ireland,Flotemysost,10 - 500 g pkgs.,21.5,0,4,Dairy Products,Cheeses,2014-08,57317.39,High Value
10646,HUNGO,9,2014-08-27,2014-10-08,2014-09-03,3,142.33,77,13.0,35,0,455.0,Hungry Owl All-Night Grocers,Patricia McKenna,Sales Associate,Cork,Ireland,Original Frankfurter Grüne Soße,12 boxes,13.0,0,2,Condiments,"Sweet and savory sauces, relishes, spreads, and seasonings",2014-08,57317.39,High Value
10647,QUEDE,4,2014-08-27,2014-09-10,2014-09-03,2,45.54,19,9.2,30,0,276.0,Que Delícia,Bernardo Batista,Accounting Manager,Rio de Janeiro,Brazil,Teatime Chocolate Biscuits,10 boxes x 12 pieces,9.2,0,3,Confections,"Desserts, candies, and sweet breads",2014-08,6973.63,Medium Value
10647,QUEDE,4,2014-08-27,2014-09-10,2014-09-03,2,45.54,39,18.0,20,0,360.0,Que Delícia,Bernardo Batista,Accounting Manager,Rio de Janeiro,Brazil,Chartreuse verte,750 cc per bottle,18.0,0,1,Beverages,"Soft drinks, coffees, teas, beers, and ales",2014-08,6973.63,Medium Value
10648,RICAR,5,2014-08-28,2014-10-09,2014-09-09,2,14.25,22,21.0,15,0,315.0,Ricardo Adocicados,Janete Limeira,Assistant Sales Agent,Rio de Janeiro,Brazil,Gustaf's Knackebröd,24 - 500 g pkgs.,21.0,0,5,Grains & Cereals,"Breads, crackers, pasta, and cereal",2014-08,11086.4,High Value
10648,RICAR,5,2014-08-28,2014-10-09,2014-09-09,2,14.25,24,4.5,15,0,67.5,Ricardo Adocicados,Janete Limeira,Assistant Sales Agent,Rio de Janeiro,Brazil,Guarana Fantastica,12 - 355 ml cans,4.5,1,1,Beverages,"Soft drinks, coffees, teas, beers, and ales",2014-08,11086.4,High Value
10649,MAISD,5,2014-08-28,2014-09-25,2014-08-29,3,6.2,28,45.6,20,0,912.0,Maison Dewey,Catherine Dewey,Sales Agent,Bruxelles,Belgium,Rössle Sauerkraut,25 - 825 g cans,45.6,1,7,Produce,Dried fruit and bean curd,2014-08,10430.58,High Value
10649,MAISD,5,2014-08-28,2014-09-25,2014-08-29,3,6.2,72,34.8,15,0,522.0,Maison Dewey,Catherine Dewey,Sales Agent,Bruxelles,Belgium,Mozzarella di Giovanni,24 - 200 g pkgs.,34.8,0,4,Dairy Products,Cheeses,2014-08,10430.58,High Value
10650,FAMIA,5,2014-08-29,2014-09-26,2014-09-03,3,176.81,30,25.89,30,0,776.7,Familia Arquibaldo,Aria Cruz,Marketing Assistant,Sao Paulo,Brazil,Nord-Ost Matjeshering,10 - 200 g glasses,25.89,0,8,Seafood,Seaweed and fish,2014-08,4438.9,Low Value
10650,FAMIA,5,2014-08-29,2014-09-26,2014-09-03,3,176.81,53,32.8,25,0,819.9999999999999,Familia Arquibaldo,Aria Cruz,Marketing Assistant,Sao Paulo,Brazil,Perth Pasties,48 pieces,32.8,1,6,Meat & Poultry,Prepared meats,2014-08,4438.9,Low Value
10650,FAMIA,5,2014-08-29,2014-09-26,2014-09-03,3,176.81,54,7.45,30,0,223.5,Familia Arquibaldo,Aria Cruz,Marketing Assistant,Sao Paulo,Brazil,Tourtière,16 pies,7.45,0,6,Meat & Poultry,Prepared meats,2014-08,4438.9,Low Value
10651,WANDK,8,2014-09-01,2014-09-29,2014-09-11,2,20.6,19,9.2,12,0,110.39999999999999,Die Wandernde Kuh,Rita Müller,Sales Representative,Stuttgart,Germany,Teatime Chocolate Biscuits,10 boxes x 12 pieces,9.2,0,3,Confections,"Desserts, candies, and sweet breads",2014-09,10653.85,High Value
10651,WANDK,8,2014-09-01,2014-09-29,2014-09-11,2,20.6,22,21.0,20,0,420.0,Die Wandernde Kuh,Rita Müller,Sales Representative,Stuttgart,Germany,Gustaf's Knackebröd,24 - 500 g pkgs.,21.0,0,5,Grains & Cereals,"Breads, crackers, pasta, and cereal",2014-09,10653.85,High Value
10652,GOURL,4,2014-09-01,2014-09-29,2014-09-08,2,7.14,30,25.89,2,0,51.78,Gourmet Lanchonetes,André Fonseca,Sales Associate,Campinas,Brazil,Nord-Ost Matjeshering,10 - 200 g glasses,25.89,0,8,Seafood,Seaweed and fish,2014-09,8702.23,Medium Value
10652,GOURL,4,2014-09-01,2014-09-29,2014-09-08,2,7.14,42,14.0,20,0,280.0,Gourmet Lanchonetes,André Fonseca,Sales Associate,Campinas,Brazil,Singaporean Hokkien Fried Mee,32 - 1 kg pkgs.,14.0,1,5,Grains & Cereals,"Breads, crackers, pasta, and cereal",2014-09,8702.23,Medium Value
10653,FRANK,1,2014-09-02,2014-09-30,2014-09-19,1,93.25,16,17.45,30,0,523.5,Frankenversand,Peter Franken,Marketing Manager,München,Germany,Pavlova,32 - 500 g boxes,17.45,0,3,Confections,"Desserts, candies, and sweet breads",2014-09,28722.71,High Value
10653,FRANK,1,2014-09-02,2014-09-30,2014-09-19,1,93.25,60,34.0,20,0,680.0,Frankenversand,Peter Franken,Marketing Manager,München,Germany,Camembert Pierrot,15 - 300 g rounds,34.0,0,4,Dairy Products,Cheeses,2014-09,28722.71,High Value
10654,BERGS,5,2014-09-02,2014-09-30,2014-09-11,1,55.26,4,22.0,12,0,264.0,Berglunds snabbköp,Christina Berglund,Order Administrator,Luleå,Sweden,Chef Anton's Cajun Seasoning,48 - 6 oz jars,22.0,0,2,Condiments,"Sweet and savory sauces, relishes, spreads, and seasonings",2014-09,26968.149999999998,High Value
10654,BERGS,5,2014-09-02,2014-09-30,2014-09-11,1,55.26,39,18.0,20,0,360.0,Berglunds snabbköp,Christina Berglund,Order Administrator,Luleå,Sweden,Chartreuse verte,750 cc per bottle,18.0,0,1,Beverages,"Soft drinks, coffees, teas, beers, and ales",2014-09,26968.149999999998,High Value
10654,BERGS,5,2014-09-02,2014-09-30,2014-09-11,1,55.26,54,7.45,6,0,44.7,Berglunds snabbköp,Christina Berglund,Order Administrator,Luleå,Sweden,Tourtière,16 pies,7.45,0,6,Meat & Poultry,Prepared meats,2014-09,26968.149999999998,High Value
10655,REGGC,1,2014-09-03,2014-10-01,2014-09-11,2,4.41,41,9.65,20,0,193.0,Reggiani Caseifici,Maurizio Moroni,Sales Associate,Reggio Emilia,Italy,Jack's New England Clam Chowder,12 - 12 oz cans,9.65,0,8,Seafood,Seaweed and fish,2014-09,7047.6,Medium Value
10656,GREAL,6,2014-09-04,2014-10-02,2014-09-10,1,57.15,14,23.25,3,0,69.75,Great Lakes Food Market,Howard Snyder,Marketing Manager,Eugene,USA,Tofu,40 - 100 g pkgs.,23.25,0,7,Produce,Dried fruit and bean curd,2014-09,19001.13,High Value
10656,GREAL,6,2014-09-04,2014-10-02,2014-09-10,1,57.15,44,19.45,28,0,544.6,Great Lakes Food Market,Howard Snyder,Marketing Manager,Eugene,USA,Gula Malacca,20 - 2 kg bags,19.45,0,2,Condiments,"Sweet and savory sauces, relishes, spreads, and seasonings",2014-09,19001.13,High Value
10656,GREAL,6,2014-09-04,2014-10-02,2014-09-10,1,57.15,47,9.5,6,0,57.0,Great Lakes Food Market,Howard Snyder,Marketing Manager,Eugene,USA,Zaanse koeken,10 - 4 oz boxes,9.5,0,3,Confections,"Desserts, candies, and sweet breads",2014-09,19001.13,High Value
10657,SAVEA,2,2014-09-04,2014-10-02,2014-09-15,2,352.69,15,15.5,50,0,775.0,Save-a-lot Markets,Jose Pavarotti,Sales Representative,Boise,USA,Genen Shouyu,24 - 250 ml bottles,15.5,0,2,Condiments,"Sweet and savory sauces, relishes, spreads, and seasonings",2014-09,115673.39,High Value
10657,SAVEA,2,2014-09-04,2014-10-02,2014-09-15,2,352.69,41,9.65,24,0,231.60000000000002,Save-a-lot Markets,Jose Pavarotti,Sales Representative,Boise,USA,Jack's New England Clam Chowder,12 - 12 oz cans,9.65,0,8,Seafood,Seaweed and fish,2014-09,115673.39,High Value
10657,SAVEA,2,2014-09-04,2014-10-02,2014-09-15,2,352.69,46,12.0,45,0,540.0,Save-a-lot Markets,Jose Pavarotti,Sales Representative,Boise,USA,Spegesild,4 - 450 g glasses,12.0,0,8,Seafood,Seaweed and fish,2014-09,115673.39,High Value
10657,SAVEA,2,2014-09-04,2014-10-02,2014-09-15,2,352.69,47,9.5,10,0,95.0,Save-a-lot Markets,Jose Pavarotti,Sales Representative,Boise,USA,Zaanse koeken,10 - 4 oz boxes,9.5,0,3,Confections,"Desserts, candies, and sweet breads",2014-09,115673.39,High Value
10657,SAVEA,2,2014-09-04,2014-10-02,2014-09-15,2,352.69,56,38.0,45,0,1710.0,Save-a-lot Markets,Jose Pavarotti,Sales Representative,Boise,USA,Gnocchi di nonna Alice,24 - 250 g pkgs.,38.0,0,5,Grains & Cereals,"Breads, crackers, pasta, and cereal",2014-09,115673.39,High Value
10657,SAVEA,2,2014-09-04,2014-10-02,2014-09-15,2,352.69,60,34.0,30,0,1020.0,Save-a-lot Markets,Jose Pavarotti,Sales Representative,Boise,USA,Camembert Pierrot,15 - 300 g rounds,34.0,0,4,Dairy Products,Cheeses,2014-09,115673.39,High Value
10658,QUICK,4,2014-09-05,2014-10-03,2014-09-08,1,364.15,21,10.0,60,0,600.0,QUICK-Stop,Horst Kloss,Accounting Manager,Cunewalde,Germany,Sir Rodney's Scones,24 pkgs. x 4 pieces,10.0,0,3,Confections,"Desserts, candies, and sweet breads",2014-09,117483.39,High Value
10658,QUICK,4,2014-09-05,2014-10-03,2014-09-08,1,364.15,40,18.4,70,0,1288.0,QUICK-Stop,Horst Kloss,Accounting Manager,Cunewalde,Germany,Boston Crab Meat,24 - 4 oz tins,18.4,0,8,Seafood,Seaweed and fish,2014-09,117483.39,High Value
10658,QUICK,4,2014-09-05,2014-10-03,2014-09-08,1,364.15,60,34.0,55,0,1870.0,QUICK-Stop,Horst Kloss,Accounting Manager,Cunewalde,Germany,Camembert Pierrot,15 - 300 g rounds,34.0,0,4,Dairy Products,Cheeses,2014-09,117483.39,High Value
10658,QUICK,4,2014-09-05,2014-10-03,2014-09-08,1,364.15,77,13.0,70,0,910.0,QUICK-Stop,Horst Kloss,Accounting Manager,Cunewalde,Germany,Original Frankfurter Grüne Soße,12 boxes,13.0,0,2,Condiments,"Sweet and savory sauces, relishes, spreads, and seasonings",2014-09,117483.39,High Value
10659,QUEEN,7,2014-09-05,2014-10-03,2014-09-10,2,105.81,31,12.5,20,0,250.0,Queen Cozinha,Lúcia Carvalho,Marketing Assistant,Sao Paulo,Brazil,Gorgonzola Telino,12 - 100 g pkgs,12.5,0,4,Dairy Products,Cheeses,2014-09,27841.3,High Value
10659,QUEEN,7,2014-09-05,2014-10-03,2014-09-10,2,105.81,40,18.4,24,0,441.59999999999997,Queen Cozinha,Lúcia Carvalho,Marketing Assistant,Sao Paulo,Brazil,Boston Crab Meat,24 - 4 oz tins,18.4,0,8,Seafood,Seaweed and fish,2014-09,27841.3,High Value
10659,QUEEN,7,2014-09-05,2014-10-03,2014-09-10,2,105.81,70,15.0,40,0,600.0,Queen Cozinha,Lúcia Carvalho,Marketing Assistant,Sao Paulo,Brazil,Outback Lager,24 - 355 ml bottles,15.0,0,1,Beverages,"Soft drinks, coffees, teas, beers, and ales",2014-09,27841.3,High Value
10660,HUNGC,8,2014-09-08,2014-10-06,2014-10-15,1,111.29,20,81.0,21,0,1701.0,Hungry Coyote Import Store,Yoshi Latimer,Sales Representative,Elgin,USA,Sir Rodney's Marmalade,30 gift boxes,81.0,0,3,Confections,"Desserts, candies, and sweet breads",2014-09,3063.2,Low Value
10661,HUNGO,7,2014-09-09,2014-10-07,2014-09-15,3,17.55,39,18.0,3,0,54.0,Hungry Owl All-Night Grocers,Patricia McKenna,Sales Associate,Cork,Ireland,Chartreuse verte,750 cc per bottle,18.0,0,1,Beverages,"Soft drinks, coffees, teas, beers, and ales",2014-09,57317.39,High Value
10661,HUNGO,7,2014-09-09,2014-10-07,2014-09-15,3,17.55,58,13.25,49,0,649.25,Hungry Owl All-Night Grocers,Patricia McKenna,Sales Associate,Cork,Ireland,Escargots de Bourgogne,24 pieces,13.25,0,8,Seafood,Seaweed and fish,2014-09,57317.39,High Value
10662,LONEP,3,2014-09-09,2014-10-07,2014-09-18,2,1.28,68,12.5,10,0,125.0,Lonesome Pine Restaurant,Fran Wilson,Sales Manager,Portland,USA,Scottish Longbreads,10 boxes x 8 pieces,12.5,0,3,Confections,"Desserts, candies, and sweet breads",2014-09,4258.6,Low Value
10663,BONAP,2,2014-09-10,2014-09-24,2014-10-03,2,113.15,40,18.4,30,0,552.0,Bon app',Laurence Lebihan,Owner,Marseille,France,Boston Crab Meat,24 - 4 oz tins,18.4,0,8,Seafood,Seaweed and fish,2014-09,22793.95,High Value
10663,BONAP,2,2014-09-10,2014-09-24,2014-10-03,2,113.15,42,14.0,30,0,420.0,Bon app',Laurence Lebihan,Owner,Marseille,France,Singaporean Hokkien Fried Mee,32 - 1 kg pkgs.,14.0,1,5,Grains & Cereals,"Breads, crackers, pasta, and cereal",2014-09,22793.95,High Value
10663,BONAP,2,2014-09-10,2014-09-24,2014-10-03,2,113.15,51,53.0,20,0,1060.0,Bon app',Laurence Lebihan,Owner,Marseille,France,Manjimup Dried Apples,50 - 300 g pkgs.,53.0,0,7,Produce,Dried fruit and bean curd,2014-09,22793.95,High Value
10664,FURIB,1,2014-09-10,2014-10-08,2014-09-19,3,1.27,10,31.0,24,0,744.0,Furia Bacalhau e Frutos do Mar,Lino Rodriguez,Sales Manager,Lisboa,Portugal,Ikura,12 - 200 ml jars,31.0,0,8,Seafood,Seaweed and fish,2014-09,7151.55,Medium Value
10664,FURIB,1,2014-09-10,2014-10-08,2014-09-19,3,1.27,56,38.0,12,0,456.0,Furia Bacalhau e Frutos do Mar,Lino Rodriguez,Sales Manager,Lisboa,Portugal,Gnocchi di nonna Alice,24 - 250 g pkgs.,38.0,0,5,Grains & Cereals,"Breads, crackers, pasta, and cereal",2014-09,7151.55,Medium Value
10664,FURIB,1,2014-09-10,2014-10-08,2014-09-19,3,1.27,65,21.05,15,0,315.75,Furia Bacalhau e Frutos do Mar,Lino Rodriguez,Sales Manager,Lisboa,Portugal,Louisiana Fiery Hot Pepper Sauce,32 - 8 oz bottles,21.05,0,2,Condiments,"Sweet and savory sauces, relishes, spreads, and seasonings",2014-09,7151.55,Medium Value
10665,LONEP,1,2014-09-11,2014-10-09,2014-09-17,2,26.31,51,53.0,20,0,1060.0,Lonesome Pine Restaurant,Fran Wilson,Sales Manager,Portland,USA,Manjimup Dried Apples,50 - 300 g pkgs.,53.0,0,7,Produce,Dried fruit and bean curd,2014-09,4258.6,Low Value
10665,LONEP,1,2014-09-11,2014-10-09,2014-09-17,2,26.31,59,55.0,1,0,55.0,Lonesome Pine Restaurant,Fran Wilson,Sales Manager,Portland,USA,Raclette Courdavault,5 kg pkg.,55.0,0,4,Dairy Products,Cheeses,2014-09,4258.6,Low Value
10665,LONEP,1,2014-09-11,2014-10-09,2014-09-17,2,26.31,76,18.0,10,0,180.0,Lonesome Pine Restaurant,Fran Wilson,Sales Manager,Portland,USA,Lakkaliköri,500 ml,18.0,0,1,Beverages,"Soft drinks, coffees, teas, beers, and ales",2014-09,4258.6,Low Value
10666,RICSU,7,2014-09-12,2014-10-10,2014-09-22,2,232.42,29,123.79,36,0,4456.4400000000005,Richter Supermarkt,Michael Holz,Sales Manager,Genève,Switzerland,Thüringer Rostbratwurst,50 bags x 30 sausgs.,123.79,1,6,Meat & Poultry,Prepared meats,2014-09,19447.2,High Value
10666,RICSU,7,2014-09-12,2014-10-10,2014-09-22,2,232.42,65,21.05,10,0,210.5,Richter Supermarkt,Michael Holz,Sales Manager,Genève,Switzerland,Louisiana Fiery Hot Pepper Sauce,32 - 8 oz bottles,21.05,0,2,Condiments,"Sweet and savory sauces, relishes, spreads, and seasonings",2014-09,19447.2,High Value
10667,ERNSH,7,2014-09-12,2014-10-10,2014-09-19,1,78.09,69,36.0,45,0,1620.0,Ernst Handel,Roland Mendel,Sales Manager,Graz,Austria,Gudbrandsdalsost,10 kg pkg.,36.0,0,4,Dairy Products,Cheeses,2014-09,103115.18,High Value
10667,ERNSH,7,2014-09-12,2014-10-10,2014-09-19,1,78.09,71,21.5,14,0,301.0,Ernst Handel,Roland Mendel,Sales Manager,Graz,Austria,Flotemysost,10 - 500 g pkgs.,21.5,0,4,Dairy Products,Cheeses,2014-09,103115.18,High Value
10668,WANDK,1,2014-09-15,2014-10-13,2014-09-23,2,47.22,31,12.5,8,0,100.0,Die Wandernde Kuh,Rita Müller,Sales Representative,Stuttgart,Germany,Gorgonzola Telino,12 - 100 g pkgs,12.5,0,4,Dairy Products,Cheeses,2014-09,10653.85,High Value
10668,WANDK,1,2014-09-15,2014-10-13,2014-09-23,2,47.22,55,24.0,4,0,96.0,Die Wandernde Kuh,Rita Müller,Sales Representative,Stuttgart,Germany,Pâté chinois,24 boxes x 2 pies,24.0,0,6,Meat & Poultry,Prepared meats,2014-09,10653.85,High Value
10668,WANDK,1,2014-09-15,2014-10-13,2014-09-23,2,47.22,64,33.25,15,0,498.75,Die Wandernde Kuh,Rita Müller,Sales Representative,Stuttgart,Germany,Wimmers gute Semmelknödel,20 bags x 4 pieces,33.25,0,5,Grains & Cereals,"Breads, crackers, pasta, and cereal",2014-09,10653.85,High Value
10669,SIMOB,2,2014-09-15,2014-10-13,2014-09-22,1,24.39,36,19.0,30,0,570.0,Simons bistro,Jytte Petersen,Owner,Kobenhavn,Denmark,Inlagd Sill,24 - 250 g  jars,19.0,0,8,Seafood,Seaweed and fish,2014-09,17894.15,High Value
10670,FRANK,4,2014-09-16,2014-10-14,2014-09-18,1,203.48,23,9.0,32,0,288.0,Frankenversand,Peter Franken,Marketing Manager,München,Germany,Tunnbröd,12 - 250 g pkgs.,9.0,0,5,Grains & Cereals,"Breads, crackers, pasta, and cereal",2014-09,28722.71,High Value
10670,FRANK,4,2014-09-16,2014-10-14,2014-09-18,1,203.48,46,12.0,60,0,720.0,Frankenversand,Peter Franken,Marketing Manager,München,Germany,Spegesild,4 - 450 g glasses,12.0,0,8,Seafood,Seaweed and fish,2014-09,28722.71,High Value
10670,FRANK,4,2014-09-16,2014-10-14,2014-09-18,1,203.48,67,14.0,25,0,350.0,Frankenversand,Peter Franken,Marketing Manager,München,Germany,Laughing Lumberjack Lager,24 - 12 oz bottles,14.0,0,1,Beverages,"Soft drinks, coffees, teas, beers, and ales",2014-09,28722.71,High Value
10670,FRANK,4,2014-09-16,2014-10-14,2014-09-18,1,203.48,73,15.0,50,0,750.0,Frankenversand,Peter Franken,Marketing Manager,München,Germany,Röd Kaviar,24 - 150 g jars,15.0,0,8,Seafood,Seaweed and fish,2014-09,28722.71,High Value
10670,FRANK,4,2014-09-16,2014-10-14,2014-09-18,1,203.48,75,7.75,25,0,193.75,Frankenversand,Peter Franken,Marketing Manager,München,Germany,Rhönbräu Klosterbier,24 - 0.5 l bottles,7.75,0,1,Beverages,"Soft drinks, coffees, teas, beers, and ales",2014-09,28722.71,High Value
10671,FRANR,1,2014-09-17,2014-10-15,2014-09-24,1,30.34,16,17.45,10,0,174.5,France restauration,Carine Schmitt,Marketing Manager,Nantes,France,Pavlova,32 - 500 g boxes,17.45,0,3,Confections,"Desserts, candies, and sweet breads",2014-09,3172.1600000000003,Low Value
10671,FRANR,1,2014-09-17,2014-10-15,2014-09-24,1,30.34,62,49.3,10,0,493.0,France restauration,Carine Schmitt,Marketing Manager,Nantes,France,Tarte au sucre,48 pies,49.3,0,3,Confections,"Desserts, candies, and sweet breads",2014-09,3172.1600000000003,Low Value
10671,FRANR,1,2014-09-17,2014-10-15,2014-09-24,1,30.34,65,21.05,12,0,252.60000000000002,France restauration,Carine Schmitt,Marketing Manager,Nantes,France,Louisiana Fiery Hot Pepper Sauce,32 - 8 oz bottles,21.05,0,2,Condiments,"Sweet and savory sauces, relishes, spreads, and seasonings",2014-09,3172.1600000000003,Low Value
10672,BERGS,9,2014-09-17,2014-10-01,2014-09-26,2,95.75,38,263.5,15,0,3952.5,Berglunds snabbköp,Christina Berglund,Order Administrator,Luleå,Sweden,Côte de Blaye,12 - 75 cl bottles,263.5,0,1,Beverages,"Soft drinks, coffees, teas, beers, and ales",2014-09,26968.149999999998,High Value
10672,BERGS,9,2014-09-17,2014-10-01,2014-09-26,2,95.75,71,21.5,12,0,258.0,Berglunds snabbköp,Christina Berglund,Order Administrator,Luleå,Sweden,Flotemysost,10 - 500 g pkgs.,21.5,0,4,Dairy Products,Cheeses,2014-09,26968.149999999998,High Value
10673,WILMK,2,2014-09-18,2014-10-16,2014-09-19,1,22.76,16,17.45,3,0,52.349999999999994,Wilman Kala,Matti Karttunen,Owner/Marketing Assistant,Helsinki,Finland,Pavlova,32 - 500 g boxes,17.45,0,3,Confections,"Desserts, candies, and sweet breads",2014-09,3161.35,Low Value
10673,WILMK,2,2014-09-18,2014-10-16,2014-09-19,1,22.76,42,14.0,6,0,84.0,Wilman Kala,Matti Karttunen,Owner/Marketing Assistant,Helsinki,Finland,Singaporean Hokkien Fried Mee,32 - 1 kg pkgs.,14.0,1,5,Grains & Cereals,"Breads, crackers, pasta, and cereal",2014-09,3161.35,Low Value
10673,WILMK,2,2014-09-18,2014-10-16,2014-09-19,1,22.76,43,46.0,6,0,276.0,Wilman Kala,Matti Karttunen,Owner/Marketing Assistant,Helsinki,Finland,Ipoh Coffee,16 - 500 g tins,46.0,0,1,Beverages,"Soft drinks, coffees, teas, beers, and ales",2014-09,3161.35,Low Value
10674,ISLAT,4,2014-09-18,2014-10-16,2014-09-30,2,0.9,23,9.0,5,0,45.0,Island Trading,Helen Bennett,Marketing Manager,Cowes,UK,Tunnbröd,12 - 250 g pkgs.,9.0,0,5,Grains & Cereals,"Breads, crackers, pasta, and cereal",2014-09,6146.3,Medium Value
10675,FRANK,5,2014-09-19,2014-10-17,2014-09-23,2,31.85,14,23.25,30,0,697.5,Frankenversand,Peter Franken,Marketing Manager,München,Germany,Tofu,40 - 100 g pkgs.,23.25,0,7,Produce,Dried fruit and bean curd,2014-09,28722.71,High Value
10675,FRANK,5,2014-09-19,2014-10-17,2014-09-23,2,31.85,53,32.8,10,0,328.0,Frankenversand,Peter Franken,Marketing Manager,München,Germany,Perth Pasties,48 pieces,32.8,1,6,Meat & Poultry,Prepared meats,2014-09,28722.71,High Value
10675,FRANK,5,2014-09-19,2014-10-17,2014-09-23,2,31.85,58,13.25,30,0,397.5,Frankenversand,Peter Franken,Marketing Manager,München,Germany,Escargots de Bourgogne,24 pieces,13.25,0,8,Seafood,Seaweed and fish,2014-09,28722.71,High Value
10676,TORTU,2,2014-09-22,2014-10-20,2014-09-29,2,2.01,10,31.0,2,0,62.0,Tortuga Restaurante,Miguel Angel Paolino,Owner,Mexico City,Mexico,Ikura,12 - 200 ml jars,31.0,0,8,Seafood,Seaweed and fish,2014-09,10812.15,High Value
10676,TORTU,2,2014-09-22,2014-10-20,2014-09-29,2,2.01,19,9.2,7,0,64.39999999999999,Tortuga Restaurante,Miguel Angel Paolino,Owner,Mexico City,Mexico,Teatime Chocolate Biscuits,10 boxes x 12 pieces,9.2,0,3,Confections,"Desserts, candies, and sweet breads",2014-09,10812.15,High Value
10676,TORTU,2,2014-09-22,2014-10-20,2014-09-29,2,2.01,44,19.45,21,0,408.45,Tortuga Restaurante,Miguel Angel Paolino,Owner,Mexico City,Mexico,Gula Malacca,20 - 2 kg bags,19.45,0,2,Condiments,"Sweet and savory sauces, relishes, spreads, and seasonings",2014-09,10812.15,High Value
10677,ANTON,1,2014-09-22,2014-10-20,2014-09-26,3,4.03,26,31.23,30,0,936.9,Antonio Moreno Taquería,Antonio Moreno,Owner,Mexico City,Mexico,Gumbär Gummibärchen,100 - 250 g bags,31.23,0,3,Confections,"Desserts, candies, and sweet breads",2014-09,7515.35,Medium Value
10677,ANTON,1,2014-09-22,2014-10-20,2014-09-26,3,4.03,33,2.5,8,0,20.0,Antonio Moreno Taquería,Antonio Moreno,Owner,Mexico City,Mexico,Geitost,500 g,2.5,0,4,Dairy Products,Cheeses,2014-09,7515.35,Medium Value
10678,SAVEA,7,2014-09-23,2014-10-21,2014-10-16,3,388.98,12,38.0,100,0,3800.0,Save-a-lot Markets,Jose Pavarotti,Sales Representative,Boise,USA,Queso Manchego La Pastora,10 - 500 g pkgs.,38.0,0,4,Dairy Products,Cheeses,2014-09,115673.39,High Value
10678,SAVEA,7,2014-09-23,2014-10-21,2014-10-16,3,388.98,33,2.5,30,0,75.0,Save-a-lot Markets,Jose Pavarotti,Sales Representative,Boise,USA,Geitost,500 g,2.5,0,4,Dairy Products,Cheeses,2014-09,115673.39,High Value
10678,SAVEA,7,2014-09-23,2014-10-21,2014-10-16,3,388.98,41,9.65,120,0,1158.0,Save-a-lot Markets,Jose Pavarotti,Sales Representative,Boise,USA,Jack's New England Clam Chowder,12 - 12 oz cans,9.65,0,8,Seafood,Seaweed and fish,2014-09,115673.39,High Value
10678,SAVEA,7,2014-09-23,2014-10-21,2014-10-16,3,388.98,54,7.45,30,0,223.5,Save-a-lot Markets,Jose Pavarotti,Sales Representative,Boise,USA,Tourtière,16 pies,7.45,0,6,Meat & Poultry,Prepared meats,2014-09,115673.39,High Value
10679,BLONP,8,2014-09-23,2014-10-21,2014-09-30,3,27.94,59,55.0,12,0,660.0,Blondesddsl père et fils,Frédérique Citeaux,Marketing Manager,Strasbourg,France,Raclette Courdavault,5 kg pkg.,55.0,0,4,Dairy Products,Cheeses,2014-09,19088.0,High Value
10680,OLDWO,1,2014-09-24,2014-10-22,2014-09-26,1,26.61,16,17.45,50,0,872.5,Old World Delicatessen,Rene Phillips,Sales Representative,Anchorage,USA,Pavlova,32 - 500 g boxes,17.45,0,3,Confections,"Desserts, candies, and sweet breads",2014-09,16325.15,High Value
10680,OLDWO,1,2014-09-24,2014-10-22,2014-09-26,1,26.61,31,12.5,20,0,250.0,Old World Delicatessen,Rene Phillips,Sales Representative,Anchorage,USA,Gorgonzola Telino,12 - 100 g pkgs,12.5,0,4,Dairy Products,Cheeses,2014-09,16325.15,High Value
10680,OLDWO,1,2014-09-24,2014-10-22,2014-09-26,1,26.61,42,14.0,40,0,560.0,Old World Delicatessen,Rene Phillips,Sales Representative,Anchorage,USA,Singaporean Hokkien Fried Mee,32 - 1 kg pkgs.,14.0,1,5,Grains & Cereals,"Breads, crackers, pasta, and cereal",2014-09,16325.15,High Value
10681,GREAL,3,2014-09-25,2014-10-23,2014-09-30,3,76.13,19,9.2,30,0,276.0,Great Lakes Food Market,Howard Snyder,Marketing Manager,Eugene,USA,Teatime Chocolate Biscuits,10 boxes x 12 pieces,9.2,0,3,Confections,"Desserts, candies, and sweet breads",2014-09,19001.13,High Value
10681,GREAL,3,2014-09-25,2014-10-23,2014-09-30,3,76.13,21,10.0,12,0,120.0,Great Lakes Food Market,Howard Snyder,Marketing Manager,Eugene,USA,Sir Rodney's Scones,24 pkgs. x 4 pieces,10.0,0,3,Confections,"Desserts, candies, and sweet breads",2014-09,19001.13,High Value
10681,GREAL,3,2014-09-25,2014-10-23,2014-09-30,3,76.13,64,33.25,28,0,931.0,Great Lakes Food Market,Howard Snyder,Marketing Manager,Eugene,USA,Wimmers gute Semmelknödel,20 bags x 4 pieces,33.25,0,5,Grains & Cereals,"Breads, crackers, pasta, and cereal",2014-09,19001.13,High Value
10682,ANTON,3,2014-09-25,2014-10-23,2014-10-01,2,36.13,33,2.5,30,0,75.0,Antonio Moreno Taquería,Antonio Moreno,Owner,Mexico City,Mexico,Geitost,500 g,2.5,0,4,Dairy Products,Cheeses,2014-09,7515.35,Medium Value
10682,ANTON,3,2014-09-25,2014-10-23,2014-10-01,2,36.13,66,17.0,4,0,68.0,Antonio Moreno Taquería,Antonio Moreno,Owner,Mexico City,Mexico,Louisiana Hot Spiced Okra,24 - 8 oz jars,17.0,0,2,Condiments,"Sweet and savory sauces, relishes, spreads, and seasonings",2014-09,7515.35,Medium Value
10682,ANTON,3,2014-09-25,2014-10-23,2014-10-01,2,36.13,75,7.75,30,0,232.5,Antonio Moreno Taquería,Antonio Moreno,Owner,Mexico City,Mexico,Rhönbräu Klosterbier,24 - 0.5 l bottles,7.75,0,1,Beverages,"Soft drinks, coffees, teas, beers, and ales",2014-09,7515.35,Medium Value
10683,DUMON,2,2014-09-26,2014-10-24,2014-10-01,1,4.4,52,7.0,9,0,63.0,Du monde entier,Janine Labrune,Owner,Nantes,France,Filo Mix,16 - 2 kg boxes,7.0,0,5,Grains & Cereals,"Breads, crackers, pasta, and cereal",2014-09,1615.8999999999999,Low Value
10684,OTTIK,3,2014-09-26,2014-10-24,2014-09-30,1,145.63,40,18.4,20,0,368.0,Ottilies Käseladen,Henriette Pfalzheim,Owner,Köln,Germany,Boston Crab Meat,24 - 4 oz tins,18.4,0,8,Seafood,Seaweed and fish,2014-09,13157.5,High Value
10684,OTTIK,3,2014-09-26,2014-10-24,2014-09-30,1,145.63,47,9.5,40,0,380.0,Ottilies Käseladen,Henriette Pfalzheim,Owner,Köln,Germany,Zaanse koeken,10 - 4 oz boxes,9.5,0,3,Confections,"Desserts, candies, and sweet breads",2014-09,13157.5,High Value
10684,OTTIK,3,2014-09-26,2014-10-24,2014-09-30,1,145.63,60,34.0,30,0,1020.0,Ottilies Käseladen,Henriette Pfalzheim,Owner,Köln,Germany,Camembert Pierrot,15 - 300 g rounds,34.0,0,4,Dairy Products,Cheeses,2014-09,13157.5,High Value
10685,GOURL,4,2014-09-29,2014-10-13,2014-10-03,2,33.75,10,31.0,20,0,620.0,Gourmet Lanchonetes,André Fonseca,Sales Associate,Campinas,Brazil,Ikura,12 - 200 ml jars,31.0,0,8,Seafood,Seaweed and fish,2014-09,8702.23,Medium Value
10685,GOURL,4,2014-09-29,2014-10-13,2014-10-03,2,33.75,41,9.65,4,0,38.6,Gourmet Lanchonetes,André Fonseca,Sales Associate,Campinas,Brazil,Jack's New England Clam Chowder,12 - 12 oz cans,9.65,0,8,Seafood,Seaweed and fish,2014-09,8702.23,Medium Value
10685,GOURL,4,2014-09-29,2014-10-13,2014-10-03,2,33.75,47,9.5,15,0,142.5,Gourmet Lanchonetes,André Fonseca,Sales Associate,Campinas,Brazil,Zaanse koeken,10 - 4 oz boxes,9.5,0,3,Confections,"Desserts, candies, and sweet breads",2014-09,8702.23,Medium Value
10686,PICCO,2,2014-09-30,2014-10-28,2014-10-08,1,96.5,17,39.0,30,0,1170.0,Piccolo und mehr,Georg Pipps,Sales Manager,Salzburg,Austria,Alice Mutton,20 - 1 kg tins,39.0,1,6,Meat & Poultry,Prepared meats,2014-09,26259.95,High Value
10686,PICCO,2,2014-09-30,2014-10-28,2014-10-08,1,96.5,26,31.23,15,0,468.45,Piccolo und mehr,Georg Pipps,Sales Manager,Salzburg,Austria,Gumbär Gummibärchen,100 - 250 g bags,31.23,0,3,Confections,"Desserts, candies, and sweet breads",2014-09,26259.95,High Value
10687,HUNGO,9,2014-09-30,2014-10-28,2014-10-30,2,296.43,9,97.0,50,0,4850.0,Hungry Owl All-Night Grocers,Patricia McKenna,Sales Associate,Cork,Ireland,Mishi Kobe Niku,18 - 500 g pkgs.,97.0,1,6,Meat & Poultry,Prepared meats,2014-09,57317.39,High Value
10687,HUNGO,9,2014-09-30,2014-10-28,2014-10-30,2,296.43,29,123.79,10,0,1237.9,Hungry Owl All-Night Grocers,Patricia McKenna,Sales Associate,Cork,Ireland,Thüringer Rostbratwurst,50 bags x 30 sausgs.,123.79,1,6,Meat & Poultry,Prepared meats,2014-09,57317.39,High Value
10687,HUNGO,9,2014-09-30,2014-10-28,2014-10-30,2,296.43,36,19.0,6,0,114.0,Hungry Owl All-Night Grocers,Patricia McKenna,Sales Associate,Cork,Ireland,Inlagd Sill,24 - 250 g  jars,19.0,0,8,Seafood,Seaweed and fish,2014-09,57317.39,High Value
10688,VAFFE,4,2014-10-01,2014-10-15,2014-10-07,2,299.09,10,31.0,18,0,558.0,Vaffeljernet,Palle Ibsen,Sales Manager,Århus,Denmark,Ikura,12 - 200 ml jars,31.0,0,8,Seafood,Seaweed and fish,2014-10,16643.8,High Value
10688,VAFFE,4,2014-10-01,2014-10-15,2014-10-07,2,299.09,28,45.6,60,0,2736.0,Vaffeljernet,Palle Ibsen,Sales Manager,Århus,Denmark,Rössle Sauerkraut,25 - 825 g cans,45.6,1,7,Produce,Dried fruit and bean curd,2014-10,16643.8,High Value
10688,VAFFE,4,2014-10-01,2014-10-15,2014-10-07,2,299.09,34,14.0,14,0,196.0,Vaffeljernet,Palle Ibsen,Sales Manager,Århus,Denmark,Sasquatch Ale,24 - 12 oz bottles,14.0,0,1,Beverages,"Soft drinks, coffees, teas, beers, and ales",2014-10,16643.8,High Value
10689,BERGS,1,2014-10-01,2014-10-29,2014-10-07,2,13.42,1,18.0,35,0,630.0,Berglunds snabbköp,Christina Berglund,Order Administrator,Luleå,Sweden,Chai,10 boxes x 20 bags,18.0,0,1,Beverages,"Soft drinks, coffees, teas, beers, and ales",2014-10,26968.149999999998,High Value
10690,HANAR,1,2014-10-02,2014-10-30,2014-10-03,1,15.8,56,38.0,20,0,760.0,Hanari Carnes,Mario Pontes,Accounting Manager,Rio de Janeiro,Brazil,Gnocchi di nonna Alice,24 - 250 g pkgs.,38.0,0,5,Grains & Cereals,"Breads, crackers, pasta, and cereal",2014-10,34101.15,High Value
10690,HANAR,1,2014-10-02,2014-10-30,2014-10-03,1,15.8,77,13.0,30,0,390.0,Hanari Carnes,Mario Pontes,Accounting Manager,Rio de Janeiro,Brazil,Original Frankfurter Grüne Soße,12 boxes,13.0,0,2,Condiments,"Sweet and savory sauces, relishes, spreads, and seasonings",2014-10,34101.15,High Value
10691,QUICK,2,2014-10-03,2014-11-14,2014-10-22,2,810.05,1,18.0,30,0,540.0,QUICK-Stop,Horst Kloss,Accounting Manager,Cunewalde,Germany,Chai,10 boxes x 20 bags,18.0,0,1,Beverages,"Soft drinks, coffees, teas, beers, and ales",2014-10,117483.39,High Value
10691,QUICK,2,2014-10-03,2014-11-14,2014-10-22,2,810.05,29,123.79,40,0,4951.6,QUICK-Stop,Horst Kloss,Accounting Manager,Cunewalde,Germany,Thüringer Rostbratwurst,50 bags x 30 sausgs.,123.79,1,6,Meat & Poultry,Prepared meats,2014-10,117483.39,High Value
10691,QUICK,2,2014-10-03,2014-11-14,2014-10-22,2,810.05,43,46.0,40,0,1840.0,QUICK-Stop,Horst Kloss,Accounting Manager,Cunewalde,Germany,Ipoh Coffee,16 - 500 g tins,46.0,0,1,Beverages,"Soft drinks, coffees, teas, beers, and ales",2014-10,117483.39,High Value
10691,QUICK,2,2014-10-03,2014-11-14,2014-10-22,2,810.05,44,19.45,24,0,466.79999999999995,QUICK-Stop,Horst Kloss,Accounting Manager,Cunewalde,Germany,Gula Malacca,20 - 2 kg bags,19.45,0,2,Condiments,"Sweet and savory sauces, relishes, spreads, and seasonings",2014-10,117483.39,High Value
10691,QUICK,2,2014-10-03,2014-11-14,2014-10-22,2,810.05,62,49.3,48,0,2366.3999999999996,QUICK-Stop,Horst Kloss,Accounting Manager,Cunewalde,Germany,Tarte au sucre,48 pies,49.3,0,3,Confections,"Desserts, candies, and sweet breads",2014-10,117483.39,High Value
10692,ALFKI,4,2014-10-03,2014-10-31,2014-10-13,2,61.02,63,43.9,20,0,878.0,Alfreds Futterkiste,Maria Anders,Sales Representative,Berlin,Germany,Vegie-spread,15 - 625 g jars,43.9,0,2,Condiments,"Sweet and savory sauces, relishes, spreads, and seasonings",2014-10,4596.2,Low Value
10693,WHITC,3,2014-10-06,2014-10-20,2014-10-10,3,139.34,9,97.0,6,0,582.0,White Clover Markets,Karl Jablonski,Owner,Seattle,USA,Mishi Kobe Niku,18 - 500 g pkgs.,97.0,1,6,Meat & Poultry,Prepared meats,2014-10,29073.45,High Value
10693,WHITC,3,2014-10-06,2014-10-20,2014-10-10,3,139.34,54,7.45,60,0,447.0,White Clover Markets,Karl Jablonski,Owner,Seattle,USA,Tourtière,16 pies,7.45,0,6,Meat & Poultry,Prepared meats,2014-10,29073.45,High Value
10693,WHITC,3,2014-10-06,2014-10-20,2014-10-10,3,139.34,69,36.0,30,0,1080.0,White Clover Markets,Karl Jablonski,Owner,Seattle,USA,Gudbrandsdalsost,10 kg pkg.,36.0,0,4,Dairy Products,Cheeses,2014-10,29073.45,High Value
10693,WHITC,3,2014-10-06,2014-10-20,2014-10-10,3,139.34,73,15.0,15,0,225.0,White Clover Markets,Karl Jablonski,Owner,Seattle,USA,Röd Kaviar,24 - 150 g jars,15.0,0,8,Seafood,Seaweed and fish,2014-10,29073.45,High Value
10694,QUICK,8,2014-10-06,2014-11-03,2014-10-09,3,398.36,7,30.0,90,0,2700.0,QUICK-Stop,Horst Kloss,Accounting Manager,Cunewalde,Germany,Uncle Bob's Organic Dried Pears,12 - 1 lb pkgs.,30.0,0,7,Produce,Dried fruit and bean curd,2014-10,117483.39,High Value
10694,QUICK,8,2014-10-06,2014-11-03,2014-10-09,3,398.36,59,55.0,25,0,1375.0,QUICK-Stop,Horst Kloss,Accounting Manager,Cunewalde,Germany,Raclette Courdavault,5 kg pkg.,55.0,0,4,Dairy Products,Cheeses,2014-10,117483.39,High Value
10694,QUICK,8,2014-10-06,2014-11-03,2014-10-09,3,398.36,70,15.0,50,0,750.0,QUICK-Stop,Horst Kloss,Accounting Manager,Cunewalde,Germany,Outback Lager,24 - 355 ml bottles,15.0,0,1,Beverages,"Soft drinks, coffees, teas, beers, and ales",2014-10,117483.39,High Value
10695,WILMK,7,2014-10-07,2014-11-18,2014-10-14,1,16.72,8,40.0,10,0,400.0,Wilman Kala,Matti Karttunen,Owner/Marketing Assistant,Helsinki,Finland,Northwoods Cranberry Sauce,12 - 12 oz jars,40.0,0,2,Condiments,"Sweet and savory sauces, relishes, spreads, and seasonings",2014-10,3161.35,Low Value
10695,WILMK,7,2014-10-07,2014-11-18,2014-10-14,1,16.72,12,38.0,4,0,152.0,Wilman Kala,Matti Karttunen,Owner/Marketing Assistant,Helsinki,Finland,Queso Manchego La Pastora,10 - 500 g pkgs.,38.0,0,4,Dairy Products,Cheeses,2014-10,3161.35,Low Value
10695,WILMK,7,2014-10-07,2014-11-18,2014-10-14,1,16.72,24,4.5,20,0,90.0,Wilman Kala,Matti Karttunen,Owner/Marketing Assistant,Helsinki,Finland,Guarana Fantastica,12 - 355 ml cans,4.5,1,1,Beverages,"Soft drinks, coffees, teas, beers, and ales",2014-10,3161.35,Low Value
10696,WHITC,8,2014-10-08,2014-11-19,2014-10-14,3,102.55,17,39.0,20,0,780.0,White Clover Markets,Karl Jablonski,Owner,Seattle,USA,Alice Mutton,20 - 1 kg tins,39.0,1,6,Meat & Poultry,Prepared meats,2014-10,29073.45,High Value
10696,WHITC,8,2014-10-08,2014-11-19,2014-10-14,3,102.55,46,12.0,18,0,216.0,White Clover Markets,Karl Jablonski,Owner,Seattle,USA,Spegesild,4 - 450 g glasses,12.0,0,8,Seafood,Seaweed and fish,2014-10,29073.45,High Value
10697,LINOD,3,2014-10-08,2014-11-05,2014-10-14,1,45.52,19,9.2,7,0,64.39999999999999,LINO-Delicateses,Felipe Izquierdo,Owner,I. de Margarita,Venezuela,Teatime Chocolate Biscuits,10 boxes x 12 pieces,9.2,0,3,Confections,"Desserts, candies, and sweet breads",2014-10,14799.55,High Value
10697,LINOD,3,2014-10-08,2014-11-05,2014-10-14,1,45.52,35,18.0,9,0,162.0,LINO-Delicateses,Felipe Izquierdo,Owner,I. de Margarita,Venezuela,Steeleye Stout,24 - 12 oz bottles,18.0,0,1,Beverages,"Soft drinks, coffees, teas, beers, and ales",2014-10,14799.55,High Value
10697,LINOD,3,2014-10-08,2014-11-05,2014-10-14,1,45.52,58,13.25,30,0,397.5,LINO-Delicateses,Felipe Izquierdo,Owner,I. de Margarita,Venezuela,Escargots de Bourgogne,24 pieces,13.25,0,8,Seafood,Seaweed and fish,2014-10,14799.55,High Value
10697,LINOD,3,2014-10-08,2014-11-05,2014-10-14,1,45.52,70,15.0,30,0,450.0,LINO-Delicateses,Felipe Izquierdo,Owner,I. de Margarita,Venezuela,Outback Lager,24 - 355 ml bottles,15.0,0,1,Beverages,"Soft drinks, coffees, teas, beers, and ales",2014-10,14799.55,High Value
10698,ERNSH,4,2014-10-09,2014-11-06,2014-10-17,1,272.47,11,21.0,15,0,315.0,Ernst Handel,Roland Mendel,Sales Manager,Graz,Austria,Queso Cabrales,1 kg pkg.,21.0,0,4,Dairy Products,Cheeses,2014-10,103115.18,High Value
10698,ERNSH,4,2014-10-09,2014-11-06,2014-10-17,1,272.47,17,39.0,8,0,312.0,Ernst Handel,Roland Mendel,Sales Manager,Graz,Austria,Alice Mutton,20 - 1 kg tins,39.0,1,6,Meat & Poultry,Prepared meats,2014-10,103115.18,High Value
10698,ERNSH,4,2014-10-09,2014-11-06,2014-10-17,1,272.47,29,123.79,12,0,1485.48,Ernst Handel,Roland Mendel,Sales Manager,Graz,Austria,Thüringer Rostbratwurst,50 bags x 30 sausgs.,123.79,1,6,Meat & Poultry,Prepared meats,2014-10,103115.18,High Value
10698,ERNSH,4,2014-10-09,2014-11-06,2014-10-17,1,272.47,65,21.05,65,0,1368.25,Ernst Handel,Roland Mendel,Sales Manager,Graz,Austria,Louisiana Fiery Hot Pepper Sauce,32 - 8 oz bottles,21.05,0,2,Condiments,"Sweet and savory sauces, relishes, spreads, and seasonings",2014-10,103115.18,High Value
10698,ERNSH,4,2014-10-09,2014-11-06,2014-10-17,1,272.47,70,15.0,8,0,120.0,Ernst Handel,Roland Mendel,Sales Manager,Graz,Austria,Outback Lager,24 - 355 ml bottles,15.0,0,1,Beverages,"Soft drinks, coffees, teas, beers, and ales",2014-10,103115.18,High Value
10699,MORGK,3,2014-10-09,2014-11-06,2014-10-13,3,0.58,47,9.5,12,0,114.0,Morgenstern Gesundkost,Alexander Feuer,Marketing Assistant,Leipzig,Germany,Zaanse koeken,10 - 4 oz boxes,9.5,0,3,Confections,"Desserts, candies, and sweet breads",2014-10,5042.2,Medium Value
10700,SAVEA,3,2014-10-10,2014-11-07,2014-10-16,1,65.1,1,18.0,5,0,90.0,Save-a-lot Markets,Jose Pavarotti,Sales Representative,Boise,USA,Chai,10 boxes x 20 bags,18.0,0,1,Beverages,"Soft drinks, coffees, teas, beers, and ales",2014-10,115673.39,High Value
10700,SAVEA,3,2014-10-10,2014-11-07,2014-10-16,1,65.1,34,14.0,12,0,168.0,Save-a-lot Markets,Jose Pavarotti,Sales Representative,Boise,USA,Sasquatch Ale,24 - 12 oz bottles,14.0,0,1,Beverages,"Soft drinks, coffees, teas, beers, and ales",2014-10,115673.39,High Value
10700,SAVEA,3,2014-10-10,2014-11-07,2014-10-16,1,65.1,68,12.5,40,0,500.0,Save-a-lot Markets,Jose Pavarotti,Sales Representative,Boise,USA,Scottish Longbreads,10 boxes x 8 pieces,12.5,0,3,Confections,"Desserts, candies, and sweet breads",2014-10,115673.39,High Value
10700,SAVEA,3,2014-10-10,2014-11-07,2014-10-16,1,65.1,71,21.5,60,0,1290.0,Save-a-lot Markets,Jose Pavarotti,Sales Representative,Boise,USA,Flotemysost,10 - 500 g pkgs.,21.5,0,4,Dairy Products,Cheeses,2014-10,115673.39,High Value
10701,HUNGO,6,2014-10-13,2014-10-27,2014-10-15,3,220.31,59,55.0,42,0,2310.0,Hungry Owl All-Night Grocers,Patricia McKenna,Sales Associate,Cork,Ireland,Raclette Courdavault,5 kg pkg.,55.0,0,4,Dairy Products,Cheeses,2014-10,57317.39,High Value
10701,HUNGO,6,2014-10-13,2014-10-27,2014-10-15,3,220.31,71,21.5,20,0,430.0,Hungry Owl All-Night Grocers,Patricia McKenna,Sales Associate,Cork,Ireland,Flotemysost,10 - 500 g pkgs.,21.5,0,4,Dairy Products,Cheeses,2014-10,57317.39,High Value
10701,HUNGO,6,2014-10-13,2014-10-27,2014-10-15,3,220.31,76,18.0,35,0,630.0,Hungry Owl All-Night Grocers,Patricia McKenna,Sales Associate,Cork,Ireland,Lakkaliköri,500 ml,18.0,0,1,Beverages,"Soft drinks, coffees, teas, beers, and ales",2014-10,57317.39,High Value
10702,ALFKI,4,2014-10-13,2014-11-24,2014-10-21,1,23.94,3,10.0,6,0,60.0,Alfreds Futterkiste,Maria Anders,Sales Representative,Berlin,Germany,Aniseed Syrup,12 - 550 ml bottles,10.0,0,2,Condiments,"Sweet and savory sauces, relishes, spreads, and seasonings",2014-10,4596.2,Low Value
10702,ALFKI,4,2014-10-13,2014-11-24,2014-10-21,1,23.94,76,18.0,15,0,270.0,Alfreds Futterkiste,Maria Anders,Sales Representative,Berlin,Germany,Lakkaliköri,500 ml,18.0,0,1,Beverages,"Soft drinks, coffees, teas, beers, and ales",2014-10,4596.2,Low Value
10703,FOLKO,6,2014-10-14,2014-11-11,2014-10-20,2,152.3,2,19.0,5,0,95.0,Folk och fä HB,Maria Larsson,Owner,Bräcke,Sweden,Chang,24 - 12 oz bottles,19.0,0,1,Beverages,"Soft drinks, coffees, teas, beers, and ales",2014-10,32555.55,High Value
10703,FOLKO,6,2014-10-14,2014-11-11,2014-10-20,2,152.3,59,55.0,35,0,1925.0,Folk och fä HB,Maria Larsson,Owner,Bräcke,Sweden,Raclette Courdavault,5 kg pkg.,55.0,0,4,Dairy Products,Cheeses,2014-10,32555.55,High Value
10703,FOLKO,6,2014-10-14,2014-11-11,2014-10-20,2,152.3,73,15.0,35,0,525.0,Folk och fä HB,Maria Larsson,Owner,Bräcke,Sweden,Röd Kaviar,24 - 150 g jars,15.0,0,8,Seafood,Seaweed and fish,2014-10,32555.55,High Value
10704,QUEEN,6,2014-10-14,2014-11-11,2014-11-07,1,4.78,4,22.0,6,0,132.0,Queen Cozinha,Lúcia Carvalho,Marketing Assistant,Sao Paulo,Brazil,Chef Anton's Cajun Seasoning,48 - 6 oz jars,22.0,0,2,Condiments,"Sweet and savory sauces, relishes, spreads, and seasonings",2014-10,27841.3,High Value
10704,QUEEN,6,2014-10-14,2014-11-11,2014-11-07,1,4.78,24,4.5,35,0,157.5,Queen Cozinha,Lúcia Carvalho,Marketing Assistant,Sao Paulo,Brazil,Guarana Fantastica,12 - 355 ml cans,4.5,1,1,Beverages,"Soft drinks, coffees, teas, beers, and ales",2014-10,27841.3,High Value
10704,QUEEN,6,2014-10-14,2014-11-11,2014-11-07,1,4.78,48,12.75,24,0,306.0,Queen Cozinha,Lúcia Carvalho,Marketing Assistant,Sao Paulo,Brazil,Chocolade,10 pkgs.,12.75,0,3,Confections,"Desserts, candies, and sweet breads",2014-10,27841.3,High Value
10705,HILAA,9,2014-10-15,2014-11-12,2014-11-18,2,3.52,31,12.5,20,0,250.0,HILARION-Abastos,Carlos Hernández,Sales Representative,San Cristóbal,Venezuela,Gorgonzola Telino,12 - 100 g pkgs,12.5,0,4,Dairy Products,Cheeses,2014-10,23611.58,High Value
10705,HILAA,9,2014-10-15,2014-11-12,2014-11-18,2,3.52,32,32.0,4,0,128.0,HILARION-Abastos,Carlos Hernández,Sales Representative,San Cristóbal,Venezuela,Mascarpone Fabioli,24 - 200 g pkgs.,32.0,0,4,Dairy Products,Cheeses,2014-10,23611.58,High Value
10706,OLDWO,8,2014-10-16,2014-11-13,2014-10-21,3,135.63,16,17.45,20,0,349.0,Old World Delicatessen,Rene Phillips,Sales Representative,Anchorage,USA,Pavlova,32 - 500 g boxes,17.45,0,3,Confections,"Desserts, candies, and sweet breads",2014-10,16325.15,High Value
10706,OLDWO,8,2014-10-16,2014-11-13,2014-10-21,3,135.63,43,46.0,24,0,1104.0,Old World Delicatessen,Rene Phillips,Sales Representative,Anchorage,USA,Ipoh Coffee,16 - 500 g tins,46.0,0,1,Beverages,"Soft drinks, coffees, teas, beers, and ales",2014-10,16325.15,High Value
10706,OLDWO,8,2014-10-16,2014-11-13,2014-10-21,3,135.63,59,55.0,8,0,440.0,Old World Delicatessen,Rene Phillips,Sales Representative,Anchorage,USA,Raclette Courdavault,5 kg pkg.,55.0,0,4,Dairy Products,Cheeses,2014-10,16325.15,High Value
10707,AROUT,4,2014-10-16,2014-10-30,2014-10-23,3,21.74,55,24.0,21,0,504.0,Around the Horn,Thomas Hardy,Sales Representative,London,UK,Pâté chinois,24 boxes x 2 pies,24.0,0,6,Meat & Poultry,Prepared meats,2014-10,13806.5,High Value
10707,AROUT,4,2014-10-16,2014-10-30,2014-10-23,3,21.74,57,19.5,40,0,780.0,Around the Horn,Thomas Hardy,Sales Representative,London,UK,Ravioli Angelo,24 - 250 g pkgs.,19.5,0,5,Grains & Cereals,"Breads, crackers, pasta, and cereal",2014-10,13806.5,High Value
10707,AROUT,4,2014-10-16,2014-10-30,2014-10-23,3,21.74,70,15.0,28,0,420.0,Around the Horn,Thomas Hardy,Sales Representative,London,UK,Outback Lager,24 - 355 ml bottles,15.0,0,1,Beverages,"Soft drinks, coffees, teas, beers, and ales",2014-10,13806.5,High Value
10708,THEBI,6,2014-10-17,2014-11-28,2014-11-05,2,2.96,5,21.35,4,0,85.4,The Big Cheese,Liz Nixon,Marketing Manager,Portland,USA,Chef Anton's Gumbo Mix,36 boxes,21.35,1,2,Condiments,"Sweet and savory sauces, relishes, spreads, and seasonings",2014-10,3361.0,Low Value
10708,THEBI,6,2014-10-17,2014-11-28,2014-11-05,2,2.96,36,19.0,5,0,95.0,The Big Cheese,Liz Nixon,Marketing Manager,Portland,USA,Inlagd Sill,24 - 250 g  jars,19.0,0,8,Seafood,Seaweed and fish,2014-10,3361.0,Low Value
10709,GOURL,1,2014-10-17,2014-11-14,2014-11-20,3,210.8,8,40.0,40,0,1600.0,Gourmet Lanchonetes,André Fonseca,Sales Associate,Campinas,Brazil,Northwoods Cranberry Sauce,12 - 12 oz jars,40.0,0,2,Condiments,"Sweet and savory sauces, relishes, spreads, and seasonings",2014-10,8702.23,Medium Value
10709,GOURL,1,2014-10-17,2014-11-14,2014-11-20,3,210.8,51,53.0,28,0,1484.0,Gourmet Lanchonetes,André Fonseca,Sales Associate,Campinas,Brazil,Manjimup Dried Apples,50 - 300 g pkgs.,53.0,0,7,Produce,Dried fruit and bean curd,2014-10,8702.23,Medium Value
10709,GOURL,1,2014-10-17,2014-11-14,2014-11-20,3,210.8,60,34.0,10,0,340.0,Gourmet Lanchonetes,André Fonseca,Sales Associate,Campinas,Brazil,Camembert Pierrot,15 - 300 g rounds,34.0,0,4,Dairy Products,Cheeses,2014-10,8702.23,Medium Value
10710,FRANS,1,2014-10-20,2014-11-17,2014-10-23,1,4.98,19,9.2,5,0,46.0,Franchi S.p.A.,Paolo Accorti,Sales Representative,Torino,Italy,Teatime Chocolate Biscuits,10 boxes x 12 pieces,9.2,0,3,Confections,"Desserts, candies, and sweet breads",2014-10,1545.7,Low Value
10710,FRANS,1,2014-10-20,2014-11-17,2014-10-23,1,4.98,47,9.5,5,0,47.5,Franchi S.p.A.,Paolo Accorti,Sales Representative,Torino,Italy,Zaanse koeken,10 - 4 oz boxes,9.5,0,3,Confections,"Desserts, candies, and sweet breads",2014-10,1545.7,Low Value
10711,SAVEA,5,2014-10-21,2014-12-02,2014-10-29,2,52.41,19,9.2,12,0,110.39999999999999,Save-a-lot Markets,Jose Pavarotti,Sales Representative,Boise,USA,Teatime Chocolate Biscuits,10 boxes x 12 pieces,9.2,0,3,Confections,"Desserts, candies, and sweet breads",2014-10,115673.39,High Value
10711,SAVEA,5,2014-10-21,2014-12-02,2014-10-29,2,52.41,41,9.65,42,0,405.3,Save-a-lot Markets,Jose Pavarotti,Sales Representative,Boise,USA,Jack's New England Clam Chowder,12 - 12 oz cans,9.65,0,8,Seafood,Seaweed and fish,2014-10,115673.39,High Value
10711,SAVEA,5,2014-10-21,2014-12-02,2014-10-29,2,52.41,53,32.8,120,0,3935.9999999999995,Save-a-lot Markets,Jose Pavarotti,Sales Representative,Boise,USA,Perth Pasties,48 pieces,32.8,1,6,Meat & Poultry,Prepared meats,2014-10,115673.39,High Value
10712,HUNGO,3,2014-10-21,2014-11-18,2014-10-31,1,89.93,53,32.8,3,0,98.39999999999999,Hungry Owl All-Night Grocers,Patricia McKenna,Sales Associate,Cork,Ireland,Perth Pasties,48 pieces,32.8,1,6,Meat & Poultry,Prepared meats,2014-10,57317.39,High Value
10712,HUNGO,3,2014-10-21,2014-11-18,2014-10-31,1,89.93,56,38.0,30,0,1140.0,Hungry Owl All-Night Grocers,Patricia McKenna,Sales Associate,Cork,Ireland,Gnocchi di nonna Alice,24 - 250 g pkgs.,38.0,0,5,Grains & Cereals,"Breads, crackers, pasta, and cereal",2014-10,57317.39,High Value
10713,SAVEA,1,2014-10-22,2014-11-19,2014-10-24,1,167.05,10,31.0,18,0,558.0,Save-a-lot Markets,Jose Pavarotti,Sales Representative,Boise,USA,Ikura,12 - 200 ml jars,31.0,0,8,Seafood,Seaweed and fish,2014-10,115673.39,High Value
10713,SAVEA,1,2014-10-22,2014-11-19,2014-10-24,1,167.05,26,31.23,30,0,936.9,Save-a-lot Markets,Jose Pavarotti,Sales Representative,Boise,USA,Gumbär Gummibärchen,100 - 250 g bags,31.23,0,3,Confections,"Desserts, candies, and sweet breads",2014-10,115673.39,High Value
10713,SAVEA,1,2014-10-22,2014-11-19,2014-10-24,1,167.05,45,9.5,110,0,1045.0,Save-a-lot Markets,Jose Pavarotti,Sales Representative,Boise,USA,Rogede sild,1k pkg.,9.5,0,8,Seafood,Seaweed and fish,2014-10,115673.39,High Value
10713,SAVEA,1,2014-10-22,2014-11-19,2014-10-24,1,167.05,46,12.0,24,0,288.0,Save-a-lot Markets,Jose Pavarotti,Sales Representative,Boise,USA,Spegesild,4 - 450 g glasses,12.0,0,8,Seafood,Seaweed and fish,2014-10,115673.39,High Value
10714,SAVEA,5,2014-10-22,2014-11-19,2014-10-27,3,24.49,2,19.0,30,0,570.0,Save-a-lot Markets,Jose Pavarotti,Sales Representative,Boise,USA,Chang,24 - 12 oz bottles,19.0,0,1,Beverages,"Soft drinks, coffees, teas, beers, and ales",2014-10,115673.39,High Value
10714,SAVEA,5,2014-10-22,2014-11-19,2014-10-27,3,24.49,17,39.0,27,0,1053.0,Save-a-lot Markets,Jose Pavarotti,Sales Representative,Boise,USA,Alice Mutton,20 - 1 kg tins,39.0,1,6,Meat & Poultry,Prepared meats,2014-10,115673.39,High Value
10714,SAVEA,5,2014-10-22,2014-11-19,2014-10-27,3,24.49,47,9.5,50,0,475.0,Save-a-lot Markets,Jose Pavarotti,Sales Representative,Boise,USA,Zaanse koeken,10 - 4 oz boxes,9.5,0,3,Confections,"Desserts, candies, and sweet breads",2014-10,115673.39,High Value
10714,SAVEA,5,2014-10-22,2014-11-19,2014-10-27,3,24.49,56,38.0,18,0,684.0,Save-a-lot Markets,Jose Pavarotti,Sales Representative,Boise,USA,Gnocchi di nonna Alice,24 - 250 g pkgs.,38.0,0,5,Grains & Cereals,"Breads, crackers, pasta, and cereal",2014-10,115673.39,High Value
10714,SAVEA,5,2014-10-22,2014-11-19,2014-10-27,3,24.49,58,13.25,12,0,159.0,Save-a-lot Markets,Jose Pavarotti,Sales Representative,Boise,USA,Escargots de Bourgogne,24 pieces,13.25,0,8,Seafood,Seaweed and fish,2014-10,115673.39,High Value
10715,BONAP,3,2014-10-23,2014-11-06,2014-10-29,1,63.2,10,31.0,21,0,651.0,Bon app',Laurence Lebihan,Owner,Marseille,France,Ikura,12 - 200 ml jars,31.0,0,8,Seafood,Seaweed and fish,2014-10,22793.95,High Value
10715,BONAP,3,2014-10-23,2014-11-06,2014-10-29,1,63.2,71,21.5,30,0,645.0,Bon app',Laurence Lebihan,Owner,Marseille,France,Flotemysost,10 - 500 g pkgs.,21.5,0,4,Dairy Products,Cheeses,2014-10,22793.95,High Value
10716,RANCH,4,2014-10-24,2014-11-21,2014-10-27,2,22.57,21,10.0,5,0,50.0,Rancho grande,Sergio Gutiérrez,Sales Representative,Buenos Aires,Argentina,Sir Rodney's Scones,24 pkgs. x 4 pieces,10.0,0,3,Confections,"Desserts, candies, and sweet breads",2014-10,2768.1,Low Value
10716,RANCH,4,2014-10-24,2014-11-21,2014-10-27,2,22.57,51,53.0,7,0,371.0,Rancho grande,Sergio Gutiérrez,Sales Representative,Buenos Aires,Argentina,Manjimup Dried Apples,50 - 300 g pkgs.,53.0,0,7,Produce,Dried fruit and bean curd,2014-10,2768.1,Low Value
10716,RANCH,4,2014-10-24,2014-11-21,2014-10-27,2,22.57,61,28.5,10,0,285.0,Rancho grande,Sergio Gutiérrez,Sales Representative,Buenos Aires,Argentina,Sirop d'érable,24 - 500 ml bottles,28.5,0,2,Condiments,"Sweet and savory sauces, relishes, spreads, and seasonings",2014-10,2768.1,Low Value
10717,FRANK,1,2014-10-24,2014-11-21,2014-10-29,2,59.25,21,10.0,32,0,320.0,Frankenversand,Peter Franken,Marketing Manager,München,Germany,Sir Rodney's Scones,24 pkgs. x 4 pieces,10.0,0,3,Confections,"Desserts, candies, and sweet breads",2014-10,28722.71,High Value
10717,FRANK,1,2014-10-24,2014-11-21,2014-10-29,2,59.25,54,7.45,15,0,111.75,Frankenversand,Peter Franken,Marketing Manager,München,Germany,Tourtière,16 pies,7.45,0,6,Meat & Poultry,Prepared meats,2014-10,28722.71,High Value
10717,FRANK,1,2014-10-24,2014-11-21,2014-10-29,2,59.25,69,36.0,25,0,900.0,Frankenversand,Peter Franken,Marketing Manager,München,Germany,Gudbrandsdalsost,10 kg pkg.,36.0,0,4,Dairy Products,Cheeses,2014-10,28722.71,High Value
10718,KOENE,1,2014-10-27,2014-11-24,2014-10-29,3,170.88,12,38.0,36,0,1368.0,Königlich Essen,Philip Cramer,Sales Associate,Brandenburg,Germany,Queso Manchego La Pastora,10 - 500 g pkgs.,38.0,0,4,Dairy Products,Cheeses,2014-10,31745.75,High Value
10718,KOENE,1,2014-10-27,2014-11-24,2014-10-29,3,170.88,16,17.45,20,0,349.0,Königlich Essen,Philip Cramer,Sales Associate,Brandenburg,Germany,Pavlova,32 - 500 g boxes,17.45,0,3,Confections,"Desserts, candies, and sweet breads",2014-10,31745.75,High Value
10718,KOENE,1,2014-10-27,2014-11-24,2014-10-29,3,170.88,36,19.0,40,0,760.0,Königlich Essen,Philip Cramer,Sales Associate,Brandenburg,Germany,Inlagd Sill,24 - 250 g  jars,19.0,0,8,Seafood,Seaweed and fish,2014-10,31745.75,High Value
10718,KOENE,1,2014-10-27,2014-11-24,2014-10-29,3,170.88,62,49.3,20,0,986.0,Königlich Essen,Philip Cramer,Sales Associate,Brandenburg,Germany,Tarte au sucre,48 pies,49.3,0,3,Confections,"Desserts, candies, and sweet breads",2014-10,31745.75,High Value
10719,LETSS,8,2014-10-27,2014-11-24,2014-11-05,2,51.44,18,62.5,12,0,750.0,Let's Stop N Shop,Jaime Yorres,Owner,San Francisco,USA,Carnarvon Tigers,16 kg pkg.,62.5,0,8,Seafood,Seaweed and fish,2014-10,3490.02,Low Value
10719,LETSS,8,2014-10-27,2014-11-24,2014-11-05,2,51.44,30,25.89,3,0,77.67,Let's Stop N Shop,Jaime Yorres,Owner,San Francisco,USA,Nord-Ost Matjeshering,10 - 200 g glasses,25.89,0,8,Seafood,Seaweed and fish,2014-10,3490.02,Low Value
10719,LETSS,8,2014-10-27,2014-11-24,2014-11-05,2,51.44,54,7.45,40,0,298.0,Let's Stop N Shop,Jaime Yorres,Owner,San Francisco,USA,Tourtière,16 pies,7.45,0,6,Meat & Poultry,Prepared meats,2014-10,3490.02,Low Value
10720,QUEDE,8,2014-10-28,2014-11-11,2014-11-05,2,9.53,35,18.0,21,0,378.0,Que Delícia,Bernardo Batista,Accounting Manager,Rio de Janeiro,Brazil,Steeleye Stout,24 - 12 oz bottles,18.0,0,1,Beverages,"Soft drinks, coffees, teas, beers, and ales",2014-10,6973.63,Medium Value
10720,QUEDE,8,2014-10-28,2014-11-11,2014-11-05,2,9.53,71,21.5,8,0,172.0,Que Delícia,Bernardo Batista,Accounting Manager,Rio de Janeiro,Brazil,Flotemysost,10 - 500 g pkgs.,21.5,0,4,Dairy Products,Cheeses,2014-10,6973.63,Medium Value
10721,QUICK,5,2014-10-29,2014-11-26,2014-10-31,3,48.92,44,19.45,50,0,972.5,QUICK-Stop,Horst Kloss,Accounting Manager,Cunewalde,Germany,Gula Malacca,20 - 2 kg bags,19.45,0,2,Condiments,"Sweet and savory sauces, relishes, spreads, and seasonings",2014-10,117483.39,High Value
10722,SAVEA,8,2014-10-29,2014-12-10,2014-11-04,1,74.58,2,19.0,3,0,57.0,Save-a-lot Markets,Jose Pavarotti,Sales Representative,Boise,USA,Chang,24 - 12 oz bottles,19.0,0,1,Beverages,"Soft drinks, coffees, teas, beers, and ales",2014-10,115673.39,High Value
10722,SAVEA,8,2014-10-29,2014-12-10,2014-11-04,1,74.58,31,12.5,50,0,625.0,Save-a-lot Markets,Jose Pavarotti,Sales Representative,Boise,USA,Gorgonzola Telino,12 - 100 g pkgs,12.5,0,4,Dairy Products,Cheeses,2014-10,115673.39,High Value
10722,SAVEA,8,2014-10-29,2014-12-10,2014-11-04,1,74.58,68,12.5,45,0,562.5,Save-a-lot Markets,Jose Pavarotti,Sales Representative,Boise,USA,Scottish Longbreads,10 boxes x 8 pieces,12.5,0,3,Confections,"Desserts, candies, and sweet breads",2014-10,115673.39,High Value
10722,SAVEA,8,2014-10-29,2014-12-10,2014-11-04,1,74.58,75,7.75,42,0,325.5,Save-a-lot Markets,Jose Pavarotti,Sales Representative,Boise,USA,Rhönbräu Klosterbier,24 - 0.5 l bottles,7.75,0,1,Beverages,"Soft drinks, coffees, teas, beers, and ales",2014-10,115673.39,High Value
10723,WHITC,3,2014-10-30,2014-11-27,2014-11-25,1,21.72,26,31.23,15,0,468.45,White Clover Markets,Karl Jablonski,Owner,Seattle,USA,Gumbär Gummibärchen,100 - 250 g bags,31.23,0,3,Confections,"Desserts, candies, and sweet breads",2014-10,29073.45,High Value
10724,MEREP,8,2014-10-30,2014-12-11,2014-11-05,2,57.75,10,31.0,16,0,496.0,Mère Paillarde,Jean Fresnière,Marketing Assistant,Montréal,Canada,Ikura,12 - 200 ml jars,31.0,0,8,Seafood,Seaweed and fish,2014-10,32203.9,High Value
10724,MEREP,8,2014-10-30,2014-12-11,2014-11-05,2,57.75,61,28.5,5,0,142.5,Mère Paillarde,Jean Fresnière,Marketing Assistant,Montréal,Canada,Sirop d'érable,24 - 500 ml bottles,28.5,0,2,Condiments,"Sweet and savory sauces, relishes, spreads, and seasonings",2014-10,32203.9,High Value
10725,FAMIA,4,2014-10-31,2014-11-28,2014-11-05,3,10.83,41,9.65,12,0,115.80000000000001,Familia Arquibaldo,Aria Cruz,Marketing Assistant,Sao Paulo,Brazil,Jack's New England Clam Chowder,12 - 12 oz cans,9.65,0,8,Seafood,Seaweed and fish,2014-10,4438.9,Low Value
10725,FAMIA,4,2014-10-31,2014-11-28,2014-11-05,3,10.83,52,7.0,4,0,28.0,Familia Arquibaldo,Aria Cruz,Marketing Assistant,Sao Paulo,Brazil,Filo Mix,16 - 2 kg boxes,7.0,0,5,Grains & Cereals,"Breads, crackers, pasta, and cereal",2014-10,4438.9,Low Value
10725,FAMIA,4,2014-10-31,2014-11-28,2014-11-05,3,10.83,55,24.0,6,0,144.0,Familia Arquibaldo,Aria Cruz,Marketing Assistant,Sao Paulo,Brazil,Pâté chinois,24 boxes x 2 pies,24.0,0,6,Meat & Poultry,Prepared meats,2014-10,4438.9,Low Value
10726,EASTC,4,2014-11-03,2014-11-17,2014-12-05,1,16.56,4,22.0,25,0,550.0,Eastern Connection,Ann Devon,Sales Agent,London,UK,Chef Anton's Cajun Seasoning,48 - 6 oz jars,22.0,0,2,Condiments,"Sweet and savory sauces, relishes, spreads, and seasonings",2014-11,15033.66,High Value
10726,EASTC,4,2014-11-03,2014-11-17,2014-12-05,1,16.56,11,21.0,5,0,105.0,Eastern Connection,Ann Devon,Sales Agent,London,UK,Queso Cabrales,1 kg pkg.,21.0,0,4,Dairy Products,Cheeses,2014-11,15033.66,High Value
10727,REGGC,2,2014-11-03,2014-12-01,2014-12-05,1,89.9,17,39.0,20,0,780.0,Reggiani Caseifici,Maurizio Moroni,Sales Associate,Reggio Emilia,Italy,Alice Mutton,20 - 1 kg tins,39.0,1,6,Meat & Poultry,Prepared meats,2014-11,7047.6,Medium Value
10727,REGGC,2,2014-11-03,2014-12-01,2014-12-05,1,89.9,56,38.0,10,0,380.0,Reggiani Caseifici,Maurizio Moroni,Sales Associate,Reggio Emilia,Italy,Gnocchi di nonna Alice,24 - 250 g pkgs.,38.0,0,5,Grains & Cereals,"Breads, crackers, pasta, and cereal",2014-11,7047.6,Medium Value
10727,REGGC,2,2014-11-03,2014-12-01,2014-12-05,1,89.9,59,55.0,10,0,550.0,Reggiani Caseifici,Maurizio Moroni,Sales Associate,Reggio Emilia,Italy,Raclette Courdavault,5 kg pkg.,55.0,0,4,Dairy Products,Cheeses,2014-11,7047.6,Medium Value
10728,QUEEN,4,2014-11-04,2014-12-02,2014-11-11,2,58.33,30,25.89,15,0,388.35,Queen Cozinha,Lúcia Carvalho,Marketing Assistant,Sao Paulo,Brazil,Nord-Ost Matjeshering,10 - 200 g glasses,25.89,0,8,Seafood,Seaweed and fish,2014-11,27841.3,High Value
10728,QUEEN,4,2014-11-04,2014-12-02,2014-11-11,2,58.33,40,18.4,6,0,110.39999999999999,Queen Cozinha,Lúcia Carvalho,Marketing Assistant,Sao Paulo,Brazil,Boston Crab Meat,24 - 4 oz tins,18.4,0,8,Seafood,Seaweed and fish,2014-11,27841.3,High Value
10728,QUEEN,4,2014-11-04,2014-12-02,2014-11-11,2,58.33,55,24.0,12,0,288.0,Queen Cozinha,Lúcia Carvalho,Marketing Assistant,Sao Paulo,Brazil,Pâté chinois,24 boxes x 2 pies,24.0,0,6,Meat & Poultry,Prepared meats,2014-11,27841.3,High Value
10728,QUEEN,4,2014-11-04,2014-12-02,2014-11-11,2,58.33,60,34.0,15,0,510.0,Queen Cozinha,Lúcia Carvalho,Marketing Assistant,Sao Paulo,Brazil,Camembert Pierrot,15 - 300 g rounds,34.0,0,4,Dairy Products,Cheeses,2014-11,27841.3,High Value
10729,LINOD,8,2014-11-04,2014-12-16,2014-11-14,3,141.06,1,18.0,50,0,900.0,LINO-Delicateses,Felipe Izquierdo,Owner,I. de Margarita,Venezuela,Chai,10 boxes x 20 bags,18.0,0,1,Beverages,"Soft drinks, coffees, teas, beers, and ales",2014-11,14799.55,High Value
10729,LINOD,8,2014-11-04,2014-12-16,2014-11-14,3,141.06,21,10.0,30,0,300.0,LINO-Delicateses,Felipe Izquierdo,Owner,I. de Margarita,Venezuela,Sir Rodney's Scones,24 pkgs. x 4 pieces,10.0,0,3,Confections,"Desserts, candies, and sweet breads",2014-11,14799.55,High Value
10729,LINOD,8,2014-11-04,2014-12-16,2014-11-14,3,141.06,50,16.25,40,0,650.0,LINO-Delicateses,Felipe Izquierdo,Owner,I. de Margarita,Venezuela,Valkoinen suklaa,12 - 100 g bars,16.25,0,3,Confections,"Desserts, candies, and sweet breads",2014-11,14799.55,High Value
10730,BONAP,5,2014-11-05,2014-12-03,2014-11-14,1,20.12,16,17.45,15,0,261.75,Bon app',Laurence Lebihan,Owner,Marseille,France,Pavlova,32 - 500 g boxes,17.45,0,3,Confections,"Desserts, candies, and sweet breads",2014-11,22793.95,High Value
10730,BONAP,5,2014-11-05,2014-12-03,2014-11-14,1,20.12,31,12.5,3,0,37.5,Bon app',Laurence Lebihan,Owner,Marseille,France,Gorgonzola Telino,12 - 100 g pkgs,12.5,0,4,Dairy Products,Cheeses,2014-11,22793.95,High Value
10730,BONAP,5,2014-11-05,2014-12-03,2014-11-14,1,20.12,65,21.05,10,0,210.5,Bon app',Laurence Lebihan,Owner,Marseille,France,Louisiana Fiery Hot Pepper Sauce,32 - 8 oz bottles,21.05,0,2,Condiments,"Sweet and savory sauces, relishes, spreads, and seasonings",2014-11,22793.95,High Value
10731,CHOPS,7,2014-11-06,2014-12-04,2014-11-14,1,96.65,21,10.0,40,0,400.0,Chop-suey Chinese,Yang Wang,Owner,Bern,Switzerland,Sir Rodney's Scones,24 pkgs. x 4 pieces,10.0,0,3,Confections,"Desserts, candies, and sweet breads",2014-11,12886.3,High Value
10731,CHOPS,7,2014-11-06,2014-12-04,2014-11-14,1,96.65,51,53.0,30,0,1590.0,Chop-suey Chinese,Yang Wang,Owner,Bern,Switzerland,Manjimup Dried Apples,50 - 300 g pkgs.,53.0,0,7,Produce,Dried fruit and bean curd,2014-11,12886.3,High Value
10732,BONAP,3,2014-11-06,2014-12-04,2014-11-07,1,16.97,76,18.0,20,0,360.0,Bon app',Laurence Lebihan,Owner,Marseille,France,Lakkaliköri,500 ml,18.0,0,1,Beverages,"Soft drinks, coffees, teas, beers, and ales",2014-11,22793.95,High Value
10733,BERGS,1,2014-11-07,2014-12-05,2014-11-10,3,110.11,14,23.25,16,0,372.0,Berglunds snabbköp,Christina Berglund,Order Administrator,Luleå,Sweden,Tofu,40 - 100 g pkgs.,23.25,0,7,Produce,Dried fruit and bean curd,2014-11,26968.149999999998,High Value
10733,BERGS,1,2014-11-07,2014-12-05,2014-11-10,3,110.11,28,45.6,20,0,912.0,Berglunds snabbköp,Christina Berglund,Order Administrator,Luleå,Sweden,Rössle Sauerkraut,25 - 825 g cans,45.6,1,7,Produce,Dried fruit and bean curd,2014-11,26968.149999999998,High Value
10733,BERGS,1,2014-11-07,2014-12-05,2014-11-10,3,110.11,52,7.0,25,0,175.0,Berglunds snabbköp,Christina Berglund,Order Administrator,Luleå,Sweden,Filo Mix,16 - 2 kg boxes,7.0,0,5,Grains & Cereals,"Breads, crackers, pasta, and cereal",2014-11,26968.149999999998,High Value
10734,GOURL,2,2014-11-07,2014-12-05,2014-11-12,3,1.63,6,25.0,30,0,750.0,Gourmet Lanchonetes,André Fonseca,Sales Associate,Campinas,Brazil,Grandma's Boysenberry Spread,12 - 8 oz jars,25.0,0,2,Condiments,"Sweet and savory sauces, relishes, spreads, and seasonings",2014-11,8702.23,Medium Value
10734,GOURL,2,2014-11-07,2014-12-05,2014-11-12,3,1.63,30,25.89,15,0,388.35,Gourmet Lanchonetes,André Fonseca,Sales Associate,Campinas,Brazil,Nord-Ost Matjeshering,10 - 200 g glasses,25.89,0,8,Seafood,Seaweed and fish,2014-11,8702.23,Medium Value
10734,GOURL,2,2014-11-07,2014-12-05,2014-11-12,3,1.63,76,18.0,20,0,360.0,Gourmet Lanchonetes,André Fonseca,Sales Associate,Campinas,Brazil,Lakkaliköri,500 ml,18.0,0,1,Beverages,"Soft drinks, coffees, teas, beers, and ales",2014-11,8702.23,Medium Value
10735,LETSS,6,2014-11-10,2014-12-08,2014-11-21,2,45.97,61,28.5,20,0,570.0,Let's Stop N Shop,Jaime Yorres,Owner,San Francisco,USA,Sirop d'érable,24 - 500 ml bottles,28.5,0,2,Condiments,"Sweet and savory sauces, relishes, spreads, and seasonings",2014-11,3490.02,Low Value
10735,LETSS,6,2014-11-10,2014-12-08,2014-11-21,2,45.97,77,13.0,2,0,26.0,Let's Stop N Shop,Jaime Yorres,Owner,San Francisco,USA,Original Frankfurter Grüne Soße,12 boxes,13.0,0,2,Condiments,"Sweet and savory sauces, relishes, spreads, and seasonings",2014-11,3490.02,Low Value
10736,HUNGO,9,2014-11-11,2014-12-09,2014-11-21,2,44.1,65,21.05,40,0,842.0,Hungry Owl All-Night Grocers,Patricia McKenna,Sales Associate,Cork,Ireland,Louisiana Fiery Hot Pepper Sauce,32 - 8 oz bottles,21.05,0,2,Condiments,"Sweet and savory sauces, relishes, spreads, and seasonings",2014-11,57317.39,High Value
10736,HUNGO,9,2014-11-11,2014-12-09,2014-11-21,2,44.1,75,7.75,20,0,155.0,Hungry Owl All-Night Grocers,Patricia McKenna,Sales Associate,Cork,Ireland,Rhönbräu Klosterbier,24 - 0.5 l bottles,7.75,0,1,Beverages,"Soft drinks, coffees, teas, beers, and ales",2014-11,57317.39,High Value
10737,VINET,2,2014-11-11,2014-12-09,2014-11-18,2,7.79,13,6.0,4,0,24.0,Vins et alcools Chevalier,Paul Henriot,Accounting Manager,Reims,France,Konbu,2 kg box,6.0,0,8,Seafood,Seaweed and fish,2014-11,1480.0,Low Value
10737,VINET,2,2014-11-11,2014-12-09,2014-11-18,2,7.79,41,9.65,12,0,115.80000000000001,Vins et alcools Chevalier,Paul Henriot,Accounting Manager,Reims,France,Jack's New England Clam Chowder,12 - 12 oz cans,9.65,0,8,Seafood,Seaweed and fish,2014-11,1480.0,Low Value
10738,SPECD,2,2014-11-12,2014-12-10,2014-11-18,1,2.91,16,17.45,3,0,52.349999999999994,Spécialités du monde,Dominique Perrier,Marketing Manager,Paris,France,Pavlova,32 - 500 g boxes,17.45,0,3,Confections,"Desserts, candies, and sweet breads",2014-11,2423.35,Low Value
10739,VINET,3,2014-11-12,2014-12-10,2014-11-17,3,11.08,36,19.0,6,0,114.0,Vins et alcools Chevalier,Paul Henriot,Accounting Manager,Reims,France,Inlagd Sill,24 - 250 g  jars,19.0,0,8,Seafood,Seaweed and fish,2014-11,1480.0,Low Value
10739,VINET,3,2014-11-12,2014-12-10,2014-11-17,3,11.08,52,7.0,18,0,126.0,Vins et alcools Chevalier,Paul Henriot,Accounting Manager,Reims,France,Filo Mix,16 - 2 kg boxes,7.0,0,5,Grains & Cereals,"Breads, crackers, pasta, and cereal",2014-11,1480.0,Low Value
10740,WHITC,4,2014-11-13,2014-12-11,2014-11-25,2,81.88,28,45.6,5,0,228.0,White Clover Markets,Karl Jablonski,Owner,Seattle,USA,Rössle Sauerkraut,25 - 825 g cans,45.6,1,7,Produce,Dried fruit and bean curd,2014-11,29073.45,High Value
10740,WHITC,4,2014-11-13,2014-12-11,2014-11-25,2,81.88,35,18.0,35,0,630.0,White Clover Markets,Karl Jablonski,Owner,Seattle,USA,Steeleye Stout,24 - 12 oz bottles,18.0,0,1,Beverages,"Soft drinks, coffees, teas, beers, and ales",2014-11,29073.45,High Value
10740,WHITC,4,2014-11-13,2014-12-11,2014-11-25,2,81.88,45,9.5,40,0,380.0,White Clover Markets,Karl Jablonski,Owner,Seattle,USA,Rogede sild,1k pkg.,9.5,0,8,Seafood,Seaweed and fish,2014-11,29073.45,High Value
10740,WHITC,4,2014-11-13,2014-12-11,2014-11-25,2,81.88,56,38.0,14,0,532.0,White Clover Markets,Karl Jablonski,Owner,Seattle,USA,Gnocchi di nonna Alice,24 - 250 g pkgs.,38.0,0,5,Grains & Cereals,"Breads, crackers, pasta, and cereal",2014-11,29073.45,High Value
10741,AROUT,4,2014-11-14,2014-11-28,2014-11-18,3,10.96,2,19.0,15,0,285.0,Around the Horn,Thomas Hardy,Sales Representative,London,UK,Chang,24 - 12 oz bottles,19.0,0,1,Beverages,"Soft drinks, coffees, teas, beers, and ales",2014-11,13806.5,High Value
10742,BOTTM,3,2014-11-14,2014-12-12,2014-11-18,3,243.73,3,10.0,20,0,200.0,Bottom-Dollar Markets,Elizabeth Lincoln,Accounting Manager,Tsawassen,Canada,Aniseed Syrup,12 - 550 ml bottles,10.0,0,2,Condiments,"Sweet and savory sauces, relishes, spreads, and seasonings",2014-11,21298.2,High Value
10742,BOTTM,3,2014-11-14,2014-12-12,2014-11-18,3,243.73,60,34.0,50,0,1700.0,Bottom-Dollar Markets,Elizabeth Lincoln,Accounting Manager,Tsawassen,Canada,Camembert Pierrot,15 - 300 g rounds,34.0,0,4,Dairy Products,Cheeses,2014-11,21298.2,High Value
10742,BOTTM,3,2014-11-14,2014-12-12,2014-11-18,3,243.73,72,34.8,35,0,1218.0,Bottom-Dollar Markets,Elizabeth Lincoln,Accounting Manager,Tsawassen,Canada,Mozzarella di Giovanni,24 - 200 g pkgs.,34.8,0,4,Dairy Products,Cheeses,2014-11,21298.2,High Value
10743,AROUT,1,2014-11-17,2014-12-15,2014-11-21,2,23.72,46,12.0,28,0,336.0,Around the Horn,Thomas Hardy,Sales Representative,London,UK,Spegesild,4 - 450 g glasses,12.0,0,8,Seafood,Seaweed and fish,2014-11,13806.5,High Value
10744,VAFFE,6,2014-11-17,2014-12-15,2014-11-24,1,69.19,40,18.4,50,0,919.9999999999999,Vaffeljernet,Palle Ibsen,Sales Manager,Århus,Denmark,Boston Crab Meat,24 - 4 oz tins,18.4,0,8,Seafood,Seaweed and fish,2014-11,16643.8,High Value
10745,QUICK,9,2014-11-18,2014-12-16,2014-11-27,1,3.52,18,62.5,24,0,1500.0,QUICK-Stop,Horst Kloss,Accounting Manager,Cunewalde,Germany,Carnarvon Tigers,16 kg pkg.,62.5,0,8,Seafood,Seaweed and fish,2014-11,117483.39,High Value
10745,QUICK,9,2014-11-18,2014-12-16,2014-11-27,1,3.52,44,19.45,16,0,311.2,QUICK-Stop,Horst Kloss,Accounting Manager,Cunewalde,Germany,Gula Malacca,20 - 2 kg bags,19.45,0,2,Condiments,"Sweet and savory sauces, relishes, spreads, and seasonings",2014-11,117483.39,High Value
10745,QUICK,9,2014-11-18,2014-12-16,2014-11-27,1,3.52,59,55.0,45,0,2475.0,QUICK-Stop,Horst Kloss,Accounting Manager,Cunewalde,Germany,Raclette Courdavault,5 kg pkg.,55.0,0,4,Dairy Products,Cheeses,2014-11,117483.39,High Value
10745,QUICK,9,2014-11-18,2014-12-16,2014-11-27,1,3.52,72,34.8,7,0,243.59999999999997,QUICK-Stop,Horst Kloss,Accounting Manager,Cunewalde,Germany,Mozzarella di Giovanni,24 - 200 g pkgs.,34.8,0,4,Dairy Products,Cheeses,2014-11,117483.39,High Value
10746,CHOPS,1,2014-11-19,2014-12-17,2014-11-21,3,31.43,13,6.0,6,0,36.0,Chop-suey Chinese,Yang Wang,Owner,Bern,Switzerland,Konbu,2 kg box,6.0,0,8,Seafood,Seaweed and fish,2014-11,12886.3,High Value
10746,CHOPS,1,2014-11-19,2014-12-17,2014-11-21,3,31.43,42,14.0,28,0,392.0,Chop-suey Chinese,Yang Wang,Owner,Bern,Switzerland,Singaporean Hokkien Fried Mee,32 - 1 kg pkgs.,14.0,1,5,Grains & Cereals,"Breads, crackers, pasta, and cereal",2014-11,12886.3,High Value
10746,CHOPS,1,2014-11-19,2014-12-17,2014-11-21,3,31.43,62,49.3,9,0,443.7,Chop-suey Chinese,Yang Wang,Owner,Bern,Switzerland,Tarte au sucre,48 pies,49.3,0,3,Confections,"Desserts, candies, and sweet breads",2014-11,12886.3,High Value
10746,CHOPS,1,2014-11-19,2014-12-17,2014-11-21,3,31.43,69,36.0,40,0,1440.0,Chop-suey Chinese,Yang Wang,Owner,Bern,Switzerland,Gudbrandsdalsost,10 kg pkg.,36.0,0,4,Dairy Products,Cheeses,2014-11,12886.3,High Value
10747,PICCO,6,2014-11-19,2014-12-17,2014-11-26,1,117.33,31,12.5,8,0,100.0,Piccolo und mehr,Georg Pipps,Sales Manager,Salzburg,Austria,Gorgonzola Telino,12 - 100 g pkgs,12.5,0,4,Dairy Products,Cheeses,2014-11,26259.95,High Value
10747,PICCO,6,2014-11-19,2014-12-17,2014-11-26,1,117.33,41,9.65,35,0,337.75,Piccolo und mehr,Georg Pipps,Sales Manager,Salzburg,Austria,Jack's New England Clam Chowder,12 - 12 oz cans,9.65,0,8,Seafood,Seaweed and fish,2014-11,26259.95,High Value
10747,PICCO,6,2014-11-19,2014-12-17,2014-11-26,1,117.33,63,43.9,9,0,395.09999999999997,Piccolo und mehr,Georg Pipps,Sales Manager,Salzburg,Austria,Vegie-spread,15 - 625 g jars,43.9,0,2,Condiments,"Sweet and savory sauces, relishes, spreads, and seasonings",2014-11,26259.95,High Value
10747,PICCO,6,2014-11-19,2014-12-17,2014-11-26,1,117.33,69,36.0,30,0,1080.0,Piccolo und mehr,Georg Pipps,Sales Manager,Salzburg,Austria,Gudbrandsdalsost,10 kg pkg.,36.0,0,4,Dairy Products,Cheeses,2014-11,26259.95,High Value
10748,SAVEA,3,2014-11-20,2014-12-18,2014-11-28,1,232.55,23,9.0,44,0,396.0,Save-a-lot Markets,Jose Pavarotti,Sales Representative,Boise,USA,Tunnbröd,12 - 250 g pkgs.,9.0,0,5,Grains & Cereals,"Breads, crackers, pasta, and cereal",2014-11,115673.39,High Value
10748,SAVEA,3,2014-11-20,2014-12-18,2014-11-28,1,232.55,40,18.4,40,0,736.0,Save-a-lot Markets,Jose Pavarotti,Sales Representative,Boise,USA,Boston Crab Meat,24 - 4 oz tins,18.4,0,8,Seafood,Seaweed and fish,2014-11,115673.39,High Value
10748,SAVEA,3,2014-11-20,2014-12-18,2014-11-28,1,232.55,56,38.0,28,0,1064.0,Save-a-lot Markets,Jose Pavarotti,Sales Representative,Boise,USA,Gnocchi di nonna Alice,24 - 250 g pkgs.,38.0,0,5,Grains & Cereals,"Breads, crackers, pasta, and cereal",2014-11,115673.39,High Value
10749,ISLAT,4,2014-11-20,2014-12-18,2014-12-19,2,61.53,56,38.0,15,0,570.0,Island Trading,Helen Bennett,Marketing Manager,Cowes,UK,Gnocchi di nonna Alice,24 - 250 g pkgs.,38.0,0,5,Grains & Cereals,"Breads, crackers, pasta, and cereal",2014-11,6146.3,Medium Value
10749,ISLAT,4,2014-11-20,2014-12-18,2014-12-19,2,61.53,59,55.0,6,0,330.0,Island Trading,Helen Bennett,Marketing Manager,Cowes,UK,Raclette Courdavault,5 kg pkg.,55.0,0,4,Dairy Products,Cheeses,2014-11,6146.3,Medium Value
10749,ISLAT,4,2014-11-20,2014-12-18,2014-12-19,2,61.53,76,18.0,10,0,180.0,Island Trading,Helen Bennett,Marketing Manager,Cowes,UK,Lakkaliköri,500 ml,18.0,0,1,Beverages,"Soft drinks, coffees, teas, beers, and ales",2014-11,6146.3,Medium Value
10750,WARTH,9,2014-11-21,2014-12-19,2014-11-24,1,79.3,14,23.25,5,0,116.25,Wartian Herkku,Pirkko Koskitalo,Accounting Manager,Oulu,Finland,Tofu,40 - 100 g pkgs.,23.25,0,7,Produce,Dried fruit and bean curd,2014-11,16617.1,High Value
10750,WARTH,9,2014-11-21,2014-12-19,2014-11-24,1,79.3,45,9.5,40,0,380.0,Wartian Herkku,Pirkko Koskitalo,Accounting Manager,Oulu,Finland,Rogede sild,1k pkg.,9.5,0,8,Seafood,Seaweed and fish,2014-11,16617.1,High Value
10750,WARTH,9,2014-11-21,2014-12-19,2014-11-24,1,79.3,59,55.0,25,0,1375.0,Wartian Herkku,Pirkko Koskitalo,Accounting Manager,Oulu,Finland,Raclette Courdavault,5 kg pkg.,55.0,0,4,Dairy Products,Cheeses,2014-11,16617.1,High Value
10751,RICSU,3,2014-11-24,2014-12-22,2014-12-03,3,130.79,26,31.23,12,0,374.76,Richter Supermarkt,Michael Holz,Sales Manager,Genève,Switzerland,Gumbär Gummibärchen,100 - 250 g bags,31.23,0,3,Confections,"Desserts, candies, and sweet breads",2014-11,19447.2,High Value
10751,RICSU,3,2014-11-24,2014-12-22,2014-12-03,3,130.79,30,25.89,30,0,776.7,Richter Supermarkt,Michael Holz,Sales Manager,Genève,Switzerland,Nord-Ost Matjeshering,10 - 200 g glasses,25.89,0,8,Seafood,Seaweed and fish,2014-11,19447.2,High Value
10751,RICSU,3,2014-11-24,2014-12-22,2014-12-03,3,130.79,50,16.25,20,0,325.0,Richter Supermarkt,Michael Holz,Sales Manager,Genève,Switzerland,Valkoinen suklaa,12 - 100 g bars,16.25,0,3,Confections,"Desserts, candies, and sweet breads",2014-11,19447.2,High Value
10751,RICSU,3,2014-11-24,2014-12-22,2014-12-03,3,130.79,73,15.0,15,0,225.0,Richter Supermarkt,Michael Holz,Sales Manager,Genève,Switzerland,Röd Kaviar,24 - 150 g jars,15.0,0,8,Seafood,Seaweed and fish,2014-11,19447.2,High Value
10752,NORTS,2,2014-11-24,2014-12-22,2014-11-28,3,1.39,1,18.0,8,0,144.0,North/South,Simon Crowther,Sales Associate,London,UK,Chai,10 boxes x 20 bags,18.0,0,1,Beverages,"Soft drinks, coffees, teas, beers, and ales",2014-11,649.0,Low Value
10752,NORTS,2,2014-11-24,2014-12-22,2014-11-28,3,1.39,69,36.0,3,0,108.0,North/South,Simon Crowther,Sales Associate,London,UK,Gudbrandsdalsost,10 kg pkg.,36.0,0,4,Dairy Products,Cheeses,2014-11,649.0,Low Value
10753,FRANS,3,2014-11-25,2014-12-23,2014-11-27,1,7.7,45,9.5,4,0,38.0,Franchi S.p.A.,Paolo Accorti,Sales Representative,Torino,Italy,Rogede sild,1k pkg.,9.5,0,8,Seafood,Seaweed and fish,2014-11,1545.7,Low Value
10753,FRANS,3,2014-11-25,2014-12-23,2014-11-27,1,7.7,74,10.0,5,0,50.0,Franchi S.p.A.,Paolo Accorti,Sales Representative,Torino,Italy,Longlife Tofu,5 kg pkg.,10.0,0,7,Produce,Dried fruit and bean curd,2014-11,1545.7,Low Value
10754,MAGAA,6,2014-11-25,2014-12-23,2014-11-27,3,2.38,40,18.4,3,0,55.199999999999996,Magazzini Alimentari Riuniti,Giovanni Rovelli,Marketing Manager,Bergamo,Italy,Boston Crab Meat,24 - 4 oz tins,18.4,0,8,Seafood,Seaweed and fish,2014-11,7603.85,Medium Value
10755,BONAP,4,2014-11-26,2014-12-24,2014-11-28,2,16.71,47,9.5,30,0,285.0,Bon app',Laurence Lebihan,Owner,Marseille,France,Zaanse koeken,10 - 4 oz boxes,9.5,0,3,Confections,"Desserts, candies, and sweet breads",2014-11,22793.95,High Value
10755,BONAP,4,2014-11-26,2014-12-24,2014-11-28,2,16.71,56,38.0,30,0,1140.0,Bon app',Laurence Lebihan,Owner,Marseille,France,Gnocchi di nonna Alice,24 - 250 g pkgs.,38.0,0,5,Grains & Cereals,"Breads, crackers, pasta, and cereal",2014-11,22793.95,High Value
10755,BONAP,4,2014-11-26,2014-12-24,2014-11-28,2,16.71,57,19.5,14,0,273.0,Bon app',Laurence Lebihan,Owner,Marseille,France,Ravioli Angelo,24 - 250 g pkgs.,19.5,0,5,Grains & Cereals,"Breads, crackers, pasta, and cereal",2014-11,22793.95,High Value
10755,BONAP,4,2014-11-26,2014-12-24,2014-11-28,2,16.71,69,36.0,25,0,900.0,Bon app',Laurence Lebihan,Owner,Marseille,France,Gudbrandsdalsost,10 kg pkg.,36.0,0,4,Dairy Products,Cheeses,2014-11,22793.95,High Value
10756,SPLIR,8,2014-11-27,2014-12-25,2014-12-02,2,73.21,18,62.5,21,0,1312.5,Split Rail Beer & Ale,Art Braunschweiger,Sales Manager,Lander,USA,Carnarvon Tigers,16 kg pkg.,62.5,0,8,Seafood,Seaweed and fish,2014-11,12489.7,High Value
10756,SPLIR,8,2014-11-27,2014-12-25,2014-12-02,2,73.21,36,19.0,20,0,380.0,Split Rail Beer & Ale,Art Braunschweiger,Sales Manager,Lander,USA,Inlagd Sill,24 - 250 g  jars,19.0,0,8,Seafood,Seaweed and fish,2014-11,12489.7,High Value
10756,SPLIR,8,2014-11-27,2014-12-25,2014-12-02,2,73.21,68,12.5,6,0,75.0,Split Rail Beer & Ale,Art Braunschweiger,Sales Manager,Lander,USA,Scottish Longbreads,10 boxes x 8 pieces,12.5,0,3,Confections,"Desserts, candies, and sweet breads",2014-11,12489.7,High Value
10756,SPLIR,8,2014-11-27,2014-12-25,2014-12-02,2,73.21,69,36.0,20,0,720.0,Split Rail Beer & Ale,Art Braunschweiger,Sales Manager,Lander,USA,Gudbrandsdalsost,10 kg pkg.,36.0,0,4,Dairy Products,Cheeses,2014-11,12489.7,High Value
10757,SAVEA,6,2014-11-27,2014-12-25,2014-12-15,1,8.19,34,14.0,30,0,420.0,Save-a-lot Markets,Jose Pavarotti,Sales Representative,Boise,USA,Sasquatch Ale,24 - 12 oz bottles,14.0,0,1,Beverages,"Soft drinks, coffees, teas, beers, and ales",2014-11,115673.39,High Value
10757,SAVEA,6,2014-11-27,2014-12-25,2014-12-15,1,8.19,59,55.0,7,0,385.0,Save-a-lot Markets,Jose Pavarotti,Sales Representative,Boise,USA,Raclette Courdavault,5 kg pkg.,55.0,0,4,Dairy Products,Cheeses,2014-11,115673.39,High Value
10757,SAVEA,6,2014-11-27,2014-12-25,2014-12-15,1,8.19,62,49.3,30,0,1479.0,Save-a-lot Markets,Jose Pavarotti,Sales Representative,Boise,USA,Tarte au sucre,48 pies,49.3,0,3,Confections,"Desserts, candies, and sweet breads",2014-11,115673.39,High Value
10757,SAVEA,6,2014-11-27,2014-12-25,2014-12-15,1,8.19,64,33.25,24,0,798.0,Save-a-lot Markets,Jose Pavarotti,Sales Representative,Boise,USA,Wimmers gute Semmelknödel,20 bags x 4 pieces,33.25,0,5,Grains & Cereals,"Breads, crackers, pasta, and cereal",2014-11,115673.39,High Value
10758,RICSU,3,2014-11-28,2014-12-26,2014-12-04,3,138.17,26,31.23,20,0,624.6,Richter Supermarkt,Michael Holz,Sales Manager,Genève,Switzerland,Gumbär Gummibärchen,100 - 250 g bags,31.23,0,3,Confections,"Desserts, candies, and sweet breads",2014-11,19447.2,High Value
10758,RICSU,3,2014-11-28,2014-12-26,2014-12-04,3,138.17,52,7.0,60,0,420.0,Richter Supermarkt,Michael Holz,Sales Manager,Genève,Switzerland,Filo Mix,16 - 2 kg boxes,7.0,0,5,Grains & Cereals,"Breads, crackers, pasta, and cereal",2014-11,19447.2,High Value
10758,RICSU,3,2014-11-28,2014-12-26,2014-12-04,3,138.17,70,15.0,40,0,600.0,Richter Supermarkt,Michael Holz,Sales Manager,Genève,Switzerland,Outback Lager,24 - 355 ml bottles,15.0,0,1,Beverages,"Soft drinks, coffees, teas, beers, and ales",2014-11,19447.2,High Value
10759,ANATR,3,2014-11-28,2014-12-26,2014-12-12,3,11.99,32,32.0,10,0,320.0,Ana Trujillo Emparedados y helados,Ana Trujillo,Owner,Mexico City,Mexico,Mascarpone Fabioli,24 - 200 g pkgs.,32.0,0,4,Dairy Products,Cheeses,2014-11,1402.95,Low Value
10760,MAISD,4,2014-12-01,2014-12-29,2014-12-10,1,155.64,25,14.0,12,0,168.0,Maison Dewey,Catherine Dewey,Sales Agent,Bruxelles,Belgium,NuNuCa Nuß-Nougat-Creme,20 - 450 g glasses,14.0,0,3,Confections,"Desserts, candies, and sweet breads",2014-12,10430.58,High Value
10760,MAISD,4,2014-12-01,2014-12-29,2014-12-10,1,155.64,27,43.9,40,0,1756.0,Maison Dewey,Catherine Dewey,Sales Agent,Bruxelles,Belgium,Schoggi Schokolade,100 - 100 g pieces,43.9,0,3,Confections,"Desserts, candies, and sweet breads",2014-12,10430.58,High Value
10760,MAISD,4,2014-12-01,2014-12-29,2014-12-10,1,155.64,43,46.0,30,0,1380.0,Maison Dewey,Catherine Dewey,Sales Agent,Bruxelles,Belgium,Ipoh Coffee,16 - 500 g tins,46.0,0,1,Beverages,"Soft drinks, coffees, teas, beers, and ales",2014-12,10430.58,High Value
10761,RATTC,5,2014-12-02,2014-12-30,2014-12-08,2,18.66,25,14.0,35,0,490.0,Rattlesnake Canyon Grocery,Paula Wilson,Assistant Sales Representative,Albuquerque,USA,NuNuCa Nuß-Nougat-Creme,20 - 450 g glasses,14.0,0,3,Confections,"Desserts, candies, and sweet breads",2014-12,50871.3,High Value
10761,RATTC,5,2014-12-02,2014-12-30,2014-12-08,2,18.66,75,7.75,18,0,139.5,Rattlesnake Canyon Grocery,Paula Wilson,Assistant Sales Representative,Albuquerque,USA,Rhönbräu Klosterbier,24 - 0.5 l bottles,7.75,0,1,Beverages,"Soft drinks, coffees, teas, beers, and ales",2014-12,50871.3,High Value
10762,FOLKO,3,2014-12-02,2014-12-30,2014-12-09,1,328.74,39,18.0,16,0,288.0,Folk och fä HB,Maria Larsson,Owner,Bräcke,Sweden,Chartreuse verte,750 cc per bottle,18.0,0,1,Beverages,"Soft drinks, coffees, teas, beers, and ales",2014-12,32555.55,High Value
10762,FOLKO,3,2014-12-02,2014-12-30,2014-12-09,1,328.74,47,9.5,30,0,285.0,Folk och fä HB,Maria Larsson,Owner,Bräcke,Sweden,Zaanse koeken,10 - 4 oz boxes,9.5,0,3,Confections,"Desserts, candies, and sweet breads",2014-12,32555.55,High Value
10762,FOLKO,3,2014-12-02,2014-12-30,2014-12-09,1,328.74,51,53.0,28,0,1484.0,Folk och fä HB,Maria Larsson,Owner,Bräcke,Sweden,Manjimup Dried Apples,50 - 300 g pkgs.,53.0,0,7,Produce,Dried fruit and bean curd,2014-12,32555.55,High Value
10762,FOLKO,3,2014-12-02,2014-12-30,2014-12-09,1,328.74,56,38.0,60,0,2280.0,Folk och fä HB,Maria Larsson,Owner,Bräcke,Sweden,Gnocchi di nonna Alice,24 - 250 g pkgs.,38.0,0,5,Grains & Cereals,"Breads, crackers, pasta, and cereal",2014-12,32555.55,High Value
10763,FOLIG,3,2014-12-03,2014-12-31,2014-12-08,3,37.35,21,10.0,40,0,400.0,Folies gourmandes,Martine Rancé,Assistant Sales Agent,Lille,France,Sir Rodney's Scones,24 pkgs. x 4 pieces,10.0,0,3,Confections,"Desserts, candies, and sweet breads",2014-12,11666.9,High Value
10763,FOLIG,3,2014-12-03,2014-12-31,2014-12-08,3,37.35,22,21.0,6,0,126.0,Folies gourmandes,Martine Rancé,Assistant Sales Agent,Lille,France,Gustaf's Knackebröd,24 - 500 g pkgs.,21.0,0,5,Grains & Cereals,"Breads, crackers, pasta, and cereal",2014-12,11666.9,High Value
10763,FOLIG,3,2014-12-03,2014-12-31,2014-12-08,3,37.35,24,4.5,20,0,90.0,Folies gourmandes,Martine Rancé,Assistant Sales Agent,Lille,France,Guarana Fantastica,12 - 355 ml cans,4.5,1,1,Beverages,"Soft drinks, coffees, teas, beers, and ales",2014-12,11666.9,High Value
10764,ERNSH,6,2014-12-03,2014-12-31,2014-12-08,3,145.45,3,10.0,20,0,200.0,Ernst Handel,Roland Mendel,Sales Manager,Graz,Austria,Aniseed Syrup,12 - 550 ml bottles,10.0,0,2,Condiments,"Sweet and savory sauces, relishes, spreads, and seasonings",2014-12,103115.18,High Value
10764,ERNSH,6,2014-12-03,2014-12-31,2014-12-08,3,145.45,39,18.0,130,0,2340.0,Ernst Handel,Roland Mendel,Sales Manager,Graz,Austria,Chartreuse verte,750 cc per bottle,18.0,0,1,Beverages,"Soft drinks, coffees, teas, beers, and ales",2014-12,103115.18,High Value
10765,QUICK,3,2014-12-04,2015-01-01,2014-12-09,3,42.74,65,21.05,80,0,1684.0,QUICK-Stop,Horst Kloss,Accounting Manager,Cunewalde,Germany,Louisiana Fiery Hot Pepper Sauce,32 - 8 oz bottles,21.05,0,2,Condiments,"Sweet and savory sauces, relishes, spreads, and seasonings",2014-12,117483.39,High Value
10766,OTTIK,4,2014-12-05,2015-01-02,2014-12-09,1,157.55,2,19.0,40,0,760.0,Ottilies Käseladen,Henriette Pfalzheim,Owner,Köln,Germany,Chang,24 - 12 oz bottles,19.0,0,1,Beverages,"Soft drinks, coffees, teas, beers, and ales",2014-12,13157.5,High Value
10766,OTTIK,4,2014-12-05,2015-01-02,2014-12-09,1,157.55,7,30.0,35,0,1050.0,Ottilies Käseladen,Henriette Pfalzheim,Owner,Köln,Germany,Uncle Bob's Organic Dried Pears,12 - 1 lb pkgs.,30.0,0,7,Produce,Dried fruit and bean curd,2014-12,13157.5,High Value
10766,OTTIK,4,2014-12-05,2015-01-02,2014-12-09,1,157.55,68,12.5,40,0,500.0,Ottilies Käseladen,Henriette Pfalzheim,Owner,Köln,Germany,Scottish Longbreads,10 boxes x 8 pieces,12.5,0,3,Confections,"Desserts, candies, and sweet breads",2014-12,13157.5,High Value
10767,SUPRD,4,2014-12-05,2015-01-02,2014-12-15,3,1.59,42,14.0,2,0,28.0,Suprêmes délices,Pascale Cartrain,Accounting Manager,Charleroi,Belgium,Singaporean Hokkien Fried Mee,32 - 1 kg pkgs.,14.0,1,5,Grains & Cereals,"Breads, crackers, pasta, and cereal",2014-12,24704.4,High Value
10768,AROUT,3,2014-12-08,2015-01-05,2014-12-15,2,146.32,22,21.0,4,0,84.0,Around the Horn,Thomas Hardy,Sales Representative,London,UK,Gustaf's Knackebröd,24 - 500 g pkgs.,21.0,0,5,Grains & Cereals,"Breads, crackers, pasta, and cereal",2014-12,13806.5,High Value
10768,AROUT,3,2014-12-08,2015-01-05,2014-12-15,2,146.32,31,12.5,50,0,625.0,Around the Horn,Thomas Hardy,Sales Representative,London,UK,Gorgonzola Telino,12 - 100 g pkgs,12.5,0,4,Dairy Products,Cheeses,2014-12,13806.5,High Value
10768,AROUT,3,2014-12-08,2015-01-05,2014-12-15,2,146.32,60,34.0,15,0,510.0,Around the Horn,Thomas Hardy,Sales Representative,London,UK,Camembert Pierrot,15 - 300 g rounds,34.0,0,4,Dairy Products,Cheeses,2014-12,13806.5,High Value
10768,AROUT,3,2014-12-08,2015-01-05,2014-12-15,2,146.32,71,21.5,12,0,258.0,Around the Horn,Thomas Hardy,Sales Representative,London,UK,Flotemysost,10 - 500 g pkgs.,21.5,0,4,Dairy Products,Cheeses,2014-12,13806.5,High Value
10769,VAFFE,3,2014-12-08,2015-01-05,2014-12-12,1,65.06,41,9.65,30,0,289.5,Vaffeljernet,Palle Ibsen,Sales Manager,Århus,Denmark,Jack's New England Clam Chowder,12 - 12 oz cans,9.65,0,8,Seafood,Seaweed and fish,2014-12,16643.8,High Value
10769,VAFFE,3,2014-12-08,2015-01-05,2014-12-12,1,65.06,52,7.0,15,0,105.0,Vaffeljernet,Palle Ibsen,Sales Manager,Århus,Denmark,Filo Mix,16 - 2 kg boxes,7.0,0,5,Grains & Cereals,"Breads, crackers, pasta, and cereal",2014-12,16643.8,High Value
10769,VAFFE,3,2014-12-08,2015-01-05,2014-12-12,1,65.06,61,28.5,20,0,570.0,Vaffeljernet,Palle Ibsen,Sales Manager,Århus,Denmark,Sirop d'érable,24 - 500 ml bottles,28.5,0,2,Condiments,"Sweet and savory sauces, relishes, spreads, and seasonings",2014-12,16643.8,High Value
10769,VAFFE,3,2014-12-08,2015-01-05,2014-12-12,1,65.06,62,49.3,15,0,739.5,Vaffeljernet,Palle Ibsen,Sales Manager,Århus,Denmark,Tarte au sucre,48 pies,49.3,0,3,Confections,"Desserts, candies, and sweet breads",2014-12,16643.8,High Value
10770,HANAR,8,2014-12-09,2015-01-06,2014-12-17,3,5.32,11,21.0,15,0,315.0,Hanari Carnes,Mario Pontes,Accounting Manager,Rio de Janeiro,Brazil,Queso Cabrales,1 kg pkg.,21.0,0,4,Dairy Products,Cheeses,2014-12,34101.15,High Value
10771,ERNSH,9,2014-12-10,2015-01-07,2015-01-02,2,11.19,71,21.5,16,0,344.0,Ernst Handel,Roland Mendel,Sales Manager,Graz,Austria,Flotemysost,10 - 500 g pkgs.,21.5,0,4,Dairy Products,Cheeses,2014-12,103115.18,High Value
10772,LEHMS,3,2014-12-10,2015-01-07,2014-12-19,2,91.28,29,123.79,18,0,2228.2200000000003,Lehmanns Marktstand,Renate Messner,Sales Representative,Frankfurt a.M.,Germany,Thüringer Rostbratwurst,50 bags x 30 sausgs.,123.79,1,6,Meat & Poultry,Prepared meats,2014-12,19408.52,High Value
10772,LEHMS,3,2014-12-10,2015-01-07,2014-12-19,2,91.28,59,55.0,25,0,1375.0,Lehmanns Marktstand,Renate Messner,Sales Representative,Frankfurt a.M.,Germany,Raclette Courdavault,5 kg pkg.,55.0,0,4,Dairy Products,Cheeses,2014-12,19408.52,High Value
10773,ERNSH,1,2014-12-11,2015-01-08,2014-12-16,3,96.43,17,39.0,33,0,1287.0,Ernst Handel,Roland Mendel,Sales Manager,Graz,Austria,Alice Mutton,20 - 1 kg tins,39.0,1,6,Meat & Poultry,Prepared meats,2014-12,103115.18,High Value
10773,ERNSH,1,2014-12-11,2015-01-08,2014-12-16,3,96.43,31,12.5,70,0,875.0,Ernst Handel,Roland Mendel,Sales Manager,Graz,Austria,Gorgonzola Telino,12 - 100 g pkgs,12.5,0,4,Dairy Products,Cheeses,2014-12,103115.18,High Value
10773,ERNSH,1,2014-12-11,2015-01-08,2014-12-16,3,96.43,75,7.75,7,0,54.25,Ernst Handel,Roland Mendel,Sales Manager,Graz,Austria,Rhönbräu Klosterbier,24 - 0.5 l bottles,7.75,0,1,Beverages,"Soft drinks, coffees, teas, beers, and ales",2014-12,103115.18,High Value
10774,FOLKO,4,2014-12-11,2014-12-25,2014-12-12,1,48.2,31,12.5,2,0,25.0,Folk och fä HB,Maria Larsson,Owner,Bräcke,Sweden,Gorgonzola Telino,12 - 100 g pkgs,12.5,0,4,Dairy Products,Cheeses,2014-12,32555.55,High Value
10774,FOLKO,4,2014-12-11,2014-12-25,2014-12-12,1,48.2,66,17.0,50,0,850.0,Folk och fä HB,Maria Larsson,Owner,Bräcke,Sweden,Louisiana Hot Spiced Okra,24 - 8 oz jars,17.0,0,2,Condiments,"Sweet and savory sauces, relishes, spreads, and seasonings",2014-12,32555.55,High Value
10775,THECR,7,2014-12-12,2015-01-09,2014-12-26,1,20.25,10,31.0,6,0,186.0,The Cracker Box,Liu Wong,Marketing Assistant,Butte,USA,Ikura,12 - 200 ml jars,31.0,0,8,Seafood,Seaweed and fish,2014-12,1947.24,Low Value
10775,THECR,7,2014-12-12,2015-01-09,2014-12-26,1,20.25,67,14.0,3,0,42.0,The Cracker Box,Liu Wong,Marketing Assistant,Butte,USA,Laughing Lumberjack Lager,24 - 12 oz bottles,14.0,0,1,Beverages,"Soft drinks, coffees, teas, beers, and ales",2014-12,1947.24,Low Value
10776,ERNSH,1,2014-12-15,2015-01-12,2014-12-18,3,351.53,31,12.5,16,0,200.0,Ernst Handel,Roland Mendel,Sales Manager,Graz,Austria,Gorgonzola Telino,12 - 100 g pkgs,12.5,0,4,Dairy Products,Cheeses,2014-12,103115.18,High Value
10776,ERNSH,1,2014-12-15,2015-01-12,2014-12-18,3,351.53,42,14.0,12,0,168.0,Ernst Handel,Roland Mendel,Sales Manager,Graz,Austria,Singaporean Hokkien Fried Mee,32 - 1 kg pkgs.,14.0,1,5,Grains & Cereals,"Breads, crackers, pasta, and cereal",2014-12,103115.18,High Value
10776,ERNSH,1,2014-12-15,2015-01-12,2014-12-18,3,351.53,45,9.5,27,0,256.5,Ernst Handel,Roland Mendel,Sales Manager,Graz,Austria,Rogede sild,1k pkg.,9.5,0,8,Seafood,Seaweed and fish,2014-12,103115.18,High Value
10776,ERNSH,1,2014-12-15,2015-01-12,2014-12-18,3,351.53,51,53.0,120,0,6360.0,Ernst Handel,Roland Mendel,Sales Manager,Graz,Austria,Manjimup Dried Apples,50 - 300 g pkgs.,53.0,0,7,Produce,Dried fruit and bean curd,2014-12,103115.18,High Value
10777,GOURL,7,2014-12-15,2014-12-29,2015-01-21,2,3.01,42,14.0,20,0,280.0,Gourmet Lanchonetes,André Fonseca,Sales Associate,Campinas,Brazil,Singaporean Hokkien Fried Mee,32 - 1 kg pkgs.,14.0,1,5,Grains & Cereals,"Breads, crackers, pasta, and cereal",2014-12,8702.23,Medium Value
10778,BERGS,3,2014-12-16,2015-01-13,2014-12-24,1,6.79,41,9.65,10,0,96.5,Berglunds snabbköp,Christina Berglund,Order Administrator,Luleå,Sweden,Jack's New England Clam Chowder,12 - 12 oz cans,9.65,0,8,Seafood,Seaweed and fish,2014-12,26968.149999999998,High Value
10779,MORGK,3,2014-12-16,2015-01-13,2015-01-14,2,58.13,16,17.45,20,0,349.0,Morgenstern Gesundkost,Alexander Feuer,Marketing Assistant,Leipzig,Germany,Pavlova,32 - 500 g boxes,17.45,0,3,Confections,"Desserts, candies, and sweet breads",2014-12,5042.2,Medium Value
10779,MORGK,3,2014-12-16,2015-01-13,2015-01-14,2,58.13,62,49.3,20,0,986.0,Morgenstern Gesundkost,Alexander Feuer,Marketing Assistant,Leipzig,Germany,Tarte au sucre,48 pies,49.3,0,3,Confections,"Desserts, candies, and sweet breads",2014-12,5042.2,Medium Value
10780,LILAS,2,2014-12-16,2014-12-30,2014-12-25,1,42.13,70,15.0,35,0,525.0,LILA-Supermercado,Carlos González,Accounting Manager,Barquisimeto,Venezuela,Outback Lager,24 - 355 ml bottles,15.0,0,1,Beverages,"Soft drinks, coffees, teas, beers, and ales",2014-12,17062.5,High Value
10780,LILAS,2,2014-12-16,2014-12-30,2014-12-25,1,42.13,77,13.0,15,0,195.0,LILA-Supermercado,Carlos González,Accounting Manager,Barquisimeto,Venezuela,Original Frankfurter Grüne Soße,12 boxes,13.0,0,2,Condiments,"Sweet and savory sauces, relishes, spreads, and seasonings",2014-12,17062.5,High Value
10781,WARTH,2,2014-12-17,2015-01-14,2014-12-19,3,73.16,54,7.45,3,0,22.35,Wartian Herkku,Pirkko Koskitalo,Accounting Manager,Oulu,Finland,Tourtière,16 pies,7.45,0,6,Meat & Poultry,Prepared meats,2014-12,16617.1,High Value
10781,WARTH,2,2014-12-17,2015-01-14,2014-12-19,3,73.16,56,38.0,20,0,760.0,Wartian Herkku,Pirkko Koskitalo,Accounting Manager,Oulu,Finland,Gnocchi di nonna Alice,24 - 250 g pkgs.,38.0,0,5,Grains & Cereals,"Breads, crackers, pasta, and cereal",2014-12,16617.1,High Value
10781,WARTH,2,2014-12-17,2015-01-14,2014-12-19,3,73.16,74,10.0,35,0,350.0,Wartian Herkku,Pirkko Koskitalo,Accounting Manager,Oulu,Finland,Longlife Tofu,5 kg pkg.,10.0,0,7,Produce,Dried fruit and bean curd,2014-12,16617.1,High Value
10782,CACTU,9,2014-12-17,2015-01-14,2014-12-22,3,1.1,31,12.5,1,0,12.5,Cactus Comidas para llevar,Patricio Simpson,Sales Agent,Buenos Aires,Argentina,Gorgonzola Telino,12 - 100 g pkgs,12.5,0,4,Dairy Products,Cheeses,2014-12,1509.8,Low Value
10783,HANAR,4,2014-12-18,2015-01-15,2014-12-19,2,124.98,31,12.5,10,0,125.0,Hanari Carnes,Mario Pontes,Accounting Manager,Rio de Janeiro,Brazil,Gorgonzola Telino,12 - 100 g pkgs,12.5,0,4,Dairy Products,Cheeses,2014-12,34101.15,High Value
10783,HANAR,4,2014-12-18,2015-01-15,2014-12-19,2,124.98,38,263.5,5,0,1317.5,Hanari Carnes,Mario Pontes,Accounting Manager,Rio de Janeiro,Brazil,Côte de Blaye,12 - 75 cl bottles,263.5,0,1,Beverages,"Soft drinks, coffees, teas, beers, and ales",2014-12,34101.15,High Value
10784,MAGAA,4,2014-12-18,2015-01-15,2014-12-22,3,70.09,36,19.0,30,0,570.0,Magazzini Alimentari Riuniti,Giovanni Rovelli,Marketing Manager,Bergamo,Italy,Inlagd Sill,24 - 250 g  jars,19.0,0,8,Seafood,Seaweed and fish,2014-12,7603.85,Medium Value
10784,MAGAA,4,2014-12-18,2015-01-15,2014-12-22,3,70.09,39,18.0,2,0,36.0,Magazzini Alimentari Riuniti,Giovanni Rovelli,Marketing Manager,Bergamo,Italy,Chartreuse verte,750 cc per bottle,18.0,0,1,Beverages,"Soft drinks, coffees, teas, beers, and ales",2014-12,7603.85,Medium Value
10784,MAGAA,4,2014-12-18,2015-01-15,2014-12-22,3,70.09,72,34.8,30,0,1044.0,Magazzini Alimentari Riuniti,Giovanni Rovelli,Marketing Manager,Bergamo,Italy,Mozzarella di Giovanni,24 - 200 g pkgs.,34.8,0,4,Dairy Products,Cheeses,2014-12,7603.85,Medium Value
10785,GROSR,1,2014-12-18,2015-01-15,2014-12-24,3,1.51,10,31.0,10,0,310.0,GROSELLA-Restaurante,Manuel Pereira,Owner,Caracas,Venezuela,Ikura,12 - 200 ml jars,31.0,0,8,Seafood,Seaweed and fish,2014-12,1488.7,Low Value
10785,GROSR,1,2014-12-18,2015-01-15,2014-12-24,3,1.51,75,7.75,10,0,77.5,GROSELLA-Restaurante,Manuel Pereira,Owner,Caracas,Venezuela,Rhönbräu Klosterbier,24 - 0.5 l bottles,7.75,0,1,Beverages,"Soft drinks, coffees, teas, beers, and ales",2014-12,1488.7,Low Value
10786,QUEEN,8,2014-12-19,2015-01-16,2014-12-23,1,110.87,8,40.0,30,0,1200.0,Queen Cozinha,Lúcia Carvalho,Marketing Assistant,Sao Paulo,Brazil,Northwoods Cranberry Sauce,12 - 12 oz jars,40.0,0,2,Condiments,"Sweet and savory sauces, relishes, spreads, and seasonings",2014-12,27841.3,High Value
10786,QUEEN,8,2014-12-19,2015-01-16,2014-12-23,1,110.87,30,25.89,15,0,388.35,Queen Cozinha,Lúcia Carvalho,Marketing Assistant,Sao Paulo,Brazil,Nord-Ost Matjeshering,10 - 200 g glasses,25.89,0,8,Seafood,Seaweed and fish,2014-12,27841.3,High Value
10786,QUEEN,8,2014-12-19,2015-01-16,2014-12-23,1,110.87,75,7.75,42,0,325.5,Queen Cozinha,Lúcia Carvalho,Marketing Assistant,Sao Paulo,Brazil,Rhönbräu Klosterbier,24 - 0.5 l bottles,7.75,0,1,Beverages,"Soft drinks, coffees, teas, beers, and ales",2014-12,27841.3,High Value
10787,LAMAI,2,2014-12-19,2015-01-02,2014-12-26,1,249.93,2,19.0,15,0,285.0,La maison d'Asie,Annette Roulet,Sales Manager,Toulouse,France,Chang,24 - 12 oz bottles,19.0,0,1,Beverages,"Soft drinks, coffees, teas, beers, and ales",2014-12,10227.35,High Value
10787,LAMAI,2,2014-12-19,2015-01-02,2014-12-26,1,249.93,29,123.79,20,0,2475.8,La maison d'Asie,Annette Roulet,Sales Manager,Toulouse,France,Thüringer Rostbratwurst,50 bags x 30 sausgs.,123.79,1,6,Meat & Poultry,Prepared meats,2014-12,10227.35,High Value
10788,QUICK,1,2014-12-22,2015-01-19,2015-01-19,2,42.7,19,9.2,50,0,459.99999999999994,QUICK-Stop,Horst Kloss,Accounting Manager,Cunewalde,Germany,Teatime Chocolate Biscuits,10 boxes x 12 pieces,9.2,0,3,Confections,"Desserts, candies, and sweet breads",2014-12,117483.39,High Value
10788,QUICK,1,2014-12-22,2015-01-19,2015-01-19,2,42.7,75,7.75,40,0,310.0,QUICK-Stop,Horst Kloss,Accounting Manager,Cunewalde,Germany,Rhönbräu Klosterbier,24 - 0.5 l bottles,7.75,0,1,Beverages,"Soft drinks, coffees, teas, beers, and ales",2014-12,117483.39,High Value
10789,FOLIG,1,2014-12-22,2015-01-19,2014-12-31,2,100.6,18,62.5,30,0,1875.0,Folies gourmandes,Martine Rancé,Assistant Sales Agent,Lille,France,Carnarvon Tigers,16 kg pkg.,62.5,0,8,Seafood,Seaweed and fish,2014-12,11666.9,High Value
10789,FOLIG,1,2014-12-22,2015-01-19,2014-12-31,2,100.6,35,18.0,15,0,270.0,Folies gourmandes,Martine Rancé,Assistant Sales Agent,Lille,France,Steeleye Stout,24 - 12 oz bottles,18.0,0,1,Beverages,"Soft drinks, coffees, teas, beers, and ales",2014-12,11666.9,High Value
10789,FOLIG,1,2014-12-22,2015-01-19,2014-12-31,2,100.6,63,43.9,30,0,1317.0,Folies gourmandes,Martine Rancé,Assistant Sales Agent,Lille,France,Vegie-spread,15 - 625 g jars,43.9,0,2,Condiments,"Sweet and savory sauces, relishes, spreads, and seasonings",2014-12,11666.9,High Value
10789,FOLIG,1,2014-12-22,2015-01-19,2014-12-31,2,100.6,68,12.5,18,0,225.0,Folies gourmandes,Martine Rancé,Assistant Sales Agent,Lille,France,Scottish Longbreads,10 boxes x 8 pieces,12.5,0,3,Confections,"Desserts, candies, and sweet breads",2014-12,11666.9,High Value
10790,GOURL,6,2014-12-22,2015-01-19,2014-12-26,1,28.23,7,30.0,3,0,90.0,Gourmet Lanchonetes,André Fonseca,Sales Associate,Campinas,Brazil,Uncle Bob's Organic Dried Pears,12 - 1 lb pkgs.,30.0,0,7,Produce,Dried fruit and bean curd,2014-12,8702.23,Medium Value
10790,GOURL,6,2014-12-22,2015-01-19,2014-12-26,1,28.23,56,38.0,20,0,760.0,Gourmet Lanchonetes,André Fonseca,Sales Associate,Campinas,Brazil,Gnocchi di nonna Alice,24 - 250 g pkgs.,38.0,0,5,Grains & Cereals,"Breads, crackers, pasta, and cereal",2014-12,8702.23,Medium Value
10791,FRANK,6,2014-12-23,2015-01-20,2015-01-01,2,16.85,29,123.79,14,0,1733.0600000000002,Frankenversand,Peter Franken,Marketing Manager,München,Germany,Thüringer Rostbratwurst,50 bags x 30 sausgs.,123.79,1,6,Meat & Poultry,Prepared meats,2014-12,28722.71,High Value
10791,FRANK,6,2014-12-23,2015-01-20,2015-01-01,2,16.85,41,9.65,20,0,193.0,Frankenversand,Peter Franken,Marketing Manager,München,Germany,Jack's New England Clam Chowder,12 - 12 oz cans,9.65,0,8,Seafood,Seaweed and fish,2014-12,28722.71,High Value
10792,WOLZA,1,2014-12-23,2015-01-20,2014-12-31,3,23.79,2,19.0,10,0,190.0,Wolski  Zajazd,Zbyszek Piestrzeniewicz,Owner,Warszawa,Poland,Chang,24 - 12 oz bottles,19.0,0,1,Beverages,"Soft drinks, coffees, teas, beers, and ales",2014-12,3531.95,Low Value
10792,WOLZA,1,2014-12-23,2015-01-20,2014-12-31,3,23.79,54,7.45,3,0,22.35,Wolski  Zajazd,Zbyszek Piestrzeniewicz,Owner,Warszawa,Poland,Tourtière,16 pies,7.45,0,6,Meat & Poultry,Prepared meats,2014-12,3531.95,Low Value
10792,WOLZA,1,2014-12-23,2015-01-20,2014-12-31,3,23.79,68,12.5,15,0,187.5,Wolski  Zajazd,Zbyszek Piestrzeniewicz,Owner,Warszawa,Poland,Scottish Longbreads,10 boxes x 8 pieces,12.5,0,3,Confections,"Desserts, candies, and sweet breads",2014-12,3531.95,Low Value
10793,AROUT,3,2014-12-24,2015-01-21,2015-01-08,3,4.52,41,9.65,14,0,135.1,Around the Horn,Thomas Hardy,Sales Representative,London,UK,Jack's New England Clam Chowder,12 - 12 oz cans,9.65,0,8,Seafood,Seaweed and fish,2014-12,13806.5,High Value
10793,AROUT,3,2014-12-24,2015-01-21,2015-01-08,3,4.52,52,7.0,8,0,56.0,Around the Horn,Thomas Hardy,Sales Representative,London,UK,Filo Mix,16 - 2 kg boxes,7.0,0,5,Grains & Cereals,"Breads, crackers, pasta, and cereal",2014-12,13806.5,High Value
10794,QUEDE,6,2014-12-24,2015-01-21,2015-01-02,1,21.49,14,23.25,15,0,348.75,Que Delícia,Bernardo Batista,Accounting Manager,Rio de Janeiro,Brazil,Tofu,40 - 100 g pkgs.,23.25,0,7,Produce,Dried fruit and bean curd,2014-12,6973.63,Medium Value
10794,QUEDE,6,2014-12-24,2015-01-21,2015-01-02,1,21.49,54,7.45,6,0,44.7,Que Delícia,Bernardo Batista,Accounting Manager,Rio de Janeiro,Brazil,Tourtière,16 pies,7.45,0,6,Meat & Poultry,Prepared meats,2014-12,6973.63,Medium Value
10795,ERNSH,8,2014-12-24,2015-01-21,2015-01-20,2,126.66,16,17.45,65,0,1134.25,Ernst Handel,Roland Mendel,Sales Manager,Graz,Austria,Pavlova,32 - 500 g boxes,17.45,0,3,Confections,"Desserts, candies, and sweet breads",2014-12,103115.18,High Value
10795,ERNSH,8,2014-12-24,2015-01-21,2015-01-20,2,126.66,17,39.0,35,0,1365.0,Ernst Handel,Roland Mendel,Sales Manager,Graz,Austria,Alice Mutton,20 - 1 kg tins,39.0,1,6,Meat & Poultry,Prepared meats,2014-12,103115.18,High Value
10796,HILAA,3,2014-12-25,2015-01-22,2015-01-14,1,26.52,26,31.23,21,0,655.83,HILARION-Abastos,Carlos Hernández,Sales Representative,San Cristóbal,Venezuela,Gumbär Gummibärchen,100 - 250 g bags,31.23,0,3,Confections,"Desserts, candies, and sweet breads",2014-12,23611.58,High Value
10796,HILAA,3,2014-12-25,2015-01-22,2015-01-14,1,26.52,44,19.45,10,0,194.5,HILARION-Abastos,Carlos Hernández,Sales Representative,San Cristóbal,Venezuela,Gula Malacca,20 - 2 kg bags,19.45,0,2,Condiments,"Sweet and savory sauces, relishes, spreads, and seasonings",2014-12,23611.58,High Value
10796,HILAA,3,2014-12-25,2015-01-22,2015-01-14,1,26.52,64,33.25,35,0,1163.75,HILARION-Abastos,Carlos Hernández,Sales Representative,San Cristóbal,Venezuela,Wimmers gute Semmelknödel,20 bags x 4 pieces,33.25,0,5,Grains & Cereals,"Breads, crackers, pasta, and cereal",2014-12,23611.58,High Value
10796,HILAA,3,2014-12-25,2015-01-22,2015-01-14,1,26.52,69,36.0,24,0,864.0,HILARION-Abastos,Carlos Hernández,Sales Representative,San Cristóbal,Venezuela,Gudbrandsdalsost,10 kg pkg.,36.0,0,4,Dairy Products,Cheeses,2014-12,23611.58,High Value
10797,DRACD,7,2014-12-25,2015-01-22,2015-01-05,2,33.35,11,21.0,20,0,420.0,Drachenblut Delikatessen,Sven Ottlieb,Order Administrator,Aachen,Germany,Queso Cabrales,1 kg pkg.,21.0,0,4,Dairy Products,Cheeses,2014-12,3763.21,Low Value
10798,ISLAT,2,2014-12-26,2015-01-23,2015-01-05,1,2.33,62,49.3,2,0,98.6,Island Trading,Helen Bennett,Marketing Manager,Cowes,UK,Tarte au sucre,48 pies,49.3,0,3,Confections,"Desserts, candies, and sweet breads",2014-12,6146.3,Medium Value
10798,ISLAT,2,2014-12-26,2015-01-23,2015-01-05,1,2.33,72,34.8,10,0,348.0,Island Trading,Helen Bennett,Marketing Manager,Cowes,UK,Mozzarella di Giovanni,24 - 200 g pkgs.,34.8,0,4,Dairy Products,Cheeses,2014-12,6146.3,Medium Value
10799,KOENE,9,2014-12-26,2015-02-06,2015-01-05,3,30.76,13,6.0,20,0,120.0,Königlich Essen,Philip Cramer,Sales Associate,Brandenburg,Germany,Konbu,2 kg box,6.0,0,8,Seafood,Seaweed and fish,2014-12,31745.75,High Value
10799,KOENE,9,2014-12-26,2015-02-06,2015-01-05,3,30.76,24,4.5,20,0,90.0,Königlich Essen,Philip Cramer,Sales Associate,Brandenburg,Germany,Guarana Fantastica,12 - 355 ml cans,4.5,1,1,Beverages,"Soft drinks, coffees, teas, beers, and ales",2014-12,31745.75,High Value
10799,KOENE,9,2014-12-26,2015-02-06,2015-01-05,3,30.76,59,55.0,25,0,1375.0,Königlich Essen,Philip Cramer,Sales Associate,Brandenburg,Germany,Raclette Courdavault,5 kg pkg.,55.0,0,4,Dairy Products,Cheeses,2014-12,31745.75,High Value
10800,SEVES,1,2014-12-26,2015-01-23,2015-01-05,3,137.44,11,21.0,50,0,1050.0,Seven Seas Imports,Hari Kumar,Sales Manager,London,UK,Queso Cabrales,1 kg pkg.,21.0,0,4,Dairy Products,Cheeses,2014-12,17172.05,High Value
10800,SEVES,1,2014-12-26,2015-01-23,2015-01-05,3,137.44,51,53.0,10,0,530.0,Seven Seas Imports,Hari Kumar,Sales Manager,London,UK,Manjimup Dried Apples,50 - 300 g pkgs.,53.0,0,7,Produce,Dried fruit and bean curd,2014-12,17172.05,High Value
10800,SEVES,1,2014-12-26,2015-01-23,2015-01-05,3,137.44,54,7.45,7,0,52.15,Seven Seas Imports,Hari Kumar,Sales Manager,London,UK,Tourtière,16 pies,7.45,0,6,Meat & Poultry,Prepared meats,2014-12,17172.05,High Value
10801,BOLID,4,2014-12-29,2015-01-26,2014-12-31,2,97.09,17,39.0,40,0,1560.0,Bólido Comidas preparadas,Martín Sommer,Owner,Madrid,Spain,Alice Mutton,20 - 1 kg tins,39.0,1,6,Meat & Poultry,Prepared meats,2014-12,5297.8,Medium Value
10801,BOLID,4,2014-12-29,2015-01-26,2014-12-31,2,97.09,29,123.79,20,0,2475.8,Bólido Comidas preparadas,Martín Sommer,Owner,Madrid,Spain,Thüringer Rostbratwurst,50 bags x 30 sausgs.,123.79,1,6,Meat & Poultry,Prepared meats,2014-12,5297.8,Medium Value
10802,SIMOB,4,2014-12-29,2015-01-26,2015-01-02,2,257.26,30,25.89,25,0,647.25,Simons bistro,Jytte Petersen,Owner,Kobenhavn,Denmark,Nord-Ost Matjeshering,10 - 200 g glasses,25.89,0,8,Seafood,Seaweed and fish,2014-12,17894.15,High Value
10802,SIMOB,4,2014-12-29,2015-01-26,2015-01-02,2,257.26,51,53.0,30,0,1590.0,Simons bistro,Jytte Petersen,Owner,Kobenhavn,Denmark,Manjimup Dried Apples,50 - 300 g pkgs.,53.0,0,7,Produce,Dried fruit and bean curd,2014-12,17894.15,High Value
10802,SIMOB,4,2014-12-29,2015-01-26,2015-01-02,2,257.26,55,24.0,60,0,1440.0,Simons bistro,Jytte Petersen,Owner,Kobenhavn,Denmark,Pâté chinois,24 boxes x 2 pies,24.0,0,6,Meat & Poultry,Prepared meats,2014-12,17894.15,High Value
10802,SIMOB,4,2014-12-29,2015-01-26,2015-01-02,2,257.26,62,49.3,5,0,246.5,Simons bistro,Jytte Petersen,Owner,Kobenhavn,Denmark,Tarte au sucre,48 pies,49.3,0,3,Confections,"Desserts, candies, and sweet breads",2014-12,17894.15,High Value
10803,WELLI,4,2014-12-30,2015-01-27,2015-01-06,1,55.23,19,9.2,24,0,220.79999999999998,Wellington Importadora,Paula Parente,Sales Manager,Resende,Brazil,Teatime Chocolate Biscuits,10 boxes x 12 pieces,9.2,0,3,Confections,"Desserts, candies, and sweet breads",2014-12,6480.7,Medium Value
10803,WELLI,4,2014-12-30,2015-01-27,2015-01-06,1,55.23,25,14.0,15,0,210.0,Wellington Importadora,Paula Parente,Sales Manager,Resende,Brazil,NuNuCa Nuß-Nougat-Creme,20 - 450 g glasses,14.0,0,3,Confections,"Desserts, candies, and sweet breads",2014-12,6480.7,Medium Value
10803,WELLI,4,2014-12-30,2015-01-27,2015-01-06,1,55.23,59,55.0,15,0,825.0,Wellington Importadora,Paula Parente,Sales Manager,Resende,Brazil,Raclette Courdavault,5 kg pkg.,55.0,0,4,Dairy Products,Cheeses,2014-12,6480.7,Medium Value
10804,SEVES,6,2014-12-30,2015-01-27,2015-01-07,2,27.33,10,31.0,36,0,1116.0,Seven Seas Imports,Hari Kumar,Sales Manager,London,UK,Ikura,12 - 200 ml jars,31.0,0,8,Seafood,Seaweed and fish,2014-12,17172.05,High Value
10804,SEVES,6,2014-12-30,2015-01-27,2015-01-07,2,27.33,28,45.6,24,0,1094.4,Seven Seas Imports,Hari Kumar,Sales Manager,London,UK,Rössle Sauerkraut,25 - 825 g cans,45.6,1,7,Produce,Dried fruit and bean curd,2014-12,17172.05,High Value
10804,SEVES,6,2014-12-30,2015-01-27,2015-01-07,2,27.33,49,20.0,4,0,80.0,Seven Seas Imports,Hari Kumar,Sales Manager,London,UK,Maxilaku,24 - 50 g pkgs.,20.0,0,3,Confections,"Desserts, candies, and sweet breads",2014-12,17172.05,High Value
10805,THEBI,2,2014-12-30,2015-01-27,2015-01-09,3,237.34,34,14.0,10,0,140.0,The Big Cheese,Liz Nixon,Marketing Manager,Portland,USA,Sasquatch Ale,24 - 12 oz bottles,14.0,0,1,Beverages,"Soft drinks, coffees, teas, beers, and ales",2014-12,3361.0,Low Value
10805,THEBI,2,2014-12-30,2015-01-27,2015-01-09,3,237.34,38,263.5,10,0,2635.0,The Big Cheese,Liz Nixon,Marketing Manager,Portland,USA,Côte de Blaye,12 - 75 cl bottles,263.5,0,1,Beverages,"Soft drinks, coffees, teas, beers, and ales",2014-12,3361.0,Low Value
10806,VICTE,3,2014-12-31,2015-01-28,2015-01-05,2,22.11,2,19.0,20,0,380.0,Victuailles en stock,Mary Saveley,Sales Agent,Lyon,France,Chang,24 - 12 oz bottles,19.0,0,1,Beverages,"Soft drinks, coffees, teas, beers, and ales",2014-12,9937.1,Medium Value
10806,VICTE,3,2014-12-31,2015-01-28,2015-01-05,2,22.11,65,21.05,2,0,42.1,Victuailles en stock,Mary Saveley,Sales Agent,Lyon,France,Louisiana Fiery Hot Pepper Sauce,32 - 8 oz bottles,21.05,0,2,Condiments,"Sweet and savory sauces, relishes, spreads, and seasonings",2014-12,9937.1,Medium Value
10806,VICTE,3,2014-12-31,2015-01-28,2015-01-05,2,22.11,74,10.0,15,0,150.0,Victuailles en stock,Mary Saveley,Sales Agent,Lyon,France,Longlife Tofu,5 kg pkg.,10.0,0,7,Produce,Dried fruit and bean curd,2014-12,9937.1,Medium Value
10807,FRANS,4,2014-12-31,2015-01-28,2015-01-30,1,1.36,40,18.4,1,0,18.4,Franchi S.p.A.,Paolo Accorti,Sales Representative,Torino,Italy,Boston Crab Meat,24 - 4 oz tins,18.4,0,8,Seafood,Seaweed and fish,2014-12,1545.7,Low Value
10808,OLDWO,2,2015-01-01,2015-01-29,2015-01-09,3,45.53,56,38.0,20,0,760.0,Old World Delicatessen,Rene Phillips,Sales Representative,Anchorage,USA,Gnocchi di nonna Alice,24 - 250 g pkgs.,38.0,0,5,Grains & Cereals,"Breads, crackers, pasta, and cereal",2015-01,16325.15,High Value
10808,OLDWO,2,2015-01-01,2015-01-29,2015-01-09,3,45.53,76,18.0,50,0,900.0,Old World Delicatessen,Rene Phillips,Sales Representative,Anchorage,USA,Lakkaliköri,500 ml,18.0,0,1,Beverages,"Soft drinks, coffees, teas, beers, and ales",2015-01,16325.15,High Value
10809,WELLI,7,2015-01-01,2015-01-29,2015-01-07,1,4.87,52,7.0,20,0,140.0,Wellington Importadora,Paula Parente,Sales Manager,Resende,Brazil,Filo Mix,16 - 2 kg boxes,7.0,0,5,Grains & Cereals,"Breads, crackers, pasta, and cereal",2015-01,6480.7,Medium Value
10810,LAUGB,2,2015-01-01,2015-01-29,2015-01-07,3,4.33,13,6.0,7,0,42.0,Laughing Bacchus Wine Cellars,Yoshi Tannamuri,Marketing Assistant,Vancouver,Canada,Konbu,2 kg box,6.0,0,8,Seafood,Seaweed and fish,2015-01,522.5,Low Value
10810,LAUGB,2,2015-01-01,2015-01-29,2015-01-07,3,4.33,25,14.0,5,0,70.0,Laughing Bacchus Wine Cellars,Yoshi Tannamuri,Marketing Assistant,Vancouver,Canada,NuNuCa Nuß-Nougat-Creme,20 - 450 g glasses,14.0,0,3,Confections,"Desserts, candies, and sweet breads",2015-01,522.5,Low Value
10810,LAUGB,2,2015-01-01,2015-01-29,2015-01-07,3,4.33,70,15.0,5,0,75.0,Laughing Bacchus Wine Cellars,Yoshi Tannamuri,Marketing Assistant,Vancouver,Canada,Outback Lager,24 - 355 ml bottles,15.0,0,1,Beverages,"Soft drinks, coffees, teas, beers, and ales",2015-01,522.5,Low Value
10811,LINOD,8,2015-01-02,2015-01-30,2015-01-08,1,31.22,19,9.2,15,0,138.0,LINO-Delicateses,Felipe Izquierdo,Owner,I. de Margarita,Venezuela,Teatime Chocolate Biscuits,10 boxes x 12 pieces,9.2,0,3,Confections,"Desserts, candies, and sweet breads",2015-01,14799.55,High Value
10811,LINOD,8,2015-01-02,2015-01-30,2015-01-08,1,31.22,23,9.0,18,0,162.0,LINO-Delicateses,Felipe Izquierdo,Owner,I. de Margarita,Venezuela,Tunnbröd,12 - 250 g pkgs.,9.0,0,5,Grains & Cereals,"Breads, crackers, pasta, and cereal",2015-01,14799.55,High Value
10811,LINOD,8,2015-01-02,2015-01-30,2015-01-08,1,31.22,40,18.4,30,0,552.0,LINO-Delicateses,Felipe Izquierdo,Owner,I. de Margarita,Venezuela,Boston Crab Meat,24 - 4 oz tins,18.4,0,8,Seafood,Seaweed and fish,2015-01,14799.55,High Value
10812,REGGC,5,2015-01-02,2015-01-30,2015-01-12,1,59.78,31,12.5,16,0,200.0,Reggiani Caseifici,Maurizio Moroni,Sales Associate,Reggio Emilia,Italy,Gorgonzola Telino,12 - 100 g pkgs,12.5,0,4,Dairy Products,Cheeses,2015-01,7047.6,Medium Value
10812,REGGC,5,2015-01-02,2015-01-30,2015-01-12,1,59.78,72,34.8,40,0,1392.0,Reggiani Caseifici,Maurizio Moroni,Sales Associate,Reggio Emilia,Italy,Mozzarella di Giovanni,24 - 200 g pkgs.,34.8,0,4,Dairy Products,Cheeses,2015-01,7047.6,Medium Value
10812,REGGC,5,2015-01-02,2015-01-30,2015-01-12,1,59.78,77,13.0,20,0,260.0,Reggiani Caseifici,Maurizio Moroni,Sales Associate,Reggio Emilia,Italy,Original Frankfurter Grüne Soße,12 boxes,13.0,0,2,Condiments,"Sweet and savory sauces, relishes, spreads, and seasonings",2015-01,7047.6,Medium Value
10813,RICAR,1,2015-01-05,2015-02-02,2015-01-09,1,47.38,2,19.0,12,0,228.0,Ricardo Adocicados,Janete Limeira,Assistant Sales Agent,Rio de Janeiro,Brazil,Chang,24 - 12 oz bottles,19.0,0,1,Beverages,"Soft drinks, coffees, teas, beers, and ales",2015-01,11086.4,High Value
10813,RICAR,1,2015-01-05,2015-02-02,2015-01-09,1,47.38,46,12.0,35,0,420.0,Ricardo Adocicados,Janete Limeira,Assistant Sales Agent,Rio de Janeiro,Brazil,Spegesild,4 - 450 g glasses,12.0,0,8,Seafood,Seaweed and fish,2015-01,11086.4,High Value
10814,VICTE,3,2015-01-05,2015-02-02,2015-01-14,3,130.94,41,9.65,20,0,193.0,Victuailles en stock,Mary Saveley,Sales Agent,Lyon,France,Jack's New England Clam Chowder,12 - 12 oz cans,9.65,0,8,Seafood,Seaweed and fish,2015-01,9937.1,Medium Value
10814,VICTE,3,2015-01-05,2015-02-02,2015-01-14,3,130.94,43,46.0,20,0,920.0,Victuailles en stock,Mary Saveley,Sales Agent,Lyon,France,Ipoh Coffee,16 - 500 g tins,46.0,0,1,Beverages,"Soft drinks, coffees, teas, beers, and ales",2015-01,9937.1,Medium Value
10814,VICTE,3,2015-01-05,2015-02-02,2015-01-14,3,130.94,48,12.75,8,0,102.0,Victuailles en stock,Mary Saveley,Sales Agent,Lyon,France,Chocolade,10 pkgs.,12.75,0,3,Confections,"Desserts, candies, and sweet breads",2015-01,9937.1,Medium Value
10814,VICTE,3,2015-01-05,2015-02-02,2015-01-14,3,130.94,61,28.5,30,0,855.0,Victuailles en stock,Mary Saveley,Sales Agent,Lyon,France,Sirop d'érable,24 - 500 ml bottles,28.5,0,2,Condiments,"Sweet and savory sauces, relishes, spreads, and seasonings",2015-01,9937.1,Medium Value
10815,SAVEA,2,2015-01-05,2015-02-02,2015-01-14,3,14.62,33,2.5,16,0,40.0,Save-a-lot Markets,Jose Pavarotti,Sales Representative,Boise,USA,Geitost,500 g,2.5,0,4,Dairy Products,Cheeses,2015-01,115673.39,High Value
10816,GREAL,4,2015-01-06,2015-02-03,2015-02-04,2,719.78,38,263.5,30,0,7905.0,Great Lakes Food Market,Howard Snyder,Marketing Manager,Eugene,USA,Côte de Blaye,12 - 75 cl bottles,263.5,0,1,Beverages,"Soft drinks, coffees, teas, beers, and ales",2015-01,19001.13,High Value
10816,GREAL,4,2015-01-06,2015-02-03,2015-02-04,2,719.78,62,49.3,20,0,986.0,Great Lakes Food Market,Howard Snyder,Marketing Manager,Eugene,USA,Tarte au sucre,48 pies,49.3,0,3,Confections,"Desserts, candies, and sweet breads",2015-01,19001.13,High Value
10817,KOENE,3,2015-01-06,2015-01-20,2015-01-13,2,306.07,26,31.23,40,0,1249.2,Königlich Essen,Philip Cramer,Sales Associate,Brandenburg,Germany,Gumbär Gummibärchen,100 - 250 g bags,31.23,0,3,Confections,"Desserts, candies, and sweet breads",2015-01,31745.75,High Value
10817,KOENE,3,2015-01-06,2015-01-20,2015-01-13,2,306.07,38,263.5,30,0,7905.0,Königlich Essen,Philip Cramer,Sales Associate,Brandenburg,Germany,Côte de Blaye,12 - 75 cl bottles,263.5,0,1,Beverages,"Soft drinks, coffees, teas, beers, and ales",2015-01,31745.75,High Value
10817,KOENE,3,2015-01-06,2015-01-20,2015-01-13,2,306.07,40,18.4,60,0,1104.0,Königlich Essen,Philip Cramer,Sales Associate,Brandenburg,Germany,Boston Crab Meat,24 - 4 oz tins,18.4,0,8,Seafood,Seaweed and fish,2015-01,31745.75,High Value
10817,KOENE,3,2015-01-06,2015-01-20,2015-01-13,2,306.07,62,49.3,25,0,1232.5,Königlich Essen,Philip Cramer,Sales Associate,Brandenburg,Germany,Tarte au sucre,48 pies,49.3,0,3,Confections,"Desserts, candies, and sweet breads",2015-01,31745.75,High Value
10818,MAGAA,7,2015-01-07,2015-02-04,2015-01-12,3,65.48,32,32.0,20,0,640.0,Magazzini Alimentari Riuniti,Giovanni Rovelli,Marketing Manager,Bergamo,Italy,Mascarpone Fabioli,24 - 200 g pkgs.,32.0,0,4,Dairy Products,Cheeses,2015-01,7603.85,Medium Value
10818,MAGAA,7,2015-01-07,2015-02-04,2015-01-12,3,65.48,41,9.65,20,0,193.0,Magazzini Alimentari Riuniti,Giovanni Rovelli,Marketing Manager,Bergamo,Italy,Jack's New England Clam Chowder,12 - 12 oz cans,9.65,0,8,Seafood,Seaweed and fish,2015-01,7603.85,Medium Value
10819,CACTU,2,2015-01-07,2015-02-04,2015-01-16,3,19.76,43,46.0,7,0,322.0,Cactus Comidas para llevar,Patricio Simpson,Sales Agent,Buenos Aires,Argentina,Ipoh Coffee,16 - 500 g tins,46.0,0,1,Beverages,"Soft drinks, coffees, teas, beers, and ales",2015-01,1509.8,Low Value
10819,CACTU,2,2015-01-07,2015-02-04,2015-01-16,3,19.76,75,7.75,20,0,155.0,Cactus Comidas para llevar,Patricio Simpson,Sales Agent,Buenos Aires,Argentina,Rhönbräu Klosterbier,24 - 0.5 l bottles,7.75,0,1,Beverages,"Soft drinks, coffees, teas, beers, and ales",2015-01,1509.8,Low Value
10820,RATTC,3,2015-01-07,2015-02-04,2015-01-13,2,37.52,56,38.0,30,0,1140.0,Rattlesnake Canyon Grocery,Paula Wilson,Assistant Sales Representative,Albuquerque,USA,Gnocchi di nonna Alice,24 - 250 g pkgs.,38.0,0,5,Grains & Cereals,"Breads, crackers, pasta, and cereal",2015-01,50871.3,High Value
10821,SPLIR,1,2015-01-08,2015-02-05,2015-01-15,1,36.68,35,18.0,20,0,360.0,Split Rail Beer & Ale,Art Braunschweiger,Sales Manager,Lander,USA,Steeleye Stout,24 - 12 oz bottles,18.0,0,1,Beverages,"Soft drinks, coffees, teas, beers, and ales",2015-01,12489.7,High Value
10821,SPLIR,1,2015-01-08,2015-02-05,2015-01-15,1,36.68,51,53.0,6,0,318.0,Split Rail Beer & Ale,Art Braunschweiger,Sales Manager,Lander,USA,Manjimup Dried Apples,50 - 300 g pkgs.,53.0,0,7,Produce,Dried fruit and bean curd,2015-01,12489.7,High Value
10822,TRAIH,6,2015-01-08,2015-02-05,2015-01-16,3,7.0,62,49.3,3,0,147.89999999999998,Trail's Head Gourmet Provisioners,Helvetius Nagy,Sales Associate,Kirkland,USA,Tarte au sucre,48 pies,49.3,0,3,Confections,"Desserts, candies, and sweet breads",2015-01,1571.2,Low Value
10822,TRAIH,6,2015-01-08,2015-02-05,2015-01-16,3,7.0,70,15.0,6,0,90.0,Trail's Head Gourmet Provisioners,Helvetius Nagy,Sales Associate,Kirkland,USA,Outback Lager,24 - 355 ml bottles,15.0,0,1,Beverages,"Soft drinks, coffees, teas, beers, and ales",2015-01,1571.2,Low Value
10823,LILAS,5,2015-01-09,2015-02-06,2015-01-13,2,163.97,11,21.0,20,0,420.0,LILA-Supermercado,Carlos González,Accounting Manager,Barquisimeto,Venezuela,Queso Cabrales,1 kg pkg.,21.0,0,4,Dairy Products,Cheeses,2015-01,17062.5,High Value
10823,LILAS,5,2015-01-09,2015-02-06,2015-01-13,2,163.97,57,19.5,15,0,292.5,LILA-Supermercado,Carlos González,Accounting Manager,Barquisimeto,Venezuela,Ravioli Angelo,24 - 250 g pkgs.,19.5,0,5,Grains & Cereals,"Breads, crackers, pasta, and cereal",2015-01,17062.5,High Value
10823,LILAS,5,2015-01-09,2015-02-06,2015-01-13,2,163.97,59,55.0,40,0,2200.0,LILA-Supermercado,Carlos González,Accounting Manager,Barquisimeto,Venezuela,Raclette Courdavault,5 kg pkg.,55.0,0,4,Dairy Products,Cheeses,2015-01,17062.5,High Value
10823,LILAS,5,2015-01-09,2015-02-06,2015-01-13,2,163.97,77,13.0,15,0,195.0,LILA-Supermercado,Carlos González,Accounting Manager,Barquisimeto,Venezuela,Original Frankfurter Grüne Soße,12 boxes,13.0,0,2,Condiments,"Sweet and savory sauces, relishes, spreads, and seasonings",2015-01,17062.5,High Value
10824,FOLKO,8,2015-01-09,2015-02-06,2015-01-30,1,1.23,41,9.65,12,0,115.80000000000001,Folk och fä HB,Maria Larsson,Owner,Bräcke,Sweden,Jack's New England Clam Chowder,12 - 12 oz cans,9.65,0,8,Seafood,Seaweed and fish,2015-01,32555.55,High Value
10824,FOLKO,8,2015-01-09,2015-02-06,2015-01-30,1,1.23,70,15.0,9,0,135.0,Folk och fä HB,Maria Larsson,Owner,Bräcke,Sweden,Outback Lager,24 - 355 ml bottles,15.0,0,1,Beverages,"Soft drinks, coffees, teas, beers, and ales",2015-01,32555.55,High Value
10825,DRACD,1,2015-01-09,2015-02-06,2015-01-14,1,79.25,26,31.23,12,0,374.76,Drachenblut Delikatessen,Sven Ottlieb,Order Administrator,Aachen,Germany,Gumbär Gummibärchen,100 - 250 g bags,31.23,0,3,Confections,"Desserts, candies, and sweet breads",2015-01,3763.21,Low Value
10825,DRACD,1,2015-01-09,2015-02-06,2015-01-14,1,79.25,53,32.8,20,0,656.0,Drachenblut Delikatessen,Sven Ottlieb,Order Administrator,Aachen,Germany,Perth Pasties,48 pieces,32.8,1,6,Meat & Poultry,Prepared meats,2015-01,3763.21,Low Value
10826,BLONP,6,2015-01-12,2015-02-09,2015-02-06,1,7.09,31,12.5,35,0,437.5,Blondesddsl père et fils,Frédérique Citeaux,Marketing Manager,Strasbourg,France,Gorgonzola Telino,12 - 100 g pkgs,12.5,0,4,Dairy Products,Cheeses,2015-01,19088.0,High Value
10826,BLONP,6,2015-01-12,2015-02-09,2015-02-06,1,7.09,57,19.5,15,0,292.5,Blondesddsl père et fils,Frédérique Citeaux,Marketing Manager,Strasbourg,France,Ravioli Angelo,24 - 250 g pkgs.,19.5,0,5,Grains & Cereals,"Breads, crackers, pasta, and cereal",2015-01,19088.0,High Value
10827,BONAP,1,2015-01-12,2015-01-26,2015-02-06,2,63.54,10,31.0,15,0,465.0,Bon app',Laurence Lebihan,Owner,Marseille,France,Ikura,12 - 200 ml jars,31.0,0,8,Seafood,Seaweed and fish,2015-01,22793.95,High Value
10827,BONAP,1,2015-01-12,2015-01-26,2015-02-06,2,63.54,39,18.0,21,0,378.0,Bon app',Laurence Lebihan,Owner,Marseille,France,Chartreuse verte,750 cc per bottle,18.0,0,1,Beverages,"Soft drinks, coffees, teas, beers, and ales",2015-01,22793.95,High Value
10828,RANCH,9,2015-01-13,2015-01-27,2015-02-04,1,90.85,20,81.0,5,0,405.0,Rancho grande,Sergio Gutiérrez,Sales Representative,Buenos Aires,Argentina,Sir Rodney's Marmalade,30 gift boxes,81.0,0,3,Confections,"Desserts, candies, and sweet breads",2015-01,2768.1,Low Value
10828,RANCH,9,2015-01-13,2015-01-27,2015-02-04,1,90.85,38,263.5,2,0,527.0,Rancho grande,Sergio Gutiérrez,Sales Representative,Buenos Aires,Argentina,Côte de Blaye,12 - 75 cl bottles,263.5,0,1,Beverages,"Soft drinks, coffees, teas, beers, and ales",2015-01,2768.1,Low Value
10829,ISLAT,9,2015-01-13,2015-02-10,2015-01-23,1,154.72,2,19.0,10,0,190.0,Island Trading,Helen Bennett,Marketing Manager,Cowes,UK,Chang,24 - 12 oz bottles,19.0,0,1,Beverages,"Soft drinks, coffees, teas, beers, and ales",2015-01,6146.3,Medium Value
10829,ISLAT,9,2015-01-13,2015-02-10,2015-01-23,1,154.72,8,40.0,20,0,800.0,Island Trading,Helen Bennett,Marketing Manager,Cowes,UK,Northwoods Cranberry Sauce,12 - 12 oz jars,40.0,0,2,Condiments,"Sweet and savory sauces, relishes, spreads, and seasonings",2015-01,6146.3,Medium Value
10829,ISLAT,9,2015-01-13,2015-02-10,2015-01-23,1,154.72,13,6.0,10,0,60.0,Island Trading,Helen Bennett,Marketing Manager,Cowes,UK,Konbu,2 kg box,6.0,0,8,Seafood,Seaweed and fish,2015-01,6146.3,Medium Value
10829,ISLAT,9,2015-01-13,2015-02-10,2015-01-23,1,154.72,60,34.0,21,0,714.0,Island Trading,Helen Bennett,Marketing Manager,Cowes,UK,Camembert Pierrot,15 - 300 g rounds,34.0,0,4,Dairy Products,Cheeses,2015-01,6146.3,Medium Value
10830,TRADH,4,2015-01-13,2015-02-24,2015-01-21,2,81.83,6,25.0,6,0,150.0,Tradição Hipermercados,Anabela Domingues,Sales Representative,Sao Paulo,Brazil,Grandma's Boysenberry Spread,12 - 8 oz jars,25.0,0,2,Condiments,"Sweet and savory sauces, relishes, spreads, and seasonings",2015-01,7310.62,Medium Value
10830,TRADH,4,2015-01-13,2015-02-24,2015-01-21,2,81.83,39,18.0,28,0,504.0,Tradição Hipermercados,Anabela Domingues,Sales Representative,Sao Paulo,Brazil,Chartreuse verte,750 cc per bottle,18.0,0,1,Beverages,"Soft drinks, coffees, teas, beers, and ales",2015-01,7310.62,Medium Value
10830,TRADH,4,2015-01-13,2015-02-24,2015-01-21,2,81.83,60,34.0,30,0,1020.0,Tradição Hipermercados,Anabela Domingues,Sales Representative,Sao Paulo,Brazil,Camembert Pierrot,15 - 300 g rounds,34.0,0,4,Dairy Products,Cheeses,2015-01,7310.62,Medium Value
10830,TRADH,4,2015-01-13,2015-02-24,2015-01-21,2,81.83,68,12.5,24,0,300.0,Tradição Hipermercados,Anabela Domingues,Sales Representative,Sao Paulo,Brazil,Scottish Longbreads,10 boxes x 8 pieces,12.5,0,3,Confections,"Desserts, candies, and sweet breads",2015-01,7310.62,Medium Value
10831,SANTG,3,2015-01-14,2015-02-11,2015-01-23,2,72.19,19,9.2,2,0,18.4,Santé Gourmet,Jonas Bergulfsen,Owner,Stavern,Norway,Teatime Chocolate Biscuits,10 boxes x 12 pieces,9.2,0,3,Confections,"Desserts, candies, and sweet breads",2015-01,5735.150000000001,Medium Value
10831,SANTG,3,2015-01-14,2015-02-11,2015-01-23,2,72.19,35,18.0,8,0,144.0,Santé Gourmet,Jonas Bergulfsen,Owner,Stavern,Norway,Steeleye Stout,24 - 12 oz bottles,18.0,0,1,Beverages,"Soft drinks, coffees, teas, beers, and ales",2015-01,5735.150000000001,Medium Value
10831,SANTG,3,2015-01-14,2015-02-11,2015-01-23,2,72.19,38,263.5,8,0,2108.0,Santé Gourmet,Jonas Bergulfsen,Owner,Stavern,Norway,Côte de Blaye,12 - 75 cl bottles,263.5,0,1,Beverages,"Soft drinks, coffees, teas, beers, and ales",2015-01,5735.150000000001,Medium Value
10831,SANTG,3,2015-01-14,2015-02-11,2015-01-23,2,72.19,43,46.0,9,0,414.0,Santé Gourmet,Jonas Bergulfsen,Owner,Stavern,Norway,Ipoh Coffee,16 - 500 g tins,46.0,0,1,Beverages,"Soft drinks, coffees, teas, beers, and ales",2015-01,5735.150000000001,Medium Value
10832,LAMAI,2,2015-01-14,2015-02-11,2015-01-19,2,43.26,13,6.0,3,0,18.0,La maison d'Asie,Annette Roulet,Sales Manager,Toulouse,France,Konbu,2 kg box,6.0,0,8,Seafood,Seaweed and fish,2015-01,10227.35,High Value
10832,LAMAI,2,2015-01-14,2015-02-11,2015-01-19,2,43.26,25,14.0,10,0,140.0,La maison d'Asie,Annette Roulet,Sales Manager,Toulouse,France,NuNuCa Nuß-Nougat-Creme,20 - 450 g glasses,14.0,0,3,Confections,"Desserts, candies, and sweet breads",2015-01,10227.35,High Value
10832,LAMAI,2,2015-01-14,2015-02-11,2015-01-19,2,43.26,44,19.45,16,0,311.2,La maison d'Asie,Annette Roulet,Sales Manager,Toulouse,France,Gula Malacca,20 - 2 kg bags,19.45,0,2,Condiments,"Sweet and savory sauces, relishes, spreads, and seasonings",2015-01,10227.35,High Value
10832,LAMAI,2,2015-01-14,2015-02-11,2015-01-19,2,43.26,64,33.25,3,0,99.75,La maison d'Asie,Annette Roulet,Sales Manager,Toulouse,France,Wimmers gute Semmelknödel,20 bags x 4 pieces,33.25,0,5,Grains & Cereals,"Breads, crackers, pasta, and cereal",2015-01,10227.35,High Value
10833,OTTIK,6,2015-01-15,2015-02-12,2015-01-23,2,71.49,7,30.0,20,0,600.0,Ottilies Käseladen,Henriette Pfalzheim,Owner,Köln,Germany,Uncle Bob's Organic Dried Pears,12 - 1 lb pkgs.,30.0,0,7,Produce,Dried fruit and bean curd,2015-01,13157.5,High Value
10833,OTTIK,6,2015-01-15,2015-02-12,2015-01-23,2,71.49,31,12.5,9,0,112.5,Ottilies Käseladen,Henriette Pfalzheim,Owner,Köln,Germany,Gorgonzola Telino,12 - 100 g pkgs,12.5,0,4,Dairy Products,Cheeses,2015-01,13157.5,High Value
10833,OTTIK,6,2015-01-15,2015-02-12,2015-01-23,2,71.49,53,32.8,9,0,295.2,Ottilies Käseladen,Henriette Pfalzheim,Owner,Köln,Germany,Perth Pasties,48 pieces,32.8,1,6,Meat & Poultry,Prepared meats,2015-01,13157.5,High Value
10834,TRADH,1,2015-01-15,2015-02-12,2015-01-19,3,29.78,29,123.79,8,0,990.32,Tradição Hipermercados,Anabela Domingues,Sales Representative,Sao Paulo,Brazil,Thüringer Rostbratwurst,50 bags x 30 sausgs.,123.79,1,6,Meat & Poultry,Prepared meats,2015-01,7310.62,Medium Value
10834,TRADH,1,2015-01-15,2015-02-12,2015-01-19,3,29.78,30,25.89,20,0,517.8,Tradição Hipermercados,Anabela Domingues,Sales Representative,Sao Paulo,Brazil,Nord-Ost Matjeshering,10 - 200 g glasses,25.89,0,8,Seafood,Seaweed and fish,2015-01,7310.62,Medium Value
10835,ALFKI,1,2015-01-15,2015-02-12,2015-01-21,3,69.53,59,55.0,15,0,825.0,Alfreds Futterkiste,Maria Anders,Sales Representative,Berlin,Germany,Raclette Courdavault,5 kg pkg.,55.0,0,4,Dairy Products,Cheeses,2015-01,4596.2,Low Value
10835,ALFKI,1,2015-01-15,2015-02-12,2015-01-21,3,69.53,77,13.0,2,0,26.0,Alfreds Futterkiste,Maria Anders,Sales Representative,Berlin,Germany,Original Frankfurter Grüne Soße,12 boxes,13.0,0,2,Condiments,"Sweet and savory sauces, relishes, spreads, and seasonings",2015-01,4596.2,Low Value
10836,ERNSH,7,2015-01-16,2015-02-13,2015-01-21,1,411.88,22,21.0,52,0,1092.0,Ernst Handel,Roland Mendel,Sales Manager,Graz,Austria,Gustaf's Knackebröd,24 - 500 g pkgs.,21.0,0,5,Grains & Cereals,"Breads, crackers, pasta, and cereal",2015-01,103115.18,High Value
10836,ERNSH,7,2015-01-16,2015-02-13,2015-01-21,1,411.88,35,18.0,6,0,108.0,Ernst Handel,Roland Mendel,Sales Manager,Graz,Austria,Steeleye Stout,24 - 12 oz bottles,18.0,0,1,Beverages,"Soft drinks, coffees, teas, beers, and ales",2015-01,103115.18,High Value
10836,ERNSH,7,2015-01-16,2015-02-13,2015-01-21,1,411.88,57,19.5,24,0,468.0,Ernst Handel,Roland Mendel,Sales Manager,Graz,Austria,Ravioli Angelo,24 - 250 g pkgs.,19.5,0,5,Grains & Cereals,"Breads, crackers, pasta, and cereal",2015-01,103115.18,High Value
10836,ERNSH,7,2015-01-16,2015-02-13,2015-01-21,1,411.88,60,34.0,60,0,2040.0,Ernst Handel,Roland Mendel,Sales Manager,Graz,Austria,Camembert Pierrot,15 - 300 g rounds,34.0,0,4,Dairy Products,Cheeses,2015-01,103115.18,High Value
10836,ERNSH,7,2015-01-16,2015-02-13,2015-01-21,1,411.88,64,33.25,30,0,997.5,Ernst Handel,Roland Mendel,Sales Manager,Graz,Austria,Wimmers gute Semmelknödel,20 bags x 4 pieces,33.25,0,5,Grains & Cereals,"Breads, crackers, pasta, and cereal",2015-01,103115.18,High Value
10837,BERGS,9,2015-01-16,2015-02-13,2015-01-23,3,13.32,13,6.0,6,0,36.0,Berglunds snabbköp,Christina Berglund,Order Administrator,Luleå,Sweden,Konbu,2 kg box,6.0,0,8,Seafood,Seaweed and fish,2015-01,26968.149999999998,High Value
10837,BERGS,9,2015-01-16,2015-02-13,2015-01-23,3,13.32,40,18.4,25,0,459.99999999999994,Berglunds snabbköp,Christina Berglund,Order Administrator,Luleå,Sweden,Boston Crab Meat,24 - 4 oz tins,18.4,0,8,Seafood,Seaweed and fish,2015-01,26968.149999999998,High Value
10837,BERGS,9,2015-01-16,2015-02-13,2015-01-23,3,13.32,47,9.5,40,0,380.0,Berglunds snabbköp,Christina Berglund,Order Administrator,Luleå,Sweden,Zaanse koeken,10 - 4 oz boxes,9.5,0,3,Confections,"Desserts, candies, and sweet breads",2015-01,26968.149999999998,High Value
10837,BERGS,9,2015-01-16,2015-02-13,2015-01-23,3,13.32,76,18.0,21,0,378.0,Berglunds snabbköp,Christina Berglund,Order Administrator,Luleå,Sweden,Lakkaliköri,500 ml,18.0,0,1,Beverages,"Soft drinks, coffees, teas, beers, and ales",2015-01,26968.149999999998,High Value
10838,LINOD,3,2015-01-19,2015-02-16,2015-01-23,3,59.28,1,18.0,4,0,72.0,LINO-Delicateses,Felipe Izquierdo,Owner,I. de Margarita,Venezuela,Chai,10 boxes x 20 bags,18.0,0,1,Beverages,"Soft drinks, coffees, teas, beers, and ales",2015-01,14799.55,High Value
10838,LINOD,3,2015-01-19,2015-02-16,2015-01-23,3,59.28,18,62.5,25,0,1562.5,LINO-Delicateses,Felipe Izquierdo,Owner,I. de Margarita,Venezuela,Carnarvon Tigers,16 kg pkg.,62.5,0,8,Seafood,Seaweed and fish,2015-01,14799.55,High Value
10838,LINOD,3,2015-01-19,2015-02-16,2015-01-23,3,59.28,36,19.0,50,0,950.0,LINO-Delicateses,Felipe Izquierdo,Owner,I. de Margarita,Venezuela,Inlagd Sill,24 - 250 g  jars,19.0,0,8,Seafood,Seaweed and fish,2015-01,14799.55,High Value
10839,TRADH,3,2015-01-19,2015-02-16,2015-01-22,3,35.43,58,13.25,30,0,397.5,Tradição Hipermercados,Anabela Domingues,Sales Representative,Sao Paulo,Brazil,Escargots de Bourgogne,24 pieces,13.25,0,8,Seafood,Seaweed and fish,2015-01,7310.62,Medium Value
10839,TRADH,3,2015-01-19,2015-02-16,2015-01-22,3,35.43,72,34.8,15,0,522.0,Tradição Hipermercados,Anabela Domingues,Sales Representative,Sao Paulo,Brazil,Mozzarella di Giovanni,24 - 200 g pkgs.,34.8,0,4,Dairy Products,Cheeses,2015-01,7310.62,Medium Value
10840,LINOD,4,2015-01-19,2015-03-02,2015-02-16,2,2.71,25,14.0,6,0,84.0,LINO-Delicateses,Felipe Izquierdo,Owner,I. de Margarita,Venezuela,NuNuCa Nuß-Nougat-Creme,20 - 450 g glasses,14.0,0,3,Confections,"Desserts, candies, and sweet breads",2015-01,14799.55,High Value
10840,LINOD,4,2015-01-19,2015-03-02,2015-02-16,2,2.71,39,18.0,10,0,180.0,LINO-Delicateses,Felipe Izquierdo,Owner,I. de Margarita,Venezuela,Chartreuse verte,750 cc per bottle,18.0,0,1,Beverages,"Soft drinks, coffees, teas, beers, and ales",2015-01,14799.55,High Value
10841,SUPRD,5,2015-01-20,2015-02-17,2015-01-29,2,424.3,10,31.0,16,0,496.0,Suprêmes délices,Pascale Cartrain,Accounting Manager,Charleroi,Belgium,Ikura,12 - 200 ml jars,31.0,0,8,Seafood,Seaweed and fish,2015-01,24704.4,High Value
10841,SUPRD,5,2015-01-20,2015-02-17,2015-01-29,2,424.3,56,38.0,30,0,1140.0,Suprêmes délices,Pascale Cartrain,Accounting Manager,Charleroi,Belgium,Gnocchi di nonna Alice,24 - 250 g pkgs.,38.0,0,5,Grains & Cereals,"Breads, crackers, pasta, and cereal",2015-01,24704.4,High Value
10841,SUPRD,5,2015-01-20,2015-02-17,2015-01-29,2,424.3,59,55.0,50,0,2750.0,Suprêmes délices,Pascale Cartrain,Accounting Manager,Charleroi,Belgium,Raclette Courdavault,5 kg pkg.,55.0,0,4,Dairy Products,Cheeses,2015-01,24704.4,High Value
10841,SUPRD,5,2015-01-20,2015-02-17,2015-01-29,2,424.3,77,13.0,15,0,195.0,Suprêmes délices,Pascale Cartrain,Accounting Manager,Charleroi,Belgium,Original Frankfurter Grüne Soße,12 boxes,13.0,0,2,Condiments,"Sweet and savory sauces, relishes, spreads, and seasonings",2015-01,24704.4,High Value
10842,TORTU,1,2015-01-20,2015-02-17,2015-01-29,3,54.42,11,21.0,15,0,315.0,Tortuga Restaurante,Miguel Angel Paolino,Owner,Mexico City,Mexico,Queso Cabrales,1 kg pkg.,21.0,0,4,Dairy Products,Cheeses,2015-01,10812.15,High Value
10842,TORTU,1,2015-01-20,2015-02-17,2015-01-29,3,54.42,43,46.0,5,0,230.0,Tortuga Restaurante,Miguel Angel Paolino,Owner,Mexico City,Mexico,Ipoh Coffee,16 - 500 g tins,46.0,0,1,Beverages,"Soft drinks, coffees, teas, beers, and ales",2015-01,10812.15,High Value
10842,TORTU,1,2015-01-20,2015-02-17,2015-01-29,3,54.42,68,12.5,20,0,250.0,Tortuga Restaurante,Miguel Angel Paolino,Owner,Mexico City,Mexico,Scottish Longbreads,10 boxes x 8 pieces,12.5,0,3,Confections,"Desserts, candies, and sweet breads",2015-01,10812.15,High Value
10842,TORTU,1,2015-01-20,2015-02-17,2015-01-29,3,54.42,70,15.0,12,0,180.0,Tortuga Restaurante,Miguel Angel Paolino,Owner,Mexico City,Mexico,Outback Lager,24 - 355 ml bottles,15.0,0,1,Beverages,"Soft drinks, coffees, teas, beers, and ales",2015-01,10812.15,High Value
10843,VICTE,4,2015-01-21,2015-02-18,2015-01-26,2,9.26,51,53.0,4,0,212.0,Victuailles en stock,Mary Saveley,Sales Agent,Lyon,France,Manjimup Dried Apples,50 - 300 g pkgs.,53.0,0,7,Produce,Dried fruit and bean curd,2015-01,9937.1,Medium Value
10844,PICCO,8,2015-01-21,2015-02-18,2015-01-26,2,25.22,22,21.0,35,0,735.0,Piccolo und mehr,Georg Pipps,Sales Manager,Salzburg,Austria,Gustaf's Knackebröd,24 - 500 g pkgs.,21.0,0,5,Grains & Cereals,"Breads, crackers, pasta, and cereal",2015-01,26259.95,High Value
10845,QUICK,8,2015-01-21,2015-02-04,2015-01-30,1,212.98,23,9.0,70,0,630.0,QUICK-Stop,Horst Kloss,Accounting Manager,Cunewalde,Germany,Tunnbröd,12 - 250 g pkgs.,9.0,0,5,Grains & Cereals,"Breads, crackers, pasta, and cereal",2015-01,117483.39,High Value
10845,QUICK,8,2015-01-21,2015-02-04,2015-01-30,1,212.98,35,18.0,25,0,450.0,QUICK-Stop,Horst Kloss,Accounting Manager,Cunewalde,Germany,Steeleye Stout,24 - 12 oz bottles,18.0,0,1,Beverages,"Soft drinks, coffees, teas, beers, and ales",2015-01,117483.39,High Value
10845,QUICK,8,2015-01-21,2015-02-04,2015-01-30,1,212.98,42,14.0,42,0,588.0,QUICK-Stop,Horst Kloss,Accounting Manager,Cunewalde,Germany,Singaporean Hokkien Fried Mee,32 - 1 kg pkgs.,14.0,1,5,Grains & Cereals,"Breads, crackers, pasta, and cereal",2015-01,117483.39,High Value
10845,QUICK,8,2015-01-21,2015-02-04,2015-01-30,1,212.98,58,13.25,60,0,795.0,QUICK-Stop,Horst Kloss,Accounting Manager,Cunewalde,Germany,Escargots de Bourgogne,24 pieces,13.25,0,8,Seafood,Seaweed and fish,2015-01,117483.39,High Value
10845,QUICK,8,2015-01-21,2015-02-04,2015-01-30,1,212.98,64,33.25,48,0,1596.0,QUICK-Stop,Horst Kloss,Accounting Manager,Cunewalde,Germany,Wimmers gute Semmelknödel,20 bags x 4 pieces,33.25,0,5,Grains & Cereals,"Breads, crackers, pasta, and cereal",2015-01,117483.39,High Value
10846,SUPRD,2,2015-01-22,2015-03-05,2015-01-23,3,56.46,4,22.0,21,0,462.0,Suprêmes délices,Pascale Cartrain,Accounting Manager,Charleroi,Belgium,Chef Anton's Cajun Seasoning,48 - 6 oz jars,22.0,0,2,Condiments,"Sweet and savory sauces, relishes, spreads, and seasonings",2015-01,24704.4,High Value
10846,SUPRD,2,2015-01-22,2015-03-05,2015-01-23,3,56.46,70,15.0,30,0,450.0,Suprêmes délices,Pascale Cartrain,Accounting Manager,Charleroi,Belgium,Outback Lager,24 - 355 ml bottles,15.0,0,1,Beverages,"Soft drinks, coffees, teas, beers, and ales",2015-01,24704.4,High Value
10846,SUPRD,2,2015-01-22,2015-03-05,2015-01-23,3,56.46,74,10.0,20,0,200.0,Suprêmes délices,Pascale Cartrain,Accounting Manager,Charleroi,Belgium,Longlife Tofu,5 kg pkg.,10.0,0,7,Produce,Dried fruit and bean curd,2015-01,24704.4,High Value
10847,SAVEA,4,2015-01-22,2015-02-05,2015-02-10,3,487.57,1,18.0,80,0,1440.0,Save-a-lot Markets,Jose Pavarotti,Sales Representative,Boise,USA,Chai,10 boxes x 20 bags,18.0,0,1,Beverages,"Soft drinks, coffees, teas, beers, and ales",2015-01,115673.39,High Value
10847,SAVEA,4,2015-01-22,2015-02-05,2015-02-10,3,487.57,19,9.2,12,0,110.39999999999999,Save-a-lot Markets,Jose Pavarotti,Sales Representative,Boise,USA,Teatime Chocolate Biscuits,10 boxes x 12 pieces,9.2,0,3,Confections,"Desserts, candies, and sweet breads",2015-01,115673.39,High Value
10847,SAVEA,4,2015-01-22,2015-02-05,2015-02-10,3,487.57,37,26.0,60,0,1560.0,Save-a-lot Markets,Jose Pavarotti,Sales Representative,Boise,USA,Gravad lax,12 - 500 g pkgs.,26.0,0,8,Seafood,Seaweed and fish,2015-01,115673.39,High Value
10847,SAVEA,4,2015-01-22,2015-02-05,2015-02-10,3,487.57,45,9.5,36,0,342.0,Save-a-lot Markets,Jose Pavarotti,Sales Representative,Boise,USA,Rogede sild,1k pkg.,9.5,0,8,Seafood,Seaweed and fish,2015-01,115673.39,High Value
10847,SAVEA,4,2015-01-22,2015-02-05,2015-02-10,3,487.57,60,34.0,45,0,1530.0,Save-a-lot Markets,Jose Pavarotti,Sales Representative,Boise,USA,Camembert Pierrot,15 - 300 g rounds,34.0,0,4,Dairy Products,Cheeses,2015-01,115673.39,High Value
10847,SAVEA,4,2015-01-22,2015-02-05,2015-02-10,3,487.57,71,21.5,55,0,1182.5,Save-a-lot Markets,Jose Pavarotti,Sales Representative,Boise,USA,Flotemysost,10 - 500 g pkgs.,21.5,0,4,Dairy Products,Cheeses,2015-01,115673.39,High Value
10848,CONSH,7,2015-01-23,2015-02-20,2015-01-29,2,38.24,5,21.35,30,0,640.5,Consolidated Holdings,Elizabeth Brown,Sales Representative,London,UK,Chef Anton's Gumbo Mix,36 boxes,21.35,1,2,Condiments,"Sweet and savory sauces, relishes, spreads, and seasonings",2015-01,1719.1,Low Value
10848,CONSH,7,2015-01-23,2015-02-20,2015-01-29,2,38.24,9,97.0,3,0,291.0,Consolidated Holdings,Elizabeth Brown,Sales Representative,London,UK,Mishi Kobe Niku,18 - 500 g pkgs.,97.0,1,6,Meat & Poultry,Prepared meats,2015-01,1719.1,Low Value
10849,KOENE,9,2015-01-23,2015-02-20,2015-01-30,2,0.56,3,10.0,49,0,490.0,Königlich Essen,Philip Cramer,Sales Associate,Brandenburg,Germany,Aniseed Syrup,12 - 550 ml bottles,10.0,0,2,Condiments,"Sweet and savory sauces, relishes, spreads, and seasonings",2015-01,31745.75,High Value
10849,KOENE,9,2015-01-23,2015-02-20,2015-01-30,2,0.56,26,31.23,18,0,562.14,Königlich Essen,Philip Cramer,Sales Associate,Brandenburg,Germany,Gumbär Gummibärchen,100 - 250 g bags,31.23,0,3,Confections,"Desserts, candies, and sweet breads",2015-01,31745.75,High Value
10850,VICTE,1,2015-01-23,2015-03-06,2015-01-30,1,49.19,25,14.0,20,0,280.0,Victuailles en stock,Mary Saveley,Sales Agent,Lyon,France,NuNuCa Nuß-Nougat-Creme,20 - 450 g glasses,14.0,0,3,Confections,"Desserts, candies, and sweet breads",2015-01,9937.1,Medium Value
10850,VICTE,1,2015-01-23,2015-03-06,2015-01-30,1,49.19,33,2.5,4,0,10.0,Victuailles en stock,Mary Saveley,Sales Agent,Lyon,France,Geitost,500 g,2.5,0,4,Dairy Products,Cheeses,2015-01,9937.1,Medium Value
10850,VICTE,1,2015-01-23,2015-03-06,2015-01-30,1,49.19,70,15.0,30,0,450.0,Victuailles en stock,Mary Saveley,Sales Agent,Lyon,France,Outback Lager,24 - 355 ml bottles,15.0,0,1,Beverages,"Soft drinks, coffees, teas, beers, and ales",2015-01,9937.1,Medium Value
10851,RICAR,5,2015-01-26,2015-02-23,2015-02-02,1,160.55,2,19.0,5,0,95.0,Ricardo Adocicados,Janete Limeira,Assistant Sales Agent,Rio de Janeiro,Brazil,Chang,24 - 12 oz bottles,19.0,0,1,Beverages,"Soft drinks, coffees, teas, beers, and ales",2015-01,11086.4,High Value
10851,RICAR,5,2015-01-26,2015-02-23,2015-02-02,1,160.55,25,14.0,10,0,140.0,Ricardo Adocicados,Janete Limeira,Assistant Sales Agent,Rio de Janeiro,Brazil,NuNuCa Nuß-Nougat-Creme,20 - 450 g glasses,14.0,0,3,Confections,"Desserts, candies, and sweet breads",2015-01,11086.4,High Value
10851,RICAR,5,2015-01-26,2015-02-23,2015-02-02,1,160.55,57,19.5,10,0,195.0,Ricardo Adocicados,Janete Limeira,Assistant Sales Agent,Rio de Janeiro,Brazil,Ravioli Angelo,24 - 250 g pkgs.,19.5,0,5,Grains & Cereals,"Breads, crackers, pasta, and cereal",2015-01,11086.4,High Value
10851,RICAR,5,2015-01-26,2015-02-23,2015-02-02,1,160.55,59,55.0,42,0,2310.0,Ricardo Adocicados,Janete Limeira,Assistant Sales Agent,Rio de Janeiro,Brazil,Raclette Courdavault,5 kg pkg.,55.0,0,4,Dairy Products,Cheeses,2015-01,11086.4,High Value
10852,RATTC,8,2015-01-26,2015-02-09,2015-01-30,1,174.05,2,19.0,15,0,285.0,Rattlesnake Canyon Grocery,Paula Wilson,Assistant Sales Representative,Albuquerque,USA,Chang,24 - 12 oz bottles,19.0,0,1,Beverages,"Soft drinks, coffees, teas, beers, and ales",2015-01,50871.3,High Value
10852,RATTC,8,2015-01-26,2015-02-09,2015-01-30,1,174.05,17,39.0,6,0,234.0,Rattlesnake Canyon Grocery,Paula Wilson,Assistant Sales Representative,Albuquerque,USA,Alice Mutton,20 - 1 kg tins,39.0,1,6,Meat & Poultry,Prepared meats,2015-01,50871.3,High Value
10852,RATTC,8,2015-01-26,2015-02-09,2015-01-30,1,174.05,62,49.3,50,0,2465.0,Rattlesnake Canyon Grocery,Paula Wilson,Assistant Sales Representative,Albuquerque,USA,Tarte au sucre,48 pies,49.3,0,3,Confections,"Desserts, candies, and sweet breads",2015-01,50871.3,High Value
10853,BLAUS,9,2015-01-27,2015-02-24,2015-02-03,2,53.83,18,62.5,10,0,625.0,Blauer See Delikatessen,Hanna Moos,Sales Representative,Mannheim,Germany,Carnarvon Tigers,16 kg pkg.,62.5,0,8,Seafood,Seaweed and fish,2015-01,2381.8,Low Value
10854,ERNSH,3,2015-01-27,2015-02-24,2015-02-05,2,100.22,10,31.0,100,0,3100.0,Ernst Handel,Roland Mendel,Sales Manager,Graz,Austria,Ikura,12 - 200 ml jars,31.0,0,8,Seafood,Seaweed and fish,2015-01,103115.18,High Value
10854,ERNSH,3,2015-01-27,2015-02-24,2015-02-05,2,100.22,13,6.0,65,0,390.0,Ernst Handel,Roland Mendel,Sales Manager,Graz,Austria,Konbu,2 kg box,6.0,0,8,Seafood,Seaweed and fish,2015-01,103115.18,High Value
10855,OLDWO,3,2015-01-27,2015-02-24,2015-02-04,1,170.97,16,17.45,50,0,872.5,Old World Delicatessen,Rene Phillips,Sales Representative,Anchorage,USA,Pavlova,32 - 500 g boxes,17.45,0,3,Confections,"Desserts, candies, and sweet breads",2015-01,16325.15,High Value
10855,OLDWO,3,2015-01-27,2015-02-24,2015-02-04,1,170.97,31,12.5,14,0,175.0,Old World Delicatessen,Rene Phillips,Sales Representative,Anchorage,USA,Gorgonzola Telino,12 - 100 g pkgs,12.5,0,4,Dairy Products,Cheeses,2015-01,16325.15,High Value
10855,OLDWO,3,2015-01-27,2015-02-24,2015-02-04,1,170.97,56,38.0,24,0,912.0,Old World Delicatessen,Rene Phillips,Sales Representative,Anchorage,USA,Gnocchi di nonna Alice,24 - 250 g pkgs.,38.0,0,5,Grains & Cereals,"Breads, crackers, pasta, and cereal",2015-01,16325.15,High Value
10855,OLDWO,3,2015-01-27,2015-02-24,2015-02-04,1,170.97,65,21.05,15,0,315.75,Old World Delicatessen,Rene Phillips,Sales Representative,Anchorage,USA,Louisiana Fiery Hot Pepper Sauce,32 - 8 oz bottles,21.05,0,2,Condiments,"Sweet and savory sauces, relishes, spreads, and seasonings",2015-01,16325.15,High Value
10856,ANTON,3,2015-01-28,2015-02-25,2015-02-10,2,58.43,2,19.0,20,0,380.0,Antonio Moreno Taquería,Antonio Moreno,Owner,Mexico City,Mexico,Chang,24 - 12 oz bottles,19.0,0,1,Beverages,"Soft drinks, coffees, teas, beers, and ales",2015-01,7515.35,Medium Value
10856,ANTON,3,2015-01-28,2015-02-25,2015-02-10,2,58.43,42,14.0,20,0,280.0,Antonio Moreno Taquería,Antonio Moreno,Owner,Mexico City,Mexico,Singaporean Hokkien Fried Mee,32 - 1 kg pkgs.,14.0,1,5,Grains & Cereals,"Breads, crackers, pasta, and cereal",2015-01,7515.35,Medium Value
10857,BERGS,8,2015-01-28,2015-02-25,2015-02-06,2,188.85,3,10.0,30,0,300.0,Berglunds snabbköp,Christina Berglund,Order Administrator,Luleå,Sweden,Aniseed Syrup,12 - 550 ml bottles,10.0,0,2,Condiments,"Sweet and savory sauces, relishes, spreads, and seasonings",2015-01,26968.149999999998,High Value
10857,BERGS,8,2015-01-28,2015-02-25,2015-02-06,2,188.85,26,31.23,35,0,1093.05,Berglunds snabbköp,Christina Berglund,Order Administrator,Luleå,Sweden,Gumbär Gummibärchen,100 - 250 g bags,31.23,0,3,Confections,"Desserts, candies, and sweet breads",2015-01,26968.149999999998,High Value
10857,BERGS,8,2015-01-28,2015-02-25,2015-02-06,2,188.85,29,123.79,10,0,1237.9,Berglunds snabbköp,Christina Berglund,Order Administrator,Luleå,Sweden,Thüringer Rostbratwurst,50 bags x 30 sausgs.,123.79,1,6,Meat & Poultry,Prepared meats,2015-01,26968.149999999998,High Value
10858,LACOR,2,2015-01-29,2015-02-26,2015-02-03,1,52.51,7,30.0,5,0,150.0,La corne d'abondance,Daniel Tonini,Sales Representative,Versailles,France,Uncle Bob's Organic Dried Pears,12 - 1 lb pkgs.,30.0,0,7,Produce,Dried fruit and bean curd,2015-01,1992.05,Low Value
10858,LACOR,2,2015-01-29,2015-02-26,2015-02-03,1,52.51,27,43.9,10,0,439.0,La corne d'abondance,Daniel Tonini,Sales Representative,Versailles,France,Schoggi Schokolade,100 - 100 g pieces,43.9,0,3,Confections,"Desserts, candies, and sweet breads",2015-01,1992.05,Low Value
10858,LACOR,2,2015-01-29,2015-02-26,2015-02-03,1,52.51,70,15.0,4,0,60.0,La corne d'abondance,Daniel Tonini,Sales Representative,Versailles,France,Outback Lager,24 - 355 ml bottles,15.0,0,1,Beverages,"Soft drinks, coffees, teas, beers, and ales",2015-01,1992.05,Low Value
10859,FRANK,1,2015-01-29,2015-02-26,2015-02-02,2,76.1,24,4.5,40,0,180.0,Frankenversand,Peter Franken,Marketing Manager,München,Germany,Guarana Fantastica,12 - 355 ml cans,4.5,1,1,Beverages,"Soft drinks, coffees, teas, beers, and ales",2015-01,28722.71,High Value
10859,FRANK,1,2015-01-29,2015-02-26,2015-02-02,2,76.1,54,7.45,35,0,260.75,Frankenversand,Peter Franken,Marketing Manager,München,Germany,Tourtière,16 pies,7.45,0,6,Meat & Poultry,Prepared meats,2015-01,28722.71,High Value
10859,FRANK,1,2015-01-29,2015-02-26,2015-02-02,2,76.1,64,33.25,30,0,997.5,Frankenversand,Peter Franken,Marketing Manager,München,Germany,Wimmers gute Semmelknödel,20 bags x 4 pieces,33.25,0,5,Grains & Cereals,"Breads, crackers, pasta, and cereal",2015-01,28722.71,High Value
10860,FRANR,3,2015-01-29,2015-02-26,2015-02-04,3,19.26,51,53.0,3,0,159.0,France restauration,Carine Schmitt,Marketing Manager,Nantes,France,Manjimup Dried Apples,50 - 300 g pkgs.,53.0,0,7,Produce,Dried fruit and bean curd,2015-01,3172.1600000000003,Low Value
10860,FRANR,3,2015-01-29,2015-02-26,2015-02-04,3,19.26,76,18.0,20,0,360.0,France restauration,Carine Schmitt,Marketing Manager,Nantes,France,Lakkaliköri,500 ml,18.0,0,1,Beverages,"Soft drinks, coffees, teas, beers, and ales",2015-01,3172.1600000000003,Low Value
10861,WHITC,4,2015-01-30,2015-02-27,2015-02-17,2,14.93,17,39.0,42,0,1638.0,White Clover Markets,Karl Jablonski,Owner,Seattle,USA,Alice Mutton,20 - 1 kg tins,39.0,1,6,Meat & Poultry,Prepared meats,2015-01,29073.45,High Value
10861,WHITC,4,2015-01-30,2015-02-27,2015-02-17,2,14.93,18,62.5,20,0,1250.0,White Clover Markets,Karl Jablonski,Owner,Seattle,USA,Carnarvon Tigers,16 kg pkg.,62.5,0,8,Seafood,Seaweed and fish,2015-01,29073.45,High Value
10861,WHITC,4,2015-01-30,2015-02-27,2015-02-17,2,14.93,21,10.0,40,0,400.0,White Clover Markets,Karl Jablonski,Owner,Seattle,USA,Sir Rodney's Scones,24 pkgs. x 4 pieces,10.0,0,3,Confections,"Desserts, candies, and sweet breads",2015-01,29073.45,High Value
10861,WHITC,4,2015-01-30,2015-02-27,2015-02-17,2,14.93,33,2.5,35,0,87.5,White Clover Markets,Karl Jablonski,Owner,Seattle,USA,Geitost,500 g,2.5,0,4,Dairy Products,Cheeses,2015-01,29073.45,High Value
10861,WHITC,4,2015-01-30,2015-02-27,2015-02-17,2,14.93,62,49.3,3,0,147.89999999999998,White Clover Markets,Karl Jablonski,Owner,Seattle,USA,Tarte au sucre,48 pies,49.3,0,3,Confections,"Desserts, candies, and sweet breads",2015-01,29073.45,High Value
10862,LEHMS,8,2015-01-30,2015-03-13,2015-02-02,2,53.23,11,21.0,25,0,525.0,Lehmanns Marktstand,Renate Messner,Sales Representative,Frankfurt a.M.,Germany,Queso Cabrales,1 kg pkg.,21.0,0,4,Dairy Products,Cheeses,2015-01,19408.52,High Value
10862,LEHMS,8,2015-01-30,2015-03-13,2015-02-02,2,53.23,52,7.0,8,0,56.0,Lehmanns Marktstand,Renate Messner,Sales Representative,Frankfurt a.M.,Germany,Filo Mix,16 - 2 kg boxes,7.0,0,5,Grains & Cereals,"Breads, crackers, pasta, and cereal",2015-01,19408.52,High Value
10863,HILAA,4,2015-02-02,2015-03-02,2015-02-17,2,30.26,1,18.0,20,0,360.0,HILARION-Abastos,Carlos Hernández,Sales Representative,San Cristóbal,Venezuela,Chai,10 boxes x 20 bags,18.0,0,1,Beverages,"Soft drinks, coffees, teas, beers, and ales",2015-02,23611.58,High Value
10863,HILAA,4,2015-02-02,2015-03-02,2015-02-17,2,30.26,58,13.25,12,0,159.0,HILARION-Abastos,Carlos Hernández,Sales Representative,San Cristóbal,Venezuela,Escargots de Bourgogne,24 pieces,13.25,0,8,Seafood,Seaweed and fish,2015-02,23611.58,High Value
10864,AROUT,4,2015-02-02,2015-03-02,2015-02-09,2,3.04,35,18.0,4,0,72.0,Around the Horn,Thomas Hardy,Sales Representative,London,UK,Steeleye Stout,24 - 12 oz bottles,18.0,0,1,Beverages,"Soft drinks, coffees, teas, beers, and ales",2015-02,13806.5,High Value
10864,AROUT,4,2015-02-02,2015-03-02,2015-02-09,2,3.04,67,14.0,15,0,210.0,Around the Horn,Thomas Hardy,Sales Representative,London,UK,Laughing Lumberjack Lager,24 - 12 oz bottles,14.0,0,1,Beverages,"Soft drinks, coffees, teas, beers, and ales",2015-02,13806.5,High Value
10865,QUICK,2,2015-02-02,2015-02-16,2015-02-12,1,348.14,38,263.5,60,0,15810.0,QUICK-Stop,Horst Kloss,Accounting Manager,Cunewalde,Germany,Côte de Blaye,12 - 75 cl bottles,263.5,0,1,Beverages,"Soft drinks, coffees, teas, beers, and ales",2015-02,117483.39,High Value
10865,QUICK,2,2015-02-02,2015-02-16,2015-02-12,1,348.14,39,18.0,80,0,1440.0,QUICK-Stop,Horst Kloss,Accounting Manager,Cunewalde,Germany,Chartreuse verte,750 cc per bottle,18.0,0,1,Beverages,"Soft drinks, coffees, teas, beers, and ales",2015-02,117483.39,High Value
10866,BERGS,5,2015-02-03,2015-03-03,2015-02-12,1,109.11,2,19.0,21,0,399.0,Berglunds snabbköp,Christina Berglund,Order Administrator,Luleå,Sweden,Chang,24 - 12 oz bottles,19.0,0,1,Beverages,"Soft drinks, coffees, teas, beers, and ales",2015-02,26968.149999999998,High Value
10866,BERGS,5,2015-02-03,2015-03-03,2015-02-12,1,109.11,24,4.5,6,0,27.0,Berglunds snabbköp,Christina Berglund,Order Administrator,Luleå,Sweden,Guarana Fantastica,12 - 355 ml cans,4.5,1,1,Beverages,"Soft drinks, coffees, teas, beers, and ales",2015-02,26968.149999999998,High Value
10866,BERGS,5,2015-02-03,2015-03-03,2015-02-12,1,109.11,30,25.89,40,0,1035.6,Berglunds snabbköp,Christina Berglund,Order Administrator,Luleå,Sweden,Nord-Ost Matjeshering,10 - 200 g glasses,25.89,0,8,Seafood,Seaweed and fish,2015-02,26968.149999999998,High Value
10867,LONEP,6,2015-02-03,2015-03-17,2015-02-11,1,1.93,53,32.8,3,0,98.39999999999999,Lonesome Pine Restaurant,Fran Wilson,Sales Manager,Portland,USA,Perth Pasties,48 pieces,32.8,1,6,Meat & Poultry,Prepared meats,2015-02,4258.6,Low Value
10868,QUEEN,7,2015-02-04,2015-03-04,2015-02-23,2,191.27,26,31.23,20,0,624.6,Queen Cozinha,Lúcia Carvalho,Marketing Assistant,Sao Paulo,Brazil,Gumbär Gummibärchen,100 - 250 g bags,31.23,0,3,Confections,"Desserts, candies, and sweet breads",2015-02,27841.3,High Value
10868,QUEEN,7,2015-02-04,2015-03-04,2015-02-23,2,191.27,35,18.0,30,0,540.0,Queen Cozinha,Lúcia Carvalho,Marketing Assistant,Sao Paulo,Brazil,Steeleye Stout,24 - 12 oz bottles,18.0,0,1,Beverages,"Soft drinks, coffees, teas, beers, and ales",2015-02,27841.3,High Value
10868,QUEEN,7,2015-02-04,2015-03-04,2015-02-23,2,191.27,49,20.0,42,0,840.0,Queen Cozinha,Lúcia Carvalho,Marketing Assistant,Sao Paulo,Brazil,Maxilaku,24 - 50 g pkgs.,20.0,0,3,Confections,"Desserts, candies, and sweet breads",2015-02,27841.3,High Value
10869,SEVES,5,2015-02-04,2015-03-04,2015-02-09,1,143.28,1,18.0,40,0,720.0,Seven Seas Imports,Hari Kumar,Sales Manager,London,UK,Chai,10 boxes x 20 bags,18.0,0,1,Beverages,"Soft drinks, coffees, teas, beers, and ales",2015-02,17172.05,High Value
10869,SEVES,5,2015-02-04,2015-03-04,2015-02-09,1,143.28,11,21.0,10,0,210.0,Seven Seas Imports,Hari Kumar,Sales Manager,London,UK,Queso Cabrales,1 kg pkg.,21.0,0,4,Dairy Products,Cheeses,2015-02,17172.05,High Value
10869,SEVES,5,2015-02-04,2015-03-04,2015-02-09,1,143.28,23,9.0,50,0,450.0,Seven Seas Imports,Hari Kumar,Sales Manager,London,UK,Tunnbröd,12 - 250 g pkgs.,9.0,0,5,Grains & Cereals,"Breads, crackers, pasta, and cereal",2015-02,17172.05,High Value
10869,SEVES,5,2015-02-04,2015-03-04,2015-02-09,1,143.28,68,12.5,20,0,250.0,Seven Seas Imports,Hari Kumar,Sales Manager,London,UK,Scottish Longbreads,10 boxes x 8 pieces,12.5,0,3,Confections,"Desserts, candies, and sweet breads",2015-02,17172.05,High Value
10870,WOLZA,5,2015-02-04,2015-03-04,2015-02-13,3,12.04,35,18.0,3,0,54.0,Wolski  Zajazd,Zbyszek Piestrzeniewicz,Owner,Warszawa,Poland,Steeleye Stout,24 - 12 oz bottles,18.0,0,1,Beverages,"Soft drinks, coffees, teas, beers, and ales",2015-02,3531.95,Low Value
10870,WOLZA,5,2015-02-04,2015-03-04,2015-02-13,3,12.04,51,53.0,2,0,106.0,Wolski  Zajazd,Zbyszek Piestrzeniewicz,Owner,Warszawa,Poland,Manjimup Dried Apples,50 - 300 g pkgs.,53.0,0,7,Produce,Dried fruit and bean curd,2015-02,3531.95,Low Value
10871,BONAP,9,2015-02-05,2015-03-05,2015-02-10,2,112.27,6,25.0,50,0,1250.0,Bon app',Laurence Lebihan,Owner,Marseille,France,Grandma's Boysenberry Spread,12 - 8 oz jars,25.0,0,2,Condiments,"Sweet and savory sauces, relishes, spreads, and seasonings",2015-02,22793.95,High Value
10871,BONAP,9,2015-02-05,2015-03-05,2015-02-10,2,112.27,16,17.45,12,0,209.39999999999998,Bon app',Laurence Lebihan,Owner,Marseille,France,Pavlova,32 - 500 g boxes,17.45,0,3,Confections,"Desserts, candies, and sweet breads",2015-02,22793.95,High Value
10871,BONAP,9,2015-02-05,2015-03-05,2015-02-10,2,112.27,17,39.0,16,0,624.0,Bon app',Laurence Lebihan,Owner,Marseille,France,Alice Mutton,20 - 1 kg tins,39.0,1,6,Meat & Poultry,Prepared meats,2015-02,22793.95,High Value
10872,GODOS,5,2015-02-05,2015-03-05,2015-02-09,2,175.32,55,24.0,10,0,240.0,Godos Cocina Típica,José Pedro Freyre,Sales Manager,Sevilla,Spain,Pâté chinois,24 boxes x 2 pies,24.0,0,6,Meat & Poultry,Prepared meats,2015-02,11830.1,High Value
10872,GODOS,5,2015-02-05,2015-03-05,2015-02-09,2,175.32,62,49.3,20,0,986.0,Godos Cocina Típica,José Pedro Freyre,Sales Manager,Sevilla,Spain,Tarte au sucre,48 pies,49.3,0,3,Confections,"Desserts, candies, and sweet breads",2015-02,11830.1,High Value
10872,GODOS,5,2015-02-05,2015-03-05,2015-02-09,2,175.32,64,33.25,15,0,498.75,Godos Cocina Típica,José Pedro Freyre,Sales Manager,Sevilla,Spain,Wimmers gute Semmelknödel,20 bags x 4 pieces,33.25,0,5,Grains & Cereals,"Breads, crackers, pasta, and cereal",2015-02,11830.1,High Value
10872,GODOS,5,2015-02-05,2015-03-05,2015-02-09,2,175.32,65,21.05,21,0,442.05,Godos Cocina Típica,José Pedro Freyre,Sales Manager,Sevilla,Spain,Louisiana Fiery Hot Pepper Sauce,32 - 8 oz bottles,21.05,0,2,Condiments,"Sweet and savory sauces, relishes, spreads, and seasonings",2015-02,11830.1,High Value
10873,WILMK,4,2015-02-06,2015-03-06,2015-02-09,1,0.82,21,10.0,20,0,200.0,Wilman Kala,Matti Karttunen,Owner/Marketing Assistant,Helsinki,Finland,Sir Rodney's Scones,24 pkgs. x 4 pieces,10.0,0,3,Confections,"Desserts, candies, and sweet breads",2015-02,3161.35,Low Value
10873,WILMK,4,2015-02-06,2015-03-06,2015-02-09,1,0.82,28,45.6,3,0,136.8,Wilman Kala,Matti Karttunen,Owner/Marketing Assistant,Helsinki,Finland,Rössle Sauerkraut,25 - 825 g cans,45.6,1,7,Produce,Dried fruit and bean curd,2015-02,3161.35,Low Value
10874,GODOS,5,2015-02-06,2015-03-06,2015-02-11,2,19.58,10,31.0,10,0,310.0,Godos Cocina Típica,José Pedro Freyre,Sales Manager,Sevilla,Spain,Ikura,12 - 200 ml jars,31.0,0,8,Seafood,Seaweed and fish,2015-02,11830.1,High Value
10875,BERGS,4,2015-02-06,2015-03-06,2015-03-03,2,32.37,19,9.2,25,0,229.99999999999997,Berglunds snabbköp,Christina Berglund,Order Administrator,Luleå,Sweden,Teatime Chocolate Biscuits,10 boxes x 12 pieces,9.2,0,3,Confections,"Desserts, candies, and sweet breads",2015-02,26968.149999999998,High Value
10875,BERGS,4,2015-02-06,2015-03-06,2015-03-03,2,32.37,47,9.5,21,0,199.5,Berglunds snabbköp,Christina Berglund,Order Administrator,Luleå,Sweden,Zaanse koeken,10 - 4 oz boxes,9.5,0,3,Confections,"Desserts, candies, and sweet breads",2015-02,26968.149999999998,High Value
10875,BERGS,4,2015-02-06,2015-03-06,2015-03-03,2,32.37,49,20.0,15,0,300.0,Berglunds snabbköp,Christina Berglund,Order Administrator,Luleå,Sweden,Maxilaku,24 - 50 g pkgs.,20.0,0,3,Confections,"Desserts, candies, and sweet breads",2015-02,26968.149999999998,High Value
10876,BONAP,7,2015-02-09,2015-03-09,2015-02-12,3,60.42,46,12.0,21,0,252.0,Bon app',Laurence Lebihan,Owner,Marseille,France,Spegesild,4 - 450 g glasses,12.0,0,8,Seafood,Seaweed and fish,2015-02,22793.95,High Value
10876,BONAP,7,2015-02-09,2015-03-09,2015-02-12,3,60.42,64,33.25,20,0,665.0,Bon app',Laurence Lebihan,Owner,Marseille,France,Wimmers gute Semmelknödel,20 bags x 4 pieces,33.25,0,5,Grains & Cereals,"Breads, crackers, pasta, and cereal",2015-02,22793.95,High Value
10877,RICAR,1,2015-02-09,2015-03-09,2015-02-19,1,38.06,16,17.45,30,0,523.5,Ricardo Adocicados,Janete Limeira,Assistant Sales Agent,Rio de Janeiro,Brazil,Pavlova,32 - 500 g boxes,17.45,0,3,Confections,"Desserts, candies, and sweet breads",2015-02,11086.4,High Value
10877,RICAR,1,2015-02-09,2015-03-09,2015-02-19,1,38.06,18,62.5,25,0,1562.5,Ricardo Adocicados,Janete Limeira,Assistant Sales Agent,Rio de Janeiro,Brazil,Carnarvon Tigers,16 kg pkg.,62.5,0,8,Seafood,Seaweed and fish,2015-02,11086.4,High Value
10878,QUICK,4,2015-02-10,2015-03-10,2015-02-12,1,46.69,20,81.0,20,0,1620.0,QUICK-Stop,Horst Kloss,Accounting Manager,Cunewalde,Germany,Sir Rodney's Marmalade,30 gift boxes,81.0,0,3,Confections,"Desserts, candies, and sweet breads",2015-02,117483.39,High Value
10879,WILMK,3,2015-02-10,2015-03-10,2015-02-12,3,8.5,40,18.4,12,0,220.79999999999998,Wilman Kala,Matti Karttunen,Owner/Marketing Assistant,Helsinki,Finland,Boston Crab Meat,24 - 4 oz tins,18.4,0,8,Seafood,Seaweed and fish,2015-02,3161.35,Low Value
10879,WILMK,3,2015-02-10,2015-03-10,2015-02-12,3,8.5,65,21.05,10,0,210.5,Wilman Kala,Matti Karttunen,Owner/Marketing Assistant,Helsinki,Finland,Louisiana Fiery Hot Pepper Sauce,32 - 8 oz bottles,21.05,0,2,Condiments,"Sweet and savory sauces, relishes, spreads, and seasonings",2015-02,3161.35,Low Value
10879,WILMK,3,2015-02-10,2015-03-10,2015-02-12,3,8.5,76,18.0,10,0,180.0,Wilman Kala,Matti Karttunen,Owner/Marketing Assistant,Helsinki,Finland,Lakkaliköri,500 ml,18.0,0,1,Beverages,"Soft drinks, coffees, teas, beers, and ales",2015-02,3161.35,Low Value
10880,FOLKO,7,2015-02-10,2015-03-24,2015-02-18,1,88.01,23,9.0,30,0,270.0,Folk och fä HB,Maria Larsson,Owner,Bräcke,Sweden,Tunnbröd,12 - 250 g pkgs.,9.0,0,5,Grains & Cereals,"Breads, crackers, pasta, and cereal",2015-02,32555.55,High Value
10880,FOLKO,7,2015-02-10,2015-03-24,2015-02-18,1,88.01,61,28.5,30,0,855.0,Folk och fä HB,Maria Larsson,Owner,Bräcke,Sweden,Sirop d'érable,24 - 500 ml bottles,28.5,0,2,Condiments,"Sweet and savory sauces, relishes, spreads, and seasonings",2015-02,32555.55,High Value
10880,FOLKO,7,2015-02-10,2015-03-24,2015-02-18,1,88.01,70,15.0,50,0,750.0,Folk och fä HB,Maria Larsson,Owner,Bräcke,Sweden,Outback Lager,24 - 355 ml bottles,15.0,0,1,Beverages,"Soft drinks, coffees, teas, beers, and ales",2015-02,32555.55,High Value
10881,CACTU,4,2015-02-11,2015-03-11,2015-02-18,1,2.84,73,15.0,10,0,150.0,Cactus Comidas para llevar,Patricio Simpson,Sales Agent,Buenos Aires,Argentina,Röd Kaviar,24 - 150 g jars,15.0,0,8,Seafood,Seaweed and fish,2015-02,1509.8,Low Value
10882,SAVEA,4,2015-02-11,2015-03-11,2015-02-20,3,23.1,42,14.0,25,0,350.0,Save-a-lot Markets,Jose Pavarotti,Sales Representative,Boise,USA,Singaporean Hokkien Fried Mee,32 - 1 kg pkgs.,14.0,1,5,Grains & Cereals,"Breads, crackers, pasta, and cereal",2015-02,115673.39,High Value
10882,SAVEA,4,2015-02-11,2015-03-11,2015-02-20,3,23.1,49,20.0,20,0,400.0,Save-a-lot Markets,Jose Pavarotti,Sales Representative,Boise,USA,Maxilaku,24 - 50 g pkgs.,20.0,0,3,Confections,"Desserts, candies, and sweet breads",2015-02,115673.39,High Value
10882,SAVEA,4,2015-02-11,2015-03-11,2015-02-20,3,23.1,54,7.45,32,0,238.4,Save-a-lot Markets,Jose Pavarotti,Sales Representative,Boise,USA,Tourtière,16 pies,7.45,0,6,Meat & Poultry,Prepared meats,2015-02,115673.39,High Value
10883,LONEP,8,2015-02-12,2015-03-12,2015-02-20,3,0.53,24,4.5,8,0,36.0,Lonesome Pine Restaurant,Fran Wilson,Sales Manager,Portland,USA,Guarana Fantastica,12 - 355 ml cans,4.5,1,1,Beverages,"Soft drinks, coffees, teas, beers, and ales",2015-02,4258.6,Low Value
10884,LETSS,4,2015-02-12,2015-03-12,2015-02-13,2,90.97,21,10.0,40,0,400.0,Let's Stop N Shop,Jaime Yorres,Owner,San Francisco,USA,Sir Rodney's Scones,24 pkgs. x 4 pieces,10.0,0,3,Confections,"Desserts, candies, and sweet breads",2015-02,3490.02,Low Value
10884,LETSS,4,2015-02-12,2015-03-12,2015-02-13,2,90.97,56,38.0,21,0,798.0,Let's Stop N Shop,Jaime Yorres,Owner,San Francisco,USA,Gnocchi di nonna Alice,24 - 250 g pkgs.,38.0,0,5,Grains & Cereals,"Breads, crackers, pasta, and cereal",2015-02,3490.02,Low Value
10884,LETSS,4,2015-02-12,2015-03-12,2015-02-13,2,90.97,65,21.05,12,0,252.60000000000002,Let's Stop N Shop,Jaime Yorres,Owner,San Francisco,USA,Louisiana Fiery Hot Pepper Sauce,32 - 8 oz bottles,21.05,0,2,Condiments,"Sweet and savory sauces, relishes, spreads, and seasonings",2015-02,3490.02,Low Value
10885,SUPRD,6,2015-02-12,2015-03-12,2015-02-18,3,5.64,2,19.0,20,0,380.0,Suprêmes délices,Pascale Cartrain,Accounting Manager,Charleroi,Belgium,Chang,24 - 12 oz bottles,19.0,0,1,Beverages,"Soft drinks, coffees, teas, beers, and ales",2015-02,24704.4,High Value
10885,SUPRD,6,2015-02-12,2015-03-12,2015-02-18,3,5.64,24,4.5,12,0,54.0,Suprêmes délices,Pascale Cartrain,Accounting Manager,Charleroi,Belgium,Guarana Fantastica,12 - 355 ml cans,4.5,1,1,Beverages,"Soft drinks, coffees, teas, beers, and ales",2015-02,24704.4,High Value
10885,SUPRD,6,2015-02-12,2015-03-12,2015-02-18,3,5.64,70,15.0,30,0,450.0,Suprêmes délices,Pascale Cartrain,Accounting Manager,Charleroi,Belgium,Outback Lager,24 - 355 ml bottles,15.0,0,1,Beverages,"Soft drinks, coffees, teas, beers, and ales",2015-02,24704.4,High Value
10885,SUPRD,6,2015-02-12,2015-03-12,2015-02-18,3,5.64,77,13.0,25,0,325.0,Suprêmes délices,Pascale Cartrain,Accounting Manager,Charleroi,Belgium,Original Frankfurter Grüne Soße,12 boxes,13.0,0,2,Condiments,"Sweet and savory sauces, relishes, spreads, and seasonings",2015-02,24704.4,High Value
10886,HANAR,1,2015-02-13,2015-03-13,2015-03-02,1,4.99,10,31.0,70,0,2170.0,Hanari Carnes,Mario Pontes,Accounting Manager,Rio de Janeiro,Brazil,Ikura,12 - 200 ml jars,31.0,0,8,Seafood,Seaweed and fish,2015-02,34101.15,High Value
10886,HANAR,1,2015-02-13,2015-03-13,2015-03-02,1,4.99,31,12.5,35,0,437.5,Hanari Carnes,Mario Pontes,Accounting Manager,Rio de Janeiro,Brazil,Gorgonzola Telino,12 - 100 g pkgs,12.5,0,4,Dairy Products,Cheeses,2015-02,34101.15,High Value
10886,HANAR,1,2015-02-13,2015-03-13,2015-03-02,1,4.99,77,13.0,40,0,520.0,Hanari Carnes,Mario Pontes,Accounting Manager,Rio de Janeiro,Brazil,Original Frankfurter Grüne Soße,12 boxes,13.0,0,2,Condiments,"Sweet and savory sauces, relishes, spreads, and seasonings",2015-02,34101.15,High Value
10887,GALED,8,2015-02-13,2015-03-13,2015-02-16,3,1.25,25,14.0,5,0,70.0,Galería del gastrónomo,Eduardo Saavedra,Marketing Manager,Barcelona,Spain,NuNuCa Nuß-Nougat-Creme,20 - 450 g glasses,14.0,0,3,Confections,"Desserts, candies, and sweet breads",2015-02,836.7,Low Value
10888,GODOS,1,2015-02-16,2015-03-16,2015-02-23,2,51.87,2,19.0,20,0,380.0,Godos Cocina Típica,José Pedro Freyre,Sales Manager,Sevilla,Spain,Chang,24 - 12 oz bottles,19.0,0,1,Beverages,"Soft drinks, coffees, teas, beers, and ales",2015-02,11830.1,High Value
10888,GODOS,1,2015-02-16,2015-03-16,2015-02-23,2,51.87,68,12.5,18,0,225.0,Godos Cocina Típica,José Pedro Freyre,Sales Manager,Sevilla,Spain,Scottish Longbreads,10 boxes x 8 pieces,12.5,0,3,Confections,"Desserts, candies, and sweet breads",2015-02,11830.1,High Value
10889,RATTC,9,2015-02-16,2015-03-16,2015-02-23,3,280.61,11,21.0,40,0,840.0,Rattlesnake Canyon Grocery,Paula Wilson,Assistant Sales Representative,Albuquerque,USA,Queso Cabrales,1 kg pkg.,21.0,0,4,Dairy Products,Cheeses,2015-02,50871.3,High Value
10889,RATTC,9,2015-02-16,2015-03-16,2015-02-23,3,280.61,38,263.5,40,0,10540.0,Rattlesnake Canyon Grocery,Paula Wilson,Assistant Sales Representative,Albuquerque,USA,Côte de Blaye,12 - 75 cl bottles,263.5,0,1,Beverages,"Soft drinks, coffees, teas, beers, and ales",2015-02,50871.3,High Value
10890,DUMON,7,2015-02-16,2015-03-16,2015-02-18,1,32.76,17,39.0,15,0,585.0,Du monde entier,Janine Labrune,Owner,Nantes,France,Alice Mutton,20 - 1 kg tins,39.0,1,6,Meat & Poultry,Prepared meats,2015-02,1615.8999999999999,Low Value
10890,DUMON,7,2015-02-16,2015-03-16,2015-02-18,1,32.76,34,14.0,10,0,140.0,Du monde entier,Janine Labrune,Owner,Nantes,France,Sasquatch Ale,24 - 12 oz bottles,14.0,0,1,Beverages,"Soft drinks, coffees, teas, beers, and ales",2015-02,1615.8999999999999,Low Value
10890,DUMON,7,2015-02-16,2015-03-16,2015-02-18,1,32.76,41,9.65,14,0,135.1,Du monde entier,Janine Labrune,Owner,Nantes,France,Jack's New England Clam Chowder,12 - 12 oz cans,9.65,0,8,Seafood,Seaweed and fish,2015-02,1615.8999999999999,Low Value
10891,LEHMS,7,2015-02-17,2015-03-17,2015-02-19,2,20.37,30,25.89,15,0,388.35,Lehmanns Marktstand,Renate Messner,Sales Representative,Frankfurt a.M.,Germany,Nord-Ost Matjeshering,10 - 200 g glasses,25.89,0,8,Seafood,Seaweed and fish,2015-02,19408.52,High Value
10892,MAISD,4,2015-02-17,2015-03-17,2015-02-19,2,120.27,59,55.0,40,0,2200.0,Maison Dewey,Catherine Dewey,Sales Agent,Bruxelles,Belgium,Raclette Courdavault,5 kg pkg.,55.0,0,4,Dairy Products,Cheeses,2015-02,10430.58,High Value
10893,KOENE,9,2015-02-18,2015-03-18,2015-02-20,2,77.78,8,40.0,30,0,1200.0,Königlich Essen,Philip Cramer,Sales Associate,Brandenburg,Germany,Northwoods Cranberry Sauce,12 - 12 oz jars,40.0,0,2,Condiments,"Sweet and savory sauces, relishes, spreads, and seasonings",2015-02,31745.75,High Value
10893,KOENE,9,2015-02-18,2015-03-18,2015-02-20,2,77.78,24,4.5,10,0,45.0,Königlich Essen,Philip Cramer,Sales Associate,Brandenburg,Germany,Guarana Fantastica,12 - 355 ml cans,4.5,1,1,Beverages,"Soft drinks, coffees, teas, beers, and ales",2015-02,31745.75,High Value
10893,KOENE,9,2015-02-18,2015-03-18,2015-02-20,2,77.78,29,123.79,24,0,2970.96,Königlich Essen,Philip Cramer,Sales Associate,Brandenburg,Germany,Thüringer Rostbratwurst,50 bags x 30 sausgs.,123.79,1,6,Meat & Poultry,Prepared meats,2015-02,31745.75,High Value
10893,KOENE,9,2015-02-18,2015-03-18,2015-02-20,2,77.78,30,25.89,35,0,906.15,Königlich Essen,Philip Cramer,Sales Associate,Brandenburg,Germany,Nord-Ost Matjeshering,10 - 200 g glasses,25.89,0,8,Seafood,Seaweed and fish,2015-02,31745.75,High Value
10893,KOENE,9,2015-02-18,2015-03-18,2015-02-20,2,77.78,36,19.0,20,0,380.0,Königlich Essen,Philip Cramer,Sales Associate,Brandenburg,Germany,Inlagd Sill,24 - 250 g  jars,19.0,0,8,Seafood,Seaweed and fish,2015-02,31745.75,High Value
10894,SAVEA,1,2015-02-18,2015-03-18,2015-02-20,1,116.13,13,6.0,28,0,168.0,Save-a-lot Markets,Jose Pavarotti,Sales Representative,Boise,USA,Konbu,2 kg box,6.0,0,8,Seafood,Seaweed and fish,2015-02,115673.39,High Value
10894,SAVEA,1,2015-02-18,2015-03-18,2015-02-20,1,116.13,69,36.0,50,0,1800.0,Save-a-lot Markets,Jose Pavarotti,Sales Representative,Boise,USA,Gudbrandsdalsost,10 kg pkg.,36.0,0,4,Dairy Products,Cheeses,2015-02,115673.39,High Value
10894,SAVEA,1,2015-02-18,2015-03-18,2015-02-20,1,116.13,75,7.75,120,0,930.0,Save-a-lot Markets,Jose Pavarotti,Sales Representative,Boise,USA,Rhönbräu Klosterbier,24 - 0.5 l bottles,7.75,0,1,Beverages,"Soft drinks, coffees, teas, beers, and ales",2015-02,115673.39,High Value
10895,ERNSH,3,2015-02-18,2015-03-18,2015-02-23,1,162.75,24,4.5,110,0,495.0,Ernst Handel,Roland Mendel,Sales Manager,Graz,Austria,Guarana Fantastica,12 - 355 ml cans,4.5,1,1,Beverages,"Soft drinks, coffees, teas, beers, and ales",2015-02,103115.18,High Value
10895,ERNSH,3,2015-02-18,2015-03-18,2015-02-23,1,162.75,39,18.0,45,0,810.0,Ernst Handel,Roland Mendel,Sales Manager,Graz,Austria,Chartreuse verte,750 cc per bottle,18.0,0,1,Beverages,"Soft drinks, coffees, teas, beers, and ales",2015-02,103115.18,High Value
10895,ERNSH,3,2015-02-18,2015-03-18,2015-02-23,1,162.75,40,18.4,91,0,1674.3999999999999,Ernst Handel,Roland Mendel,Sales Manager,Graz,Austria,Boston Crab Meat,24 - 4 oz tins,18.4,0,8,Seafood,Seaweed and fish,2015-02,103115.18,High Value
10895,ERNSH,3,2015-02-18,2015-03-18,2015-02-23,1,162.75,60,34.0,100,0,3400.0,Ernst Handel,Roland Mendel,Sales Manager,Graz,Austria,Camembert Pierrot,15 - 300 g rounds,34.0,0,4,Dairy Products,Cheeses,2015-02,103115.18,High Value
10896,MAISD,7,2015-02-19,2015-03-19,2015-02-27,3,32.45,45,9.5,15,0,142.5,Maison Dewey,Catherine Dewey,Sales Agent,Bruxelles,Belgium,Rogede sild,1k pkg.,9.5,0,8,Seafood,Seaweed and fish,2015-02,10430.58,High Value
10896,MAISD,7,2015-02-19,2015-03-19,2015-02-27,3,32.45,56,38.0,16,0,608.0,Maison Dewey,Catherine Dewey,Sales Agent,Bruxelles,Belgium,Gnocchi di nonna Alice,24 - 250 g pkgs.,38.0,0,5,Grains & Cereals,"Breads, crackers, pasta, and cereal",2015-02,10430.58,High Value
10897,HUNGO,3,2015-02-19,2015-03-19,2015-02-25,2,603.54,29,123.79,80,0,9903.2,Hungry Owl All-Night Grocers,Patricia McKenna,Sales Associate,Cork,Ireland,Thüringer Rostbratwurst,50 bags x 30 sausgs.,123.79,1,6,Meat & Poultry,Prepared meats,2015-02,57317.39,High Value
10897,HUNGO,3,2015-02-19,2015-03-19,2015-02-25,2,603.54,30,25.89,36,0,932.04,Hungry Owl All-Night Grocers,Patricia McKenna,Sales Associate,Cork,Ireland,Nord-Ost Matjeshering,10 - 200 g glasses,25.89,0,8,Seafood,Seaweed and fish,2015-02,57317.39,High Value
10898,OCEAN,4,2015-02-20,2015-03-20,2015-03-06,2,1.27,13,6.0,5,0,30.0,Océano Atlántico Ltda.,Yvonne Moncada,Sales Agent,Buenos Aires,Argentina,Konbu,2 kg box,6.0,0,8,Seafood,Seaweed and fish,2015-02,3460.2,Low Value
10899,LILAS,5,2015-02-20,2015-03-20,2015-02-26,3,1.21,39,18.0,8,0,144.0,LILA-Supermercado,Carlos González,Accounting Manager,Barquisimeto,Venezuela,Chartreuse verte,750 cc per bottle,18.0,0,1,Beverages,"Soft drinks, coffees, teas, beers, and ales",2015-02,17062.5,High Value
10900,WELLI,1,2015-02-20,2015-03-20,2015-03-04,2,1.66,70,15.0,3,0,45.0,Wellington Importadora,Paula Parente,Sales Manager,Resende,Brazil,Outback Lager,24 - 355 ml bottles,15.0,0,1,Beverages,"Soft drinks, coffees, teas, beers, and ales",2015-02,6480.7,Medium Value
10901,HILAA,4,2015-02-23,2015-03-23,2015-02-26,1,62.09,41,9.65,30,0,289.5,HILARION-Abastos,Carlos Hernández,Sales Representative,San Cristóbal,Venezuela,Jack's New England Clam Chowder,12 - 12 oz cans,9.65,0,8,Seafood,Seaweed and fish,2015-02,23611.58,High Value
10901,HILAA,4,2015-02-23,2015-03-23,2015-02-26,1,62.09,71,21.5,30,0,645.0,HILARION-Abastos,Carlos Hernández,Sales Representative,San Cristóbal,Venezuela,Flotemysost,10 - 500 g pkgs.,21.5,0,4,Dairy Products,Cheeses,2015-02,23611.58,High Value
10902,FOLKO,1,2015-02-23,2015-03-23,2015-03-03,1,44.15,55,24.0,30,0,720.0,Folk och fä HB,Maria Larsson,Owner,Bräcke,Sweden,Pâté chinois,24 boxes x 2 pies,24.0,0,6,Meat & Poultry,Prepared meats,2015-02,32555.55,High Value
10902,FOLKO,1,2015-02-23,2015-03-23,2015-03-03,1,44.15,62,49.3,6,0,295.79999999999995,Folk och fä HB,Maria Larsson,Owner,Bräcke,Sweden,Tarte au sucre,48 pies,49.3,0,3,Confections,"Desserts, candies, and sweet breads",2015-02,32555.55,High Value
10903,HANAR,3,2015-02-24,2015-03-24,2015-03-04,3,36.71,13,6.0,40,0,240.0,Hanari Carnes,Mario Pontes,Accounting Manager,Rio de Janeiro,Brazil,Konbu,2 kg box,6.0,0,8,Seafood,Seaweed and fish,2015-02,34101.15,High Value
10903,HANAR,3,2015-02-24,2015-03-24,2015-03-04,3,36.71,65,21.05,21,0,442.05,Hanari Carnes,Mario Pontes,Accounting Manager,Rio de Janeiro,Brazil,Louisiana Fiery Hot Pepper Sauce,32 - 8 oz bottles,21.05,0,2,Condiments,"Sweet and savory sauces, relishes, spreads, and seasonings",2015-02,34101.15,High Value
10903,HANAR,3,2015-02-24,2015-03-24,2015-03-04,3,36.71,68,12.5,20,0,250.0,Hanari Carnes,Mario Pontes,Accounting Manager,Rio de Janeiro,Brazil,Scottish Longbreads,10 boxes x 8 pieces,12.5,0,3,Confections,"Desserts, candies, and sweet breads",2015-02,34101.15,High Value
10904,WHITC,3,2015-02-24,2015-03-24,2015-02-27,3,162.95,58,13.25,15,0,198.75,White Clover Markets,Karl Jablonski,Owner,Seattle,USA,Escargots de Bourgogne,24 pieces,13.25,0,8,Seafood,Seaweed and fish,2015-02,29073.45,High Value
10904,WHITC,3,2015-02-24,2015-03-24,2015-02-27,3,162.95,62,49.3,35,0,1725.5,White Clover Markets,Karl Jablonski,Owner,Seattle,USA,Tarte au sucre,48 pies,49.3,0,3,Confections,"Desserts, candies, and sweet breads",2015-02,29073.45,High Value
10905,WELLI,9,2015-02-24,2015-03-24,2015-03-06,2,13.72,1,18.0,20,0,360.0,Wellington Importadora,Paula Parente,Sales Manager,Resende,Brazil,Chai,10 boxes x 20 bags,18.0,0,1,Beverages,"Soft drinks, coffees, teas, beers, and ales",2015-02,6480.7,Medium Value
10906,WOLZA,4,2015-02-25,2015-03-11,2015-03-03,3,26.29,61,28.5,15,0,427.5,Wolski  Zajazd,Zbyszek Piestrzeniewicz,Owner,Warszawa,Poland,Sirop d'érable,24 - 500 ml bottles,28.5,0,2,Condiments,"Sweet and savory sauces, relishes, spreads, and seasonings",2015-02,3531.95,Low Value
10907,SPECD,6,2015-02-25,2015-03-25,2015-02-27,3,9.19,75,7.75,14,0,108.5,Spécialités du monde,Dominique Perrier,Marketing Manager,Paris,France,Rhönbräu Klosterbier,24 - 0.5 l bottles,7.75,0,1,Beverages,"Soft drinks, coffees, teas, beers, and ales",2015-02,2423.35,Low Value
10908,REGGC,4,2015-02-26,2015-03-26,2015-03-06,2,32.96,7,30.0,20,0,600.0,Reggiani Caseifici,Maurizio Moroni,Sales Associate,Reggio Emilia,Italy,Uncle Bob's Organic Dried Pears,12 - 1 lb pkgs.,30.0,0,7,Produce,Dried fruit and bean curd,2015-02,7047.6,Medium Value
10908,REGGC,4,2015-02-26,2015-03-26,2015-03-06,2,32.96,52,7.0,14,0,98.0,Reggiani Caseifici,Maurizio Moroni,Sales Associate,Reggio Emilia,Italy,Filo Mix,16 - 2 kg boxes,7.0,0,5,Grains & Cereals,"Breads, crackers, pasta, and cereal",2015-02,7047.6,Medium Value
10909,SANTG,1,2015-02-26,2015-03-26,2015-03-10,2,53.05,7,30.0,12,0,360.0,Santé Gourmet,Jonas Bergulfsen,Owner,Stavern,Norway,Uncle Bob's Organic Dried Pears,12 - 1 lb pkgs.,30.0,0,7,Produce,Dried fruit and bean curd,2015-02,5735.150000000001,Medium Value
10909,SANTG,1,2015-02-26,2015-03-26,2015-03-10,2,53.05,16,17.45,15,0,261.75,Santé Gourmet,Jonas Bergulfsen,Owner,Stavern,Norway,Pavlova,32 - 500 g boxes,17.45,0,3,Confections,"Desserts, candies, and sweet breads",2015-02,5735.150000000001,Medium Value
10909,SANTG,1,2015-02-26,2015-03-26,2015-03-10,2,53.05,41,9.65,5,0,48.25,Santé Gourmet,Jonas Bergulfsen,Owner,Stavern,Norway,Jack's New England Clam Chowder,12 - 12 oz cans,9.65,0,8,Seafood,Seaweed and fish,2015-02,5735.150000000001,Medium Value
10910,WILMK,1,2015-02-26,2015-03-26,2015-03-04,3,38.11,19,9.2,12,0,110.39999999999999,Wilman Kala,Matti Karttunen,Owner/Marketing Assistant,Helsinki,Finland,Teatime Chocolate Biscuits,10 boxes x 12 pieces,9.2,0,3,Confections,"Desserts, candies, and sweet breads",2015-02,3161.35,Low Value
10910,WILMK,1,2015-02-26,2015-03-26,2015-03-04,3,38.11,49,20.0,10,0,200.0,Wilman Kala,Matti Karttunen,Owner/Marketing Assistant,Helsinki,Finland,Maxilaku,24 - 50 g pkgs.,20.0,0,3,Confections,"Desserts, candies, and sweet breads",2015-02,3161.35,Low Value
10910,WILMK,1,2015-02-26,2015-03-26,2015-03-04,3,38.11,61,28.5,5,0,142.5,Wilman Kala,Matti Karttunen,Owner/Marketing Assistant,Helsinki,Finland,Sirop d'érable,24 - 500 ml bottles,28.5,0,2,Condiments,"Sweet and savory sauces, relishes, spreads, and seasonings",2015-02,3161.35,Low Value
10911,GODOS,3,2015-02-26,2015-03-26,2015-03-05,1,38.19,1,18.0,10,0,180.0,Godos Cocina Típica,José Pedro Freyre,Sales Manager,Sevilla,Spain,Chai,10 boxes x 20 bags,18.0,0,1,Beverages,"Soft drinks, coffees, teas, beers, and ales",2015-02,11830.1,High Value
10911,GODOS,3,2015-02-26,2015-03-26,2015-03-05,1,38.19,17,39.0,12,0,468.0,Godos Cocina Típica,José Pedro Freyre,Sales Manager,Sevilla,Spain,Alice Mutton,20 - 1 kg tins,39.0,1,6,Meat & Poultry,Prepared meats,2015-02,11830.1,High Value
10911,GODOS,3,2015-02-26,2015-03-26,2015-03-05,1,38.19,67,14.0,15,0,210.0,Godos Cocina Típica,José Pedro Freyre,Sales Manager,Sevilla,Spain,Laughing Lumberjack Lager,24 - 12 oz bottles,14.0,0,1,Beverages,"Soft drinks, coffees, teas, beers, and ales",2015-02,11830.1,High Value
10912,HUNGO,2,2015-02-26,2015-03-26,2015-03-18,2,580.91,11,21.0,40,0,840.0,Hungry Owl All-Night Grocers,Patricia McKenna,Sales Associate,Cork,Ireland,Queso Cabrales,1 kg pkg.,21.0,0,4,Dairy Products,Cheeses,2015-02,57317.39,High Value
10912,HUNGO,2,2015-02-26,2015-03-26,2015-03-18,2,580.91,29,123.79,60,0,7427.400000000001,Hungry Owl All-Night Grocers,Patricia McKenna,Sales Associate,Cork,Ireland,Thüringer Rostbratwurst,50 bags x 30 sausgs.,123.79,1,6,Meat & Poultry,Prepared meats,2015-02,57317.39,High Value
10913,QUEEN,4,2015-02-26,2015-03-26,2015-03-04,1,33.05,4,22.0,30,0,660.0,Queen Cozinha,Lúcia Carvalho,Marketing Assistant,Sao Paulo,Brazil,Chef Anton's Cajun Seasoning,48 - 6 oz jars,22.0,0,2,Condiments,"Sweet and savory sauces, relishes, spreads, and seasonings",2015-02,27841.3,High Value
10913,QUEEN,4,2015-02-26,2015-03-26,2015-03-04,1,33.05,33,2.5,40,0,100.0,Queen Cozinha,Lúcia Carvalho,Marketing Assistant,Sao Paulo,Brazil,Geitost,500 g,2.5,0,4,Dairy Products,Cheeses,2015-02,27841.3,High Value
10913,QUEEN,4,2015-02-26,2015-03-26,2015-03-04,1,33.05,58,13.25,15,0,198.75,Queen Cozinha,Lúcia Carvalho,Marketing Assistant,Sao Paulo,Brazil,Escargots de Bourgogne,24 pieces,13.25,0,8,Seafood,Seaweed and fish,2015-02,27841.3,High Value
10914,QUEEN,6,2015-02-27,2015-03-27,2015-03-02,1,21.19,71,21.5,25,0,537.5,Queen Cozinha,Lúcia Carvalho,Marketing Assistant,Sao Paulo,Brazil,Flotemysost,10 - 500 g pkgs.,21.5,0,4,Dairy Products,Cheeses,2015-02,27841.3,High Value
10915,TORTU,2,2015-02-27,2015-03-27,2015-03-02,2,3.51,17,39.0,10,0,390.0,Tortuga Restaurante,Miguel Angel Paolino,Owner,Mexico City,Mexico,Alice Mutton,20 - 1 kg tins,39.0,1,6,Meat & Poultry,Prepared meats,2015-02,10812.15,High Value
10915,TORTU,2,2015-02-27,2015-03-27,2015-03-02,2,3.51,33,2.5,30,0,75.0,Tortuga Restaurante,Miguel Angel Paolino,Owner,Mexico City,Mexico,Geitost,500 g,2.5,0,4,Dairy Products,Cheeses,2015-02,10812.15,High Value
10915,TORTU,2,2015-02-27,2015-03-27,2015-03-02,2,3.51,54,7.45,10,0,74.5,Tortuga Restaurante,Miguel Angel Paolino,Owner,Mexico City,Mexico,Tourtière,16 pies,7.45,0,6,Meat & Poultry,Prepared meats,2015-02,10812.15,High Value
10916,RANCH,1,2015-02-27,2015-03-27,2015-03-09,2,63.77,16,17.45,6,0,104.69999999999999,Rancho grande,Sergio Gutiérrez,Sales Representative,Buenos Aires,Argentina,Pavlova,32 - 500 g boxes,17.45,0,3,Confections,"Desserts, candies, and sweet breads",2015-02,2768.1,Low Value
10916,RANCH,1,2015-02-27,2015-03-27,2015-03-09,2,63.77,32,32.0,6,0,192.0,Rancho grande,Sergio Gutiérrez,Sales Representative,Buenos Aires,Argentina,Mascarpone Fabioli,24 - 200 g pkgs.,32.0,0,4,Dairy Products,Cheeses,2015-02,2768.1,Low Value
10916,RANCH,1,2015-02-27,2015-03-27,2015-03-09,2,63.77,57,19.5,20,0,390.0,Rancho grande,Sergio Gutiérrez,Sales Representative,Buenos Aires,Argentina,Ravioli Angelo,24 - 250 g pkgs.,19.5,0,5,Grains & Cereals,"Breads, crackers, pasta, and cereal",2015-02,2768.1,Low Value
10917,ROMEY,4,2015-03-02,2015-03-30,2015-03-11,2,8.29,30,25.89,1,0,25.89,Romero y tomillo,Alejandra Camino,Accounting Manager,Madrid,Spain,Nord-Ost Matjeshering,10 - 200 g glasses,25.89,0,8,Seafood,Seaweed and fish,2015-03,1467.29,Low Value
10917,ROMEY,4,2015-03-02,2015-03-30,2015-03-11,2,8.29,60,34.0,10,0,340.0,Romero y tomillo,Alejandra Camino,Accounting Manager,Madrid,Spain,Camembert Pierrot,15 - 300 g rounds,34.0,0,4,Dairy Products,Cheeses,2015-03,1467.29,Low Value
10918,BOTTM,3,2015-03-02,2015-03-30,2015-03-11,3,48.83,1,18.0,60,0,1080.0,Bottom-Dollar Markets,Elizabeth Lincoln,Accounting Manager,Tsawassen,Canada,Chai,10 boxes x 20 bags,18.0,0,1,Beverages,"Soft drinks, coffees, teas, beers, and ales",2015-03,21298.2,High Value
10918,BOTTM,3,2015-03-02,2015-03-30,2015-03-11,3,48.83,60,34.0,25,0,850.0,Bottom-Dollar Markets,Elizabeth Lincoln,Accounting Manager,Tsawassen,Canada,Camembert Pierrot,15 - 300 g rounds,34.0,0,4,Dairy Products,Cheeses,2015-03,21298.2,High Value
10919,LINOD,2,2015-03-02,2015-03-30,2015-03-04,2,19.8,16,17.45,24,0,418.79999999999995,LINO-Delicateses,Felipe Izquierdo,Owner,I. de Margarita,Venezuela,Pavlova,32 - 500 g boxes,17.45,0,3,Confections,"Desserts, candies, and sweet breads",2015-03,14799.55,High Value
10919,LINOD,2,2015-03-02,2015-03-30,2015-03-04,2,19.8,25,14.0,24,0,336.0,LINO-Delicateses,Felipe Izquierdo,Owner,I. de Margarita,Venezuela,NuNuCa Nuß-Nougat-Creme,20 - 450 g glasses,14.0,0,3,Confections,"Desserts, candies, and sweet breads",2015-03,14799.55,High Value
10919,LINOD,2,2015-03-02,2015-03-30,2015-03-04,2,19.8,40,18.4,20,0,368.0,LINO-Delicateses,Felipe Izquierdo,Owner,I. de Margarita,Venezuela,Boston Crab Meat,24 - 4 oz tins,18.4,0,8,Seafood,Seaweed and fish,2015-03,14799.55,High Value
10920,AROUT,4,2015-03-03,2015-03-31,2015-03-09,2,29.61,50,16.25,24,0,390.0,Around the Horn,Thomas Hardy,Sales Representative,London,UK,Valkoinen suklaa,12 - 100 g bars,16.25,0,3,Confections,"Desserts, candies, and sweet breads",2015-03,13806.5,High Value
10921,VAFFE,1,2015-03-03,2015-04-14,2015-03-09,1,176.48,35,18.0,10,0,180.0,Vaffeljernet,Palle Ibsen,Sales Manager,Århus,Denmark,Steeleye Stout,24 - 12 oz bottles,18.0,0,1,Beverages,"Soft drinks, coffees, teas, beers, and ales",2015-03,16643.8,High Value
10921,VAFFE,1,2015-03-03,2015-04-14,2015-03-09,1,176.48,63,43.9,40,0,1756.0,Vaffeljernet,Palle Ibsen,Sales Manager,Århus,Denmark,Vegie-spread,15 - 625 g jars,43.9,0,2,Condiments,"Sweet and savory sauces, relishes, spreads, and seasonings",2015-03,16643.8,High Value
10922,HANAR,5,2015-03-03,2015-03-31,2015-03-05,3,62.74,17,39.0,15,0,585.0,Hanari Carnes,Mario Pontes,Accounting Manager,Rio de Janeiro,Brazil,Alice Mutton,20 - 1 kg tins,39.0,1,6,Meat & Poultry,Prepared meats,2015-03,34101.15,High Value
10922,HANAR,5,2015-03-03,2015-03-31,2015-03-05,3,62.74,24,4.5,35,0,157.5,Hanari Carnes,Mario Pontes,Accounting Manager,Rio de Janeiro,Brazil,Guarana Fantastica,12 - 355 ml cans,4.5,1,1,Beverages,"Soft drinks, coffees, teas, beers, and ales",2015-03,34101.15,High Value
10923,LAMAI,7,2015-03-03,2015-04-14,2015-03-13,3,68.26,42,14.0,10,0,140.0,La maison d'Asie,Annette Roulet,Sales Manager,Toulouse,France,Singaporean Hokkien Fried Mee,32 - 1 kg pkgs.,14.0,1,5,Grains & Cereals,"Breads, crackers, pasta, and cereal",2015-03,10227.35,High Value
10923,LAMAI,7,2015-03-03,2015-04-14,2015-03-13,3,68.26,43,46.0,10,0,460.0,La maison d'Asie,Annette Roulet,Sales Manager,Toulouse,France,Ipoh Coffee,16 - 500 g tins,46.0,0,1,Beverages,"Soft drinks, coffees, teas, beers, and ales",2015-03,10227.35,High Value
10923,LAMAI,7,2015-03-03,2015-04-14,2015-03-13,3,68.26,67,14.0,24,0,336.0,La maison d'Asie,Annette Roulet,Sales Manager,Toulouse,France,Laughing Lumberjack Lager,24 - 12 oz bottles,14.0,0,1,Beverages,"Soft drinks, coffees, teas, beers, and ales",2015-03,10227.35,High Value
10924,BERGS,3,2015-03-04,2015-04-01,2015-04-08,2,151.52,10,31.0,20,0,620.0,Berglunds snabbköp,Christina Berglund,Order Administrator,Luleå,Sweden,Ikura,12 - 200 ml jars,31.0,0,8,Seafood,Seaweed and fish,2015-03,26968.149999999998,High Value
10924,BERGS,3,2015-03-04,2015-04-01,2015-04-08,2,151.52,28,45.6,30,0,1368.0,Berglunds snabbköp,Christina Berglund,Order Administrator,Luleå,Sweden,Rössle Sauerkraut,25 - 825 g cans,45.6,1,7,Produce,Dried fruit and bean curd,2015-03,26968.149999999998,High Value
10924,BERGS,3,2015-03-04,2015-04-01,2015-04-08,2,151.52,75,7.75,6,0,46.5,Berglunds snabbköp,Christina Berglund,Order Administrator,Luleå,Sweden,Rhönbräu Klosterbier,24 - 0.5 l bottles,7.75,0,1,Beverages,"Soft drinks, coffees, teas, beers, and ales",2015-03,26968.149999999998,High Value
10925,HANAR,3,2015-03-04,2015-04-01,2015-03-13,1,2.27,36,19.0,25,0,475.0,Hanari Carnes,Mario Pontes,Accounting Manager,Rio de Janeiro,Brazil,Inlagd Sill,24 - 250 g  jars,19.0,0,8,Seafood,Seaweed and fish,2015-03,34101.15,High Value
10925,HANAR,3,2015-03-04,2015-04-01,2015-03-13,1,2.27,52,7.0,12,0,84.0,Hanari Carnes,Mario Pontes,Accounting Manager,Rio de Janeiro,Brazil,Filo Mix,16 - 2 kg boxes,7.0,0,5,Grains & Cereals,"Breads, crackers, pasta, and cereal",2015-03,34101.15,High Value
10926,ANATR,4,2015-03-04,2015-04-01,2015-03-11,3,39.92,11,21.0,2,0,42.0,Ana Trujillo Emparedados y helados,Ana Trujillo,Owner,Mexico City,Mexico,Queso Cabrales,1 kg pkg.,21.0,0,4,Dairy Products,Cheeses,2015-03,1402.95,Low Value
10926,ANATR,4,2015-03-04,2015-04-01,2015-03-11,3,39.92,13,6.0,10,0,60.0,Ana Trujillo Emparedados y helados,Ana Trujillo,Owner,Mexico City,Mexico,Konbu,2 kg box,6.0,0,8,Seafood,Seaweed and fish,2015-03,1402.95,Low Value
10926,ANATR,4,2015-03-04,2015-04-01,2015-03-11,3,39.92,19,9.2,7,0,64.39999999999999,Ana Trujillo Emparedados y helados,Ana Trujillo,Owner,Mexico City,Mexico,Teatime Chocolate Biscuits,10 boxes x 12 pieces,9.2,0,3,Confections,"Desserts, candies, and sweet breads",2015-03,1402.95,Low Value
10926,ANATR,4,2015-03-04,2015-04-01,2015-03-11,3,39.92,72,34.8,10,0,348.0,Ana Trujillo Emparedados y helados,Ana Trujillo,Owner,Mexico City,Mexico,Mozzarella di Giovanni,24 - 200 g pkgs.,34.8,0,4,Dairy Products,Cheeses,2015-03,1402.95,Low Value
10927,LACOR,4,2015-03-05,2015-04-02,2015-04-08,1,19.79,20,81.0,5,0,405.0,La corne d'abondance,Daniel Tonini,Sales Representative,Versailles,France,Sir Rodney's Marmalade,30 gift boxes,81.0,0,3,Confections,"Desserts, candies, and sweet breads",2015-03,1992.05,Low Value
10927,LACOR,4,2015-03-05,2015-04-02,2015-04-08,1,19.79,52,7.0,5,0,35.0,La corne d'abondance,Daniel Tonini,Sales Representative,Versailles,France,Filo Mix,16 - 2 kg boxes,7.0,0,5,Grains & Cereals,"Breads, crackers, pasta, and cereal",2015-03,1992.05,Low Value
10927,LACOR,4,2015-03-05,2015-04-02,2015-04-08,1,19.79,76,18.0,20,0,360.0,La corne d'abondance,Daniel Tonini,Sales Representative,Versailles,France,Lakkaliköri,500 ml,18.0,0,1,Beverages,"Soft drinks, coffees, teas, beers, and ales",2015-03,1992.05,Low Value
10928,GALED,1,2015-03-05,2015-04-02,2015-03-18,1,1.36,47,9.5,5,0,47.5,Galería del gastrónomo,Eduardo Saavedra,Marketing Manager,Barcelona,Spain,Zaanse koeken,10 - 4 oz boxes,9.5,0,3,Confections,"Desserts, candies, and sweet breads",2015-03,836.7,Low Value
10928,GALED,1,2015-03-05,2015-04-02,2015-03-18,1,1.36,76,18.0,5,0,90.0,Galería del gastrónomo,Eduardo Saavedra,Marketing Manager,Barcelona,Spain,Lakkaliköri,500 ml,18.0,0,1,Beverages,"Soft drinks, coffees, teas, beers, and ales",2015-03,836.7,Low Value
10929,FRANK,6,2015-03-05,2015-04-02,2015-03-12,1,33.93,21,10.0,60,0,600.0,Frankenversand,Peter Franken,Marketing Manager,München,Germany,Sir Rodney's Scones,24 pkgs. x 4 pieces,10.0,0,3,Confections,"Desserts, candies, and sweet breads",2015-03,28722.71,High Value
10929,FRANK,6,2015-03-05,2015-04-02,2015-03-12,1,33.93,75,7.75,49,0,379.75,Frankenversand,Peter Franken,Marketing Manager,München,Germany,Rhönbräu Klosterbier,24 - 0.5 l bottles,7.75,0,1,Beverages,"Soft drinks, coffees, teas, beers, and ales",2015-03,28722.71,High Value
10929,FRANK,6,2015-03-05,2015-04-02,2015-03-12,1,33.93,77,13.0,15,0,195.0,Frankenversand,Peter Franken,Marketing Manager,München,Germany,Original Frankfurter Grüne Soße,12 boxes,13.0,0,2,Condiments,"Sweet and savory sauces, relishes, spreads, and seasonings",2015-03,28722.71,High Value
10930,SUPRD,4,2015-03-06,2015-04-17,2015-03-18,3,15.55,21,10.0,36,0,360.0,Suprêmes délices,Pascale Cartrain,Accounting Manager,Charleroi,Belgium,Sir Rodney's Scones,24 pkgs. x 4 pieces,10.0,0,3,Confections,"Desserts, candies, and sweet breads",2015-03,24704.4,High Value
10930,SUPRD,4,2015-03-06,2015-04-17,2015-03-18,3,15.55,27,43.9,25,0,1097.5,Suprêmes délices,Pascale Cartrain,Accounting Manager,Charleroi,Belgium,Schoggi Schokolade,100 - 100 g pieces,43.9,0,3,Confections,"Desserts, candies, and sweet breads",2015-03,24704.4,High Value
10930,SUPRD,4,2015-03-06,2015-04-17,2015-03-18,3,15.55,55,24.0,25,0,600.0,Suprêmes délices,Pascale Cartrain,Accounting Manager,Charleroi,Belgium,Pâté chinois,24 boxes x 2 pies,24.0,0,6,Meat & Poultry,Prepared meats,2015-03,24704.4,High Value
10930,SUPRD,4,2015-03-06,2015-04-17,2015-03-18,3,15.55,58,13.25,30,0,397.5,Suprêmes délices,Pascale Cartrain,Accounting Manager,Charleroi,Belgium,Escargots de Bourgogne,24 pieces,13.25,0,8,Seafood,Seaweed and fish,2015-03,24704.4,High Value
10931,RICSU,4,2015-03-06,2015-03-20,2015-03-19,2,13.6,13,6.0,42,0,252.0,Richter Supermarkt,Michael Holz,Sales Manager,Genève,Switzerland,Konbu,2 kg box,6.0,0,8,Seafood,Seaweed and fish,2015-03,19447.2,High Value
10931,RICSU,4,2015-03-06,2015-03-20,2015-03-19,2,13.6,57,19.5,30,0,585.0,Richter Supermarkt,Michael Holz,Sales Manager,Genève,Switzerland,Ravioli Angelo,24 - 250 g pkgs.,19.5,0,5,Grains & Cereals,"Breads, crackers, pasta, and cereal",2015-03,19447.2,High Value
10932,BONAP,8,2015-03-06,2015-04-03,2015-03-24,1,134.64,16,17.45,30,0,523.5,Bon app',Laurence Lebihan,Owner,Marseille,France,Pavlova,32 - 500 g boxes,17.45,0,3,Confections,"Desserts, candies, and sweet breads",2015-03,22793.95,High Value
10932,BONAP,8,2015-03-06,2015-04-03,2015-03-24,1,134.64,62,49.3,14,0,690.1999999999999,Bon app',Laurence Lebihan,Owner,Marseille,France,Tarte au sucre,48 pies,49.3,0,3,Confections,"Desserts, candies, and sweet breads",2015-03,22793.95,High Value
10932,BONAP,8,2015-03-06,2015-04-03,2015-03-24,1,134.64,72,34.8,16,0,556.8,Bon app',Laurence Lebihan,Owner,Marseille,France,Mozzarella di Giovanni,24 - 200 g pkgs.,34.8,0,4,Dairy Products,Cheeses,2015-03,22793.95,High Value
10932,BONAP,8,2015-03-06,2015-04-03,2015-03-24,1,134.64,75,7.75,20,0,155.0,Bon app',Laurence Lebihan,Owner,Marseille,France,Rhönbräu Klosterbier,24 - 0.5 l bottles,7.75,0,1,Beverages,"Soft drinks, coffees, teas, beers, and ales",2015-03,22793.95,High Value
10933,ISLAT,6,2015-03-06,2015-04-03,2015-03-16,3,54.15,53,32.8,2,0,65.6,Island Trading,Helen Bennett,Marketing Manager,Cowes,UK,Perth Pasties,48 pieces,32.8,1,6,Meat & Poultry,Prepared meats,2015-03,6146.3,Medium Value
10933,ISLAT,6,2015-03-06,2015-04-03,2015-03-16,3,54.15,61,28.5,30,0,855.0,Island Trading,Helen Bennett,Marketing Manager,Cowes,UK,Sirop d'érable,24 - 500 ml bottles,28.5,0,2,Condiments,"Sweet and savory sauces, relishes, spreads, and seasonings",2015-03,6146.3,Medium Value
10934,LEHMS,3,2015-03-09,2015-04-06,2015-03-12,3,32.01,6,25.0,20,0,500.0,Lehmanns Marktstand,Renate Messner,Sales Representative,Frankfurt a.M.,Germany,Grandma's Boysenberry Spread,12 - 8 oz jars,25.0,0,2,Condiments,"Sweet and savory sauces, relishes, spreads, and seasonings",2015-03,19408.52,High Value
10935,WELLI,4,2015-03-09,2015-04-06,2015-03-18,3,47.59,1,18.0,21,0,378.0,Wellington Importadora,Paula Parente,Sales Manager,Resende,Brazil,Chai,10 boxes x 20 bags,18.0,0,1,Beverages,"Soft drinks, coffees, teas, beers, and ales",2015-03,6480.7,Medium Value
10935,WELLI,4,2015-03-09,2015-04-06,2015-03-18,3,47.59,18,62.5,4,0,250.0,Wellington Importadora,Paula Parente,Sales Manager,Resende,Brazil,Carnarvon Tigers,16 kg pkg.,62.5,0,8,Seafood,Seaweed and fish,2015-03,6480.7,Medium Value
10935,WELLI,4,2015-03-09,2015-04-06,2015-03-18,3,47.59,23,9.0,8,0,72.0,Wellington Importadora,Paula Parente,Sales Manager,Resende,Brazil,Tunnbröd,12 - 250 g pkgs.,9.0,0,5,Grains & Cereals,"Breads, crackers, pasta, and cereal",2015-03,6480.7,Medium Value
10936,GREAL,3,2015-03-09,2015-04-06,2015-03-18,2,33.68,36,19.0,30,0,570.0,Great Lakes Food Market,Howard Snyder,Marketing Manager,Eugene,USA,Inlagd Sill,24 - 250 g  jars,19.0,0,8,Seafood,Seaweed and fish,2015-03,19001.13,High Value
10937,CACTU,7,2015-03-10,2015-03-24,2015-03-13,3,31.51,28,45.6,8,0,364.8,Cactus Comidas para llevar,Patricio Simpson,Sales Agent,Buenos Aires,Argentina,Rössle Sauerkraut,25 - 825 g cans,45.6,1,7,Produce,Dried fruit and bean curd,2015-03,1509.8,Low Value
10937,CACTU,7,2015-03-10,2015-03-24,2015-03-13,3,31.51,34,14.0,20,0,280.0,Cactus Comidas para llevar,Patricio Simpson,Sales Agent,Buenos Aires,Argentina,Sasquatch Ale,24 - 12 oz bottles,14.0,0,1,Beverages,"Soft drinks, coffees, teas, beers, and ales",2015-03,1509.8,Low Value
10938,QUICK,3,2015-03-10,2015-04-07,2015-03-16,2,31.89,13,6.0,20,0,120.0,QUICK-Stop,Horst Kloss,Accounting Manager,Cunewalde,Germany,Konbu,2 kg box,6.0,0,8,Seafood,Seaweed and fish,2015-03,117483.39,High Value
10938,QUICK,3,2015-03-10,2015-04-07,2015-03-16,2,31.89,43,46.0,24,0,1104.0,QUICK-Stop,Horst Kloss,Accounting Manager,Cunewalde,Germany,Ipoh Coffee,16 - 500 g tins,46.0,0,1,Beverages,"Soft drinks, coffees, teas, beers, and ales",2015-03,117483.39,High Value
10938,QUICK,3,2015-03-10,2015-04-07,2015-03-16,2,31.89,60,34.0,49,0,1666.0,QUICK-Stop,Horst Kloss,Accounting Manager,Cunewalde,Germany,Camembert Pierrot,15 - 300 g rounds,34.0,0,4,Dairy Products,Cheeses,2015-03,117483.39,High Value
10938,QUICK,3,2015-03-10,2015-04-07,2015-03-16,2,31.89,71,21.5,35,0,752.5,QUICK-Stop,Horst Kloss,Accounting Manager,Cunewalde,Germany,Flotemysost,10 - 500 g pkgs.,21.5,0,4,Dairy Products,Cheeses,2015-03,117483.39,High Value
10939,MAGAA,2,2015-03-10,2015-04-07,2015-03-13,2,76.33,2,19.0,10,0,190.0,Magazzini Alimentari Riuniti,Giovanni Rovelli,Marketing Manager,Bergamo,Italy,Chang,24 - 12 oz bottles,19.0,0,1,Beverages,"Soft drinks, coffees, teas, beers, and ales",2015-03,7603.85,Medium Value
10939,MAGAA,2,2015-03-10,2015-04-07,2015-03-13,2,76.33,67,14.0,40,0,560.0,Magazzini Alimentari Riuniti,Giovanni Rovelli,Marketing Manager,Bergamo,Italy,Laughing Lumberjack Lager,24 - 12 oz bottles,14.0,0,1,Beverages,"Soft drinks, coffees, teas, beers, and ales",2015-03,7603.85,Medium Value
10940,BONAP,8,2015-03-11,2015-04-08,2015-03-23,3,19.77,7,30.0,8,0,240.0,Bon app',Laurence Lebihan,Owner,Marseille,France,Uncle Bob's Organic Dried Pears,12 - 1 lb pkgs.,30.0,0,7,Produce,Dried fruit and bean curd,2015-03,22793.95,High Value
10940,BONAP,8,2015-03-11,2015-04-08,2015-03-23,3,19.77,13,6.0,20,0,120.0,Bon app',Laurence Lebihan,Owner,Marseille,France,Konbu,2 kg box,6.0,0,8,Seafood,Seaweed and fish,2015-03,22793.95,High Value
10941,SAVEA,7,2015-03-11,2015-04-08,2015-03-20,2,400.81,31,12.5,44,0,550.0,Save-a-lot Markets,Jose Pavarotti,Sales Representative,Boise,USA,Gorgonzola Telino,12 - 100 g pkgs,12.5,0,4,Dairy Products,Cheeses,2015-03,115673.39,High Value
10941,SAVEA,7,2015-03-11,2015-04-08,2015-03-20,2,400.81,62,49.3,30,0,1479.0,Save-a-lot Markets,Jose Pavarotti,Sales Representative,Boise,USA,Tarte au sucre,48 pies,49.3,0,3,Confections,"Desserts, candies, and sweet breads",2015-03,115673.39,High Value
10941,SAVEA,7,2015-03-11,2015-04-08,2015-03-20,2,400.81,68,12.5,80,0,1000.0,Save-a-lot Markets,Jose Pavarotti,Sales Representative,Boise,USA,Scottish Longbreads,10 boxes x 8 pieces,12.5,0,3,Confections,"Desserts, candies, and sweet breads",2015-03,115673.39,High Value
10941,SAVEA,7,2015-03-11,2015-04-08,2015-03-20,2,400.81,72,34.8,50,0,1739.9999999999998,Save-a-lot Markets,Jose Pavarotti,Sales Representative,Boise,USA,Mozzarella di Giovanni,24 - 200 g pkgs.,34.8,0,4,Dairy Products,Cheeses,2015-03,115673.39,High Value
10942,REGGC,9,2015-03-11,2015-04-08,2015-03-18,3,17.95,49,20.0,28,0,560.0,Reggiani Caseifici,Maurizio Moroni,Sales Associate,Reggio Emilia,Italy,Maxilaku,24 - 50 g pkgs.,20.0,0,3,Confections,"Desserts, candies, and sweet breads",2015-03,7047.6,Medium Value
10943,BSBEV,4,2015-03-11,2015-04-08,2015-03-19,2,2.17,13,6.0,15,0,90.0,B's Beverages,Victoria Ashworth,Sales Representative,London,UK,Konbu,2 kg box,6.0,0,8,Seafood,Seaweed and fish,2015-03,6089.9,Medium Value
10943,BSBEV,4,2015-03-11,2015-04-08,2015-03-19,2,2.17,22,21.0,21,0,441.0,B's Beverages,Victoria Ashworth,Sales Representative,London,UK,Gustaf's Knackebröd,24 - 500 g pkgs.,21.0,0,5,Grains & Cereals,"Breads, crackers, pasta, and cereal",2015-03,6089.9,Medium Value
10943,BSBEV,4,2015-03-11,2015-04-08,2015-03-19,2,2.17,46,12.0,15,0,180.0,B's Beverages,Victoria Ashworth,Sales Representative,London,UK,Spegesild,4 - 450 g glasses,12.0,0,8,Seafood,Seaweed and fish,2015-03,6089.9,Medium Value
10944,BOTTM,6,2015-03-12,2015-03-26,2015-03-13,3,52.92,11,21.0,5,0,105.0,Bottom-Dollar Markets,Elizabeth Lincoln,Accounting Manager,Tsawassen,Canada,Queso Cabrales,1 kg pkg.,21.0,0,4,Dairy Products,Cheeses,2015-03,21298.2,High Value
10944,BOTTM,6,2015-03-12,2015-03-26,2015-03-13,3,52.92,44,19.45,18,0,350.09999999999997,Bottom-Dollar Markets,Elizabeth Lincoln,Accounting Manager,Tsawassen,Canada,Gula Malacca,20 - 2 kg bags,19.45,0,2,Condiments,"Sweet and savory sauces, relishes, spreads, and seasonings",2015-03,21298.2,High Value
10944,BOTTM,6,2015-03-12,2015-03-26,2015-03-13,3,52.92,56,38.0,18,0,684.0,Bottom-Dollar Markets,Elizabeth Lincoln,Accounting Manager,Tsawassen,Canada,Gnocchi di nonna Alice,24 - 250 g pkgs.,38.0,0,5,Grains & Cereals,"Breads, crackers, pasta, and cereal",2015-03,21298.2,High Value
10945,MORGK,4,2015-03-12,2015-04-09,2015-03-18,1,10.22,13,6.0,20,0,120.0,Morgenstern Gesundkost,Alexander Feuer,Marketing Assistant,Leipzig,Germany,Konbu,2 kg box,6.0,0,8,Seafood,Seaweed and fish,2015-03,5042.2,Medium Value
10945,MORGK,4,2015-03-12,2015-04-09,2015-03-18,1,10.22,31,12.5,10,0,125.0,Morgenstern Gesundkost,Alexander Feuer,Marketing Assistant,Leipzig,Germany,Gorgonzola Telino,12 - 100 g pkgs,12.5,0,4,Dairy Products,Cheeses,2015-03,5042.2,Medium Value
10946,VAFFE,1,2015-03-12,2015-04-09,2015-03-19,2,27.2,10,31.0,25,0,775.0,Vaffeljernet,Palle Ibsen,Sales Manager,Århus,Denmark,Ikura,12 - 200 ml jars,31.0,0,8,Seafood,Seaweed and fish,2015-03,16643.8,High Value
10946,VAFFE,1,2015-03-12,2015-04-09,2015-03-19,2,27.2,24,4.5,25,0,112.5,Vaffeljernet,Palle Ibsen,Sales Manager,Århus,Denmark,Guarana Fantastica,12 - 355 ml cans,4.5,1,1,Beverages,"Soft drinks, coffees, teas, beers, and ales",2015-03,16643.8,High Value
10946,VAFFE,1,2015-03-12,2015-04-09,2015-03-19,2,27.2,77,13.0,40,0,520.0,Vaffeljernet,Palle Ibsen,Sales Manager,Århus,Denmark,Original Frankfurter Grüne Soße,12 boxes,13.0,0,2,Condiments,"Sweet and savory sauces, relishes, spreads, and seasonings",2015-03,16643.8,High Value
10947,BSBEV,3,2015-03-13,2015-04-10,2015-03-16,2,3.26,59,55.0,4,0,220.0,B's Beverages,Victoria Ashworth,Sales Representative,London,UK,Raclette Courdavault,5 kg pkg.,55.0,0,4,Dairy Products,Cheeses,2015-03,6089.9,Medium Value
10948,GODOS,3,2015-03-13,2015-04-10,2015-03-19,3,23.39,50,16.25,9,0,146.25,Godos Cocina Típica,José Pedro Freyre,Sales Manager,Sevilla,Spain,Valkoinen suklaa,12 - 100 g bars,16.25,0,3,Confections,"Desserts, candies, and sweet breads",2015-03,11830.1,High Value
10948,GODOS,3,2015-03-13,2015-04-10,2015-03-19,3,23.39,51,53.0,40,0,2120.0,Godos Cocina Típica,José Pedro Freyre,Sales Manager,Sevilla,Spain,Manjimup Dried Apples,50 - 300 g pkgs.,53.0,0,7,Produce,Dried fruit and bean curd,2015-03,11830.1,High Value
10948,GODOS,3,2015-03-13,2015-04-10,2015-03-19,3,23.39,55,24.0,4,0,96.0,Godos Cocina Típica,José Pedro Freyre,Sales Manager,Sevilla,Spain,Pâté chinois,24 boxes x 2 pies,24.0,0,6,Meat & Poultry,Prepared meats,2015-03,11830.1,High Value
10949,BOTTM,2,2015-03-13,2015-04-10,2015-03-17,3,74.44,6,25.0,12,0,300.0,Bottom-Dollar Markets,Elizabeth Lincoln,Accounting Manager,Tsawassen,Canada,Grandma's Boysenberry Spread,12 - 8 oz jars,25.0,0,2,Condiments,"Sweet and savory sauces, relishes, spreads, and seasonings",2015-03,21298.2,High Value
10949,BOTTM,2,2015-03-13,2015-04-10,2015-03-17,3,74.44,10,31.0,30,0,930.0,Bottom-Dollar Markets,Elizabeth Lincoln,Accounting Manager,Tsawassen,Canada,Ikura,12 - 200 ml jars,31.0,0,8,Seafood,Seaweed and fish,2015-03,21298.2,High Value
10949,BOTTM,2,2015-03-13,2015-04-10,2015-03-17,3,74.44,17,39.0,6,0,234.0,Bottom-Dollar Markets,Elizabeth Lincoln,Accounting Manager,Tsawassen,Canada,Alice Mutton,20 - 1 kg tins,39.0,1,6,Meat & Poultry,Prepared meats,2015-03,21298.2,High Value
10949,BOTTM,2,2015-03-13,2015-04-10,2015-03-17,3,74.44,62,49.3,60,0,2958.0,Bottom-Dollar Markets,Elizabeth Lincoln,Accounting Manager,Tsawassen,Canada,Tarte au sucre,48 pies,49.3,0,3,Confections,"Desserts, candies, and sweet breads",2015-03,21298.2,High Value
10950,MAGAA,1,2015-03-16,2015-04-13,2015-03-23,2,2.5,4,22.0,5,0,110.0,Magazzini Alimentari Riuniti,Giovanni Rovelli,Marketing Manager,Bergamo,Italy,Chef Anton's Cajun Seasoning,48 - 6 oz jars,22.0,0,2,Condiments,"Sweet and savory sauces, relishes, spreads, and seasonings",2015-03,7603.85,Medium Value
10951,RICSU,9,2015-03-16,2015-04-27,2015-04-07,2,30.85,33,2.5,15,0,37.5,Richter Supermarkt,Michael Holz,Sales Manager,Genève,Switzerland,Geitost,500 g,2.5,0,4,Dairy Products,Cheeses,2015-03,19447.2,High Value
10951,RICSU,9,2015-03-16,2015-04-27,2015-04-07,2,30.85,41,9.65,6,0,57.900000000000006,Richter Supermarkt,Michael Holz,Sales Manager,Genève,Switzerland,Jack's New England Clam Chowder,12 - 12 oz cans,9.65,0,8,Seafood,Seaweed and fish,2015-03,19447.2,High Value
10951,RICSU,9,2015-03-16,2015-04-27,2015-04-07,2,30.85,75,7.75,50,0,387.5,Richter Supermarkt,Michael Holz,Sales Manager,Genève,Switzerland,Rhönbräu Klosterbier,24 - 0.5 l bottles,7.75,0,1,Beverages,"Soft drinks, coffees, teas, beers, and ales",2015-03,19447.2,High Value
10952,ALFKI,1,2015-03-16,2015-04-27,2015-03-24,1,40.42,6,25.0,16,0,400.0,Alfreds Futterkiste,Maria Anders,Sales Representative,Berlin,Germany,Grandma's Boysenberry Spread,12 - 8 oz jars,25.0,0,2,Condiments,"Sweet and savory sauces, relishes, spreads, and seasonings",2015-03,4596.2,Low Value
10952,ALFKI,1,2015-03-16,2015-04-27,2015-03-24,1,40.42,28,45.6,2,0,91.2,Alfreds Futterkiste,Maria Anders,Sales Representative,Berlin,Germany,Rössle Sauerkraut,25 - 825 g cans,45.6,1,7,Produce,Dried fruit and bean curd,2015-03,4596.2,Low Value
10953,AROUT,9,2015-03-16,2015-03-30,2015-03-25,2,23.72,20,81.0,50,0,4050.0,Around the Horn,Thomas Hardy,Sales Representative,London,UK,Sir Rodney's Marmalade,30 gift boxes,81.0,0,3,Confections,"Desserts, candies, and sweet breads",2015-03,13806.5,High Value
10953,AROUT,9,2015-03-16,2015-03-30,2015-03-25,2,23.72,31,12.5,50,0,625.0,Around the Horn,Thomas Hardy,Sales Representative,London,UK,Gorgonzola Telino,12 - 100 g pkgs,12.5,0,4,Dairy Products,Cheeses,2015-03,13806.5,High Value
10954,LINOD,5,2015-03-17,2015-04-28,2015-03-20,1,27.91,16,17.45,28,0,488.59999999999997,LINO-Delicateses,Felipe Izquierdo,Owner,I. de Margarita,Venezuela,Pavlova,32 - 500 g boxes,17.45,0,3,Confections,"Desserts, candies, and sweet breads",2015-03,14799.55,High Value
10954,LINOD,5,2015-03-17,2015-04-28,2015-03-20,1,27.91,31,12.5,25,0,312.5,LINO-Delicateses,Felipe Izquierdo,Owner,I. de Margarita,Venezuela,Gorgonzola Telino,12 - 100 g pkgs,12.5,0,4,Dairy Products,Cheeses,2015-03,14799.55,High Value
10954,LINOD,5,2015-03-17,2015-04-28,2015-03-20,1,27.91,45,9.5,30,0,285.0,LINO-Delicateses,Felipe Izquierdo,Owner,I. de Margarita,Venezuela,Rogede sild,1k pkg.,9.5,0,8,Seafood,Seaweed and fish,2015-03,14799.55,High Value
10954,LINOD,5,2015-03-17,2015-04-28,2015-03-20,1,27.91,60,34.0,24,0,816.0,LINO-Delicateses,Felipe Izquierdo,Owner,I. de Margarita,Venezuela,Camembert Pierrot,15 - 300 g rounds,34.0,0,4,Dairy Products,Cheeses,2015-03,14799.55,High Value
10955,FOLKO,8,2015-03-17,2015-04-14,2015-03-20,2,3.26,75,7.75,12,0,93.0,Folk och fä HB,Maria Larsson,Owner,Bräcke,Sweden,Rhönbräu Klosterbier,24 - 0.5 l bottles,7.75,0,1,Beverages,"Soft drinks, coffees, teas, beers, and ales",2015-03,32555.55,High Value
10956,BLAUS,6,2015-03-17,2015-04-28,2015-03-20,2,44.65,21,10.0,12,0,120.0,Blauer See Delikatessen,Hanna Moos,Sales Representative,Mannheim,Germany,Sir Rodney's Scones,24 pkgs. x 4 pieces,10.0,0,3,Confections,"Desserts, candies, and sweet breads",2015-03,2381.8,Low Value
10956,BLAUS,6,2015-03-17,2015-04-28,2015-03-20,2,44.65,47,9.5,14,0,133.0,Blauer See Delikatessen,Hanna Moos,Sales Representative,Mannheim,Germany,Zaanse koeken,10 - 4 oz boxes,9.5,0,3,Confections,"Desserts, candies, and sweet breads",2015-03,2381.8,Low Value
10956,BLAUS,6,2015-03-17,2015-04-28,2015-03-20,2,44.65,51,53.0,8,0,424.0,Blauer See Delikatessen,Hanna Moos,Sales Representative,Mannheim,Germany,Manjimup Dried Apples,50 - 300 g pkgs.,53.0,0,7,Produce,Dried fruit and bean curd,2015-03,2381.8,Low Value
10957,HILAA,8,2015-03-18,2015-04-15,2015-03-27,3,105.36,30,25.89,30,0,776.7,HILARION-Abastos,Carlos Hernández,Sales Representative,San Cristóbal,Venezuela,Nord-Ost Matjeshering,10 - 200 g glasses,25.89,0,8,Seafood,Seaweed and fish,2015-03,23611.58,High Value
10957,HILAA,8,2015-03-18,2015-04-15,2015-03-27,3,105.36,35,18.0,40,0,720.0,HILARION-Abastos,Carlos Hernández,Sales Representative,San Cristóbal,Venezuela,Steeleye Stout,24 - 12 oz bottles,18.0,0,1,Beverages,"Soft drinks, coffees, teas, beers, and ales",2015-03,23611.58,High Value
10957,HILAA,8,2015-03-18,2015-04-15,2015-03-27,3,105.36,64,33.25,8,0,266.0,HILARION-Abastos,Carlos Hernández,Sales Representative,San Cristóbal,Venezuela,Wimmers gute Semmelknödel,20 bags x 4 pieces,33.25,0,5,Grains & Cereals,"Breads, crackers, pasta, and cereal",2015-03,23611.58,High Value
10958,OCEAN,7,2015-03-18,2015-04-15,2015-03-27,2,49.56,5,21.35,20,0,427.0,Océano Atlántico Ltda.,Yvonne Moncada,Sales Agent,Buenos Aires,Argentina,Chef Anton's Gumbo Mix,36 boxes,21.35,1,2,Condiments,"Sweet and savory sauces, relishes, spreads, and seasonings",2015-03,3460.2,Low Value
10958,OCEAN,7,2015-03-18,2015-04-15,2015-03-27,2,49.56,7,30.0,6,0,180.0,Océano Atlántico Ltda.,Yvonne Moncada,Sales Agent,Buenos Aires,Argentina,Uncle Bob's Organic Dried Pears,12 - 1 lb pkgs.,30.0,0,7,Produce,Dried fruit and bean curd,2015-03,3460.2,Low Value
10958,OCEAN,7,2015-03-18,2015-04-15,2015-03-27,2,49.56,72,34.8,5,0,174.0,Océano Atlántico Ltda.,Yvonne Moncada,Sales Agent,Buenos Aires,Argentina,Mozzarella di Giovanni,24 - 200 g pkgs.,34.8,0,4,Dairy Products,Cheeses,2015-03,3460.2,Low Value
10959,GOURL,6,2015-03-18,2015-04-29,2015-03-23,2,4.98,75,7.75,20,0,155.0,Gourmet Lanchonetes,André Fonseca,Sales Associate,Campinas,Brazil,Rhönbräu Klosterbier,24 - 0.5 l bottles,7.75,0,1,Beverages,"Soft drinks, coffees, teas, beers, and ales",2015-03,8702.23,Medium Value
10960,HILAA,3,2015-03-19,2015-04-02,2015-04-08,1,2.08,24,4.5,10,0,45.0,HILARION-Abastos,Carlos Hernández,Sales Representative,San Cristóbal,Venezuela,Guarana Fantastica,12 - 355 ml cans,4.5,1,1,Beverages,"Soft drinks, coffees, teas, beers, and ales",2015-03,23611.58,High Value
10960,HILAA,3,2015-03-19,2015-04-02,2015-04-08,1,2.08,41,9.65,24,0,231.60000000000002,HILARION-Abastos,Carlos Hernández,Sales Representative,San Cristóbal,Venezuela,Jack's New England Clam Chowder,12 - 12 oz cans,9.65,0,8,Seafood,Seaweed and fish,2015-03,23611.58,High Value
10961,QUEEN,8,2015-03-19,2015-04-16,2015-03-30,1,104.47,52,7.0,6,0,42.0,Queen Cozinha,Lúcia Carvalho,Marketing Assistant,Sao Paulo,Brazil,Filo Mix,16 - 2 kg boxes,7.0,0,5,Grains & Cereals,"Breads, crackers, pasta, and cereal",2015-03,27841.3,High Value
10961,QUEEN,8,2015-03-19,2015-04-16,2015-03-30,1,104.47,76,18.0,60,0,1080.0,Queen Cozinha,Lúcia Carvalho,Marketing Assistant,Sao Paulo,Brazil,Lakkaliköri,500 ml,18.0,0,1,Beverages,"Soft drinks, coffees, teas, beers, and ales",2015-03,27841.3,High Value
10962,QUICK,8,2015-03-19,2015-04-16,2015-03-23,2,275.79,7,30.0,45,0,1350.0,QUICK-Stop,Horst Kloss,Accounting Manager,Cunewalde,Germany,Uncle Bob's Organic Dried Pears,12 - 1 lb pkgs.,30.0,0,7,Produce,Dried fruit and bean curd,2015-03,117483.39,High Value
10962,QUICK,8,2015-03-19,2015-04-16,2015-03-23,2,275.79,13,6.0,77,0,462.0,QUICK-Stop,Horst Kloss,Accounting Manager,Cunewalde,Germany,Konbu,2 kg box,6.0,0,8,Seafood,Seaweed and fish,2015-03,117483.39,High Value
10962,QUICK,8,2015-03-19,2015-04-16,2015-03-23,2,275.79,53,32.8,20,0,656.0,QUICK-Stop,Horst Kloss,Accounting Manager,Cunewalde,Germany,Perth Pasties,48 pieces,32.8,1,6,Meat & Poultry,Prepared meats,2015-03,117483.39,High Value
10962,QUICK,8,2015-03-19,2015-04-16,2015-03-23,2,275.79,69,36.0,9,0,324.0,QUICK-Stop,Horst Kloss,Accounting Manager,Cunewalde,Germany,Gudbrandsdalsost,10 kg pkg.,36.0,0,4,Dairy Products,Cheeses,2015-03,117483.39,High Value
10962,QUICK,8,2015-03-19,2015-04-16,2015-03-23,2,275.79,76,18.0,44,0,792.0,QUICK-Stop,Horst Kloss,Accounting Manager,Cunewalde,Germany,Lakkaliköri,500 ml,18.0,0,1,Beverages,"Soft drinks, coffees, teas, beers, and ales",2015-03,117483.39,High Value
10963,FURIB,9,2015-03-19,2015-04-16,2015-03-26,3,2.7,60,34.0,2,0,68.0,Furia Bacalhau e Frutos do Mar,Lino Rodriguez,Sales Manager,Lisboa,Portugal,Camembert Pierrot,15 - 300 g rounds,34.0,0,4,Dairy Products,Cheeses,2015-03,7151.55,Medium Value
10964,SPECD,3,2015-03-20,2015-04-17,2015-03-24,2,87.38,18,62.5,6,0,375.0,Spécialités du monde,Dominique Perrier,Marketing Manager,Paris,France,Carnarvon Tigers,16 kg pkg.,62.5,0,8,Seafood,Seaweed and fish,2015-03,2423.35,Low Value
10964,SPECD,3,2015-03-20,2015-04-17,2015-03-24,2,87.38,38,263.5,5,0,1317.5,Spécialités du monde,Dominique Perrier,Marketing Manager,Paris,France,Côte de Blaye,12 - 75 cl bottles,263.5,0,1,Beverages,"Soft drinks, coffees, teas, beers, and ales",2015-03,2423.35,Low Value
10964,SPECD,3,2015-03-20,2015-04-17,2015-03-24,2,87.38,69,36.0,10,0,360.0,Spécialités du monde,Dominique Perrier,Marketing Manager,Paris,France,Gudbrandsdalsost,10 kg pkg.,36.0,0,4,Dairy Products,Cheeses,2015-03,2423.35,Low Value
10965,OLDWO,6,2015-03-20,2015-04-17,2015-03-30,3,144.38,51,53.0,16,0,848.0,Old World Delicatessen,Rene Phillips,Sales Representative,Anchorage,USA,Manjimup Dried Apples,50 - 300 g pkgs.,53.0,0,7,Produce,Dried fruit and bean curd,2015-03,16325.15,High Value
10966,CHOPS,4,2015-03-20,2015-04-17,2015-04-08,1,27.19,37,26.0,8,0,208.0,Chop-suey Chinese,Yang Wang,Owner,Bern,Switzerland,Gravad lax,12 - 500 g pkgs.,26.0,0,8,Seafood,Seaweed and fish,2015-03,12886.3,High Value
10966,CHOPS,4,2015-03-20,2015-04-17,2015-04-08,1,27.19,56,38.0,12,0,456.0,Chop-suey Chinese,Yang Wang,Owner,Bern,Switzerland,Gnocchi di nonna Alice,24 - 250 g pkgs.,38.0,0,5,Grains & Cereals,"Breads, crackers, pasta, and cereal",2015-03,12886.3,High Value
10966,CHOPS,4,2015-03-20,2015-04-17,2015-04-08,1,27.19,62,49.3,12,0,591.5999999999999,Chop-suey Chinese,Yang Wang,Owner,Bern,Switzerland,Tarte au sucre,48 pies,49.3,0,3,Confections,"Desserts, candies, and sweet breads",2015-03,12886.3,High Value
10967,TOMSP,2,2015-03-23,2015-04-20,2015-04-02,2,62.22,19,9.2,12,0,110.39999999999999,Toms Spezialitäten,Karin Josephs,Marketing Manager,Münster,Germany,Teatime Chocolate Biscuits,10 boxes x 12 pieces,9.2,0,3,Confections,"Desserts, candies, and sweet breads",2015-03,4954.0,Low Value
10967,TOMSP,2,2015-03-23,2015-04-20,2015-04-02,2,62.22,49,20.0,40,0,800.0,Toms Spezialitäten,Karin Josephs,Marketing Manager,Münster,Germany,Maxilaku,24 - 50 g pkgs.,20.0,0,3,Confections,"Desserts, candies, and sweet breads",2015-03,4954.0,Low Value
10968,ERNSH,1,2015-03-23,2015-04-20,2015-04-01,3,74.6,12,38.0,30,0,1140.0,Ernst Handel,Roland Mendel,Sales Manager,Graz,Austria,Queso Manchego La Pastora,10 - 500 g pkgs.,38.0,0,4,Dairy Products,Cheeses,2015-03,103115.18,High Value
10968,ERNSH,1,2015-03-23,2015-04-20,2015-04-01,3,74.6,24,4.5,30,0,135.0,Ernst Handel,Roland Mendel,Sales Manager,Graz,Austria,Guarana Fantastica,12 - 355 ml cans,4.5,1,1,Beverages,"Soft drinks, coffees, teas, beers, and ales",2015-03,103115.18,High Value
10968,ERNSH,1,2015-03-23,2015-04-20,2015-04-01,3,74.6,64,33.25,4,0,133.0,Ernst Handel,Roland Mendel,Sales Manager,Graz,Austria,Wimmers gute Semmelknödel,20 bags x 4 pieces,33.25,0,5,Grains & Cereals,"Breads, crackers, pasta, and cereal",2015-03,103115.18,High Value
10969,COMMI,1,2015-03-23,2015-04-20,2015-03-30,2,0.21,46,12.0,9,0,108.0,Comércio Mineiro,Pedro Afonso,Sales Associate,Sao Paulo,Brazil,Spegesild,4 - 450 g glasses,12.0,0,8,Seafood,Seaweed and fish,2015-03,3810.75,Low Value
10970,BOLID,9,2015-03-24,2015-04-07,2015-04-24,1,16.16,52,7.0,40,0,280.0,Bólido Comidas preparadas,Martín Sommer,Owner,Madrid,Spain,Filo Mix,16 - 2 kg boxes,7.0,0,5,Grains & Cereals,"Breads, crackers, pasta, and cereal",2015-03,5297.8,Medium Value
10971,FRANR,2,2015-03-24,2015-04-21,2015-04-02,2,121.82,29,123.79,14,0,1733.0600000000002,France restauration,Carine Schmitt,Marketing Manager,Nantes,France,Thüringer Rostbratwurst,50 bags x 30 sausgs.,123.79,1,6,Meat & Poultry,Prepared meats,2015-03,3172.1600000000003,Low Value
10972,LACOR,4,2015-03-24,2015-04-21,2015-03-26,2,0.02,17,39.0,6,0,234.0,La corne d'abondance,Daniel Tonini,Sales Representative,Versailles,France,Alice Mutton,20 - 1 kg tins,39.0,1,6,Meat & Poultry,Prepared meats,2015-03,1992.05,Low Value
10972,LACOR,4,2015-03-24,2015-04-21,2015-03-26,2,0.02,33,2.5,7,0,17.5,La corne d'abondance,Daniel Tonini,Sales Representative,Versailles,France,Geitost,500 g,2.5,0,4,Dairy Products,Cheeses,2015-03,1992.05,Low Value
10973,LACOR,6,2015-03-24,2015-04-21,2015-03-27,2,15.17,26,31.23,5,0,156.15,La corne d'abondance,Daniel Tonini,Sales Representative,Versailles,France,Gumbär Gummibärchen,100 - 250 g bags,31.23,0,3,Confections,"Desserts, candies, and sweet breads",2015-03,1992.05,Low Value
10973,LACOR,6,2015-03-24,2015-04-21,2015-03-27,2,15.17,41,9.65,6,0,57.900000000000006,La corne d'abondance,Daniel Tonini,Sales Representative,Versailles,France,Jack's New England Clam Chowder,12 - 12 oz cans,9.65,0,8,Seafood,Seaweed and fish,2015-03,1992.05,Low Value
10973,LACOR,6,2015-03-24,2015-04-21,2015-03-27,2,15.17,75,7.75,10,0,77.5,La corne d'abondance,Daniel Tonini,Sales Representative,Versailles,France,Rhönbräu Klosterbier,24 - 0.5 l bottles,7.75,0,1,Beverages,"Soft drinks, coffees, teas, beers, and ales",2015-03,1992.05,Low Value
10974,SPLIR,3,2015-03-25,2015-04-08,2015-04-03,3,12.96,63,43.9,10,0,439.0,Split Rail Beer & Ale,Art Braunschweiger,Sales Manager,Lander,USA,Vegie-spread,15 - 625 g jars,43.9,0,2,Condiments,"Sweet and savory sauces, relishes, spreads, and seasonings",2015-03,12489.7,High Value
10975,BOTTM,1,2015-03-25,2015-04-22,2015-03-27,3,32.27,8,40.0,16,0,640.0,Bottom-Dollar Markets,Elizabeth Lincoln,Accounting Manager,Tsawassen,Canada,Northwoods Cranberry Sauce,12 - 12 oz jars,40.0,0,2,Condiments,"Sweet and savory sauces, relishes, spreads, and seasonings",2015-03,21298.2,High Value
10975,BOTTM,1,2015-03-25,2015-04-22,2015-03-27,3,32.27,75,7.75,10,0,77.5,Bottom-Dollar Markets,Elizabeth Lincoln,Accounting Manager,Tsawassen,Canada,Rhönbräu Klosterbier,24 - 0.5 l bottles,7.75,0,1,Beverages,"Soft drinks, coffees, teas, beers, and ales",2015-03,21298.2,High Value
10976,HILAA,1,2015-03-25,2015-05-06,2015-04-03,1,37.97,28,45.6,20,0,912.0,HILARION-Abastos,Carlos Hernández,Sales Representative,San Cristóbal,Venezuela,Rössle Sauerkraut,25 - 825 g cans,45.6,1,7,Produce,Dried fruit and bean curd,2015-03,23611.58,High Value
10977,FOLKO,8,2015-03-26,2015-04-23,2015-04-10,3,208.5,39,18.0,30,0,540.0,Folk och fä HB,Maria Larsson,Owner,Bräcke,Sweden,Chartreuse verte,750 cc per bottle,18.0,0,1,Beverages,"Soft drinks, coffees, teas, beers, and ales",2015-03,32555.55,High Value
10977,FOLKO,8,2015-03-26,2015-04-23,2015-04-10,3,208.5,47,9.5,30,0,285.0,Folk och fä HB,Maria Larsson,Owner,Bräcke,Sweden,Zaanse koeken,10 - 4 oz boxes,9.5,0,3,Confections,"Desserts, candies, and sweet breads",2015-03,32555.55,High Value
10977,FOLKO,8,2015-03-26,2015-04-23,2015-04-10,3,208.5,51,53.0,10,0,530.0,Folk och fä HB,Maria Larsson,Owner,Bräcke,Sweden,Manjimup Dried Apples,50 - 300 g pkgs.,53.0,0,7,Produce,Dried fruit and bean curd,2015-03,32555.55,High Value
10977,FOLKO,8,2015-03-26,2015-04-23,2015-04-10,3,208.5,63,43.9,20,0,878.0,Folk och fä HB,Maria Larsson,Owner,Bräcke,Sweden,Vegie-spread,15 - 625 g jars,43.9,0,2,Condiments,"Sweet and savory sauces, relishes, spreads, and seasonings",2015-03,32555.55,High Value
10978,MAISD,9,2015-03-26,2015-04-23,2015-04-23,2,32.82,8,40.0,20,0,800.0,Maison Dewey,Catherine Dewey,Sales Agent,Bruxelles,Belgium,Northwoods Cranberry Sauce,12 - 12 oz jars,40.0,0,2,Condiments,"Sweet and savory sauces, relishes, spreads, and seasonings",2015-03,10430.58,High Value
10978,MAISD,9,2015-03-26,2015-04-23,2015-04-23,2,32.82,21,10.0,40,0,400.0,Maison Dewey,Catherine Dewey,Sales Agent,Bruxelles,Belgium,Sir Rodney's Scones,24 pkgs. x 4 pieces,10.0,0,3,Confections,"Desserts, candies, and sweet breads",2015-03,10430.58,High Value
10978,MAISD,9,2015-03-26,2015-04-23,2015-04-23,2,32.82,40,18.4,10,0,184.0,Maison Dewey,Catherine Dewey,Sales Agent,Bruxelles,Belgium,Boston Crab Meat,24 - 4 oz tins,18.4,0,8,Seafood,Seaweed and fish,2015-03,10430.58,High Value
10978,MAISD,9,2015-03-26,2015-04-23,2015-04-23,2,32.82,44,19.45,6,0,116.69999999999999,Maison Dewey,Catherine Dewey,Sales Agent,Bruxelles,Belgium,Gula Malacca,20 - 2 kg bags,19.45,0,2,Condiments,"Sweet and savory sauces, relishes, spreads, and seasonings",2015-03,10430.58,High Value
10979,ERNSH,8,2015-03-26,2015-04-23,2015-03-31,2,353.07,7,30.0,18,0,540.0,Ernst Handel,Roland Mendel,Sales Manager,Graz,Austria,Uncle Bob's Organic Dried Pears,12 - 1 lb pkgs.,30.0,0,7,Produce,Dried fruit and bean curd,2015-03,103115.18,High Value
10979,ERNSH,8,2015-03-26,2015-04-23,2015-03-31,2,353.07,12,38.0,20,0,760.0,Ernst Handel,Roland Mendel,Sales Manager,Graz,Austria,Queso Manchego La Pastora,10 - 500 g pkgs.,38.0,0,4,Dairy Products,Cheeses,2015-03,103115.18,High Value
10979,ERNSH,8,2015-03-26,2015-04-23,2015-03-31,2,353.07,24,4.5,80,0,360.0,Ernst Handel,Roland Mendel,Sales Manager,Graz,Austria,Guarana Fantastica,12 - 355 ml cans,4.5,1,1,Beverages,"Soft drinks, coffees, teas, beers, and ales",2015-03,103115.18,High Value
10979,ERNSH,8,2015-03-26,2015-04-23,2015-03-31,2,353.07,27,43.9,30,0,1317.0,Ernst Handel,Roland Mendel,Sales Manager,Graz,Austria,Schoggi Schokolade,100 - 100 g pieces,43.9,0,3,Confections,"Desserts, candies, and sweet breads",2015-03,103115.18,High Value
10979,ERNSH,8,2015-03-26,2015-04-23,2015-03-31,2,353.07,31,12.5,24,0,300.0,Ernst Handel,Roland Mendel,Sales Manager,Graz,Austria,Gorgonzola Telino,12 - 100 g pkgs,12.5,0,4,Dairy Products,Cheeses,2015-03,103115.18,High Value
10979,ERNSH,8,2015-03-26,2015-04-23,2015-03-31,2,353.07,63,43.9,35,0,1536.5,Ernst Handel,Roland Mendel,Sales Manager,Graz,Austria,Vegie-spread,15 - 625 g jars,43.9,0,2,Condiments,"Sweet and savory sauces, relishes, spreads, and seasonings",2015-03,103115.18,High Value
10980,FOLKO,4,2015-03-27,2015-05-08,2015-04-17,1,1.26,75,7.75,40,0,310.0,Folk och fä HB,Maria Larsson,Owner,Bräcke,Sweden,Rhönbräu Klosterbier,24 - 0.5 l bottles,7.75,0,1,Beverages,"Soft drinks, coffees, teas, beers, and ales",2015-03,32555.55,High Value
10981,HANAR,1,2015-03-27,2015-04-24,2015-04-02,2,193.37,38,263.5,60,0,15810.0,Hanari Carnes,Mario Pontes,Accounting Manager,Rio de Janeiro,Brazil,Côte de Blaye,12 - 75 cl bottles,263.5,0,1,Beverages,"Soft drinks, coffees, teas, beers, and ales",2015-03,34101.15,High Value
10982,BOTTM,2,2015-03-27,2015-04-24,2015-04-08,1,14.01,7,30.0,20,0,600.0,Bottom-Dollar Markets,Elizabeth Lincoln,Accounting Manager,Tsawassen,Canada,Uncle Bob's Organic Dried Pears,12 - 1 lb pkgs.,30.0,0,7,Produce,Dried fruit and bean curd,2015-03,21298.2,High Value
10982,BOTTM,2,2015-03-27,2015-04-24,2015-04-08,1,14.01,43,46.0,9,0,414.0,Bottom-Dollar Markets,Elizabeth Lincoln,Accounting Manager,Tsawassen,Canada,Ipoh Coffee,16 - 500 g tins,46.0,0,1,Beverages,"Soft drinks, coffees, teas, beers, and ales",2015-03,21298.2,High Value
10983,SAVEA,2,2015-03-27,2015-04-24,2015-04-06,2,657.54,13,6.0,84,0,504.0,Save-a-lot Markets,Jose Pavarotti,Sales Representative,Boise,USA,Konbu,2 kg box,6.0,0,8,Seafood,Seaweed and fish,2015-03,115673.39,High Value
10983,SAVEA,2,2015-03-27,2015-04-24,2015-04-06,2,657.54,57,19.5,15,0,292.5,Save-a-lot Markets,Jose Pavarotti,Sales Representative,Boise,USA,Ravioli Angelo,24 - 250 g pkgs.,19.5,0,5,Grains & Cereals,"Breads, crackers, pasta, and cereal",2015-03,115673.39,High Value
10984,SAVEA,1,2015-03-30,2015-04-27,2015-04-03,3,211.22,16,17.45,55,0,959.75,Save-a-lot Markets,Jose Pavarotti,Sales Representative,Boise,USA,Pavlova,32 - 500 g boxes,17.45,0,3,Confections,"Desserts, candies, and sweet breads",2015-03,115673.39,High Value
10984,SAVEA,1,2015-03-30,2015-04-27,2015-04-03,3,211.22,24,4.5,20,0,90.0,Save-a-lot Markets,Jose Pavarotti,Sales Representative,Boise,USA,Guarana Fantastica,12 - 355 ml cans,4.5,1,1,Beverages,"Soft drinks, coffees, teas, beers, and ales",2015-03,115673.39,High Value
10984,SAVEA,1,2015-03-30,2015-04-27,2015-04-03,3,211.22,36,19.0,40,0,760.0,Save-a-lot Markets,Jose Pavarotti,Sales Representative,Boise,USA,Inlagd Sill,24 - 250 g  jars,19.0,0,8,Seafood,Seaweed and fish,2015-03,115673.39,High Value
10985,HUNGO,2,2015-03-30,2015-04-27,2015-04-02,1,91.51,16,17.45,36,0,628.1999999999999,Hungry Owl All-Night Grocers,Patricia McKenna,Sales Associate,Cork,Ireland,Pavlova,32 - 500 g boxes,17.45,0,3,Confections,"Desserts, candies, and sweet breads",2015-03,57317.39,High Value
10985,HUNGO,2,2015-03-30,2015-04-27,2015-04-02,1,91.51,18,62.5,8,0,500.0,Hungry Owl All-Night Grocers,Patricia McKenna,Sales Associate,Cork,Ireland,Carnarvon Tigers,16 kg pkg.,62.5,0,8,Seafood,Seaweed and fish,2015-03,57317.39,High Value
10985,HUNGO,2,2015-03-30,2015-04-27,2015-04-02,1,91.51,32,32.0,35,0,1120.0,Hungry Owl All-Night Grocers,Patricia McKenna,Sales Associate,Cork,Ireland,Mascarpone Fabioli,24 - 200 g pkgs.,32.0,0,4,Dairy Products,Cheeses,2015-03,57317.39,High Value
10986,OCEAN,8,2015-03-30,2015-04-27,2015-04-21,2,217.86,11,21.0,30,0,630.0,Océano Atlántico Ltda.,Yvonne Moncada,Sales Agent,Buenos Aires,Argentina,Queso Cabrales,1 kg pkg.,21.0,0,4,Dairy Products,Cheeses,2015-03,3460.2,Low Value
10986,OCEAN,8,2015-03-30,2015-04-27,2015-04-21,2,217.86,20,81.0,15,0,1215.0,Océano Atlántico Ltda.,Yvonne Moncada,Sales Agent,Buenos Aires,Argentina,Sir Rodney's Marmalade,30 gift boxes,81.0,0,3,Confections,"Desserts, candies, and sweet breads",2015-03,3460.2,Low Value
10986,OCEAN,8,2015-03-30,2015-04-27,2015-04-21,2,217.86,76,18.0,10,0,180.0,Océano Atlántico Ltda.,Yvonne Moncada,Sales Agent,Buenos Aires,Argentina,Lakkaliköri,500 ml,18.0,0,1,Beverages,"Soft drinks, coffees, teas, beers, and ales",2015-03,3460.2,Low Value
10986,OCEAN,8,2015-03-30,2015-04-27,2015-04-21,2,217.86,77,13.0,15,0,195.0,Océano Atlántico Ltda.,Yvonne Moncada,Sales Agent,Buenos Aires,Argentina,Original Frankfurter Grüne Soße,12 boxes,13.0,0,2,Condiments,"Sweet and savory sauces, relishes, spreads, and seasonings",2015-03,3460.2,Low Value
10987,EASTC,8,2015-03-31,2015-04-28,2015-04-06,1,185.48,7,30.0,60,0,1800.0,Eastern Connection,Ann Devon,Sales Agent,London,UK,Uncle Bob's Organic Dried Pears,12 - 1 lb pkgs.,30.0,0,7,Produce,Dried fruit and bean curd,2015-03,15033.66,High Value
10987,EASTC,8,2015-03-31,2015-04-28,2015-04-06,1,185.48,43,46.0,6,0,276.0,Eastern Connection,Ann Devon,Sales Agent,London,UK,Ipoh Coffee,16 - 500 g tins,46.0,0,1,Beverages,"Soft drinks, coffees, teas, beers, and ales",2015-03,15033.66,High Value
10987,EASTC,8,2015-03-31,2015-04-28,2015-04-06,1,185.48,72,34.8,20,0,696.0,Eastern Connection,Ann Devon,Sales Agent,London,UK,Mozzarella di Giovanni,24 - 200 g pkgs.,34.8,0,4,Dairy Products,Cheeses,2015-03,15033.66,High Value
10988,RATTC,3,2015-03-31,2015-04-28,2015-04-10,2,61.14,7,30.0,60,0,1800.0,Rattlesnake Canyon Grocery,Paula Wilson,Assistant Sales Representative,Albuquerque,USA,Uncle Bob's Organic Dried Pears,12 - 1 lb pkgs.,30.0,0,7,Produce,Dried fruit and bean curd,2015-03,50871.3,High Value
10988,RATTC,3,2015-03-31,2015-04-28,2015-04-10,2,61.14,62,49.3,40,0,1972.0,Rattlesnake Canyon Grocery,Paula Wilson,Assistant Sales Representative,Albuquerque,USA,Tarte au sucre,48 pies,49.3,0,3,Confections,"Desserts, candies, and sweet breads",2015-03,50871.3,High Value
10989,QUEDE,2,2015-03-31,2015-04-28,2015-04-02,1,34.76,6,25.0,40,0,1000.0,Que Delícia,Bernardo Batista,Accounting Manager,Rio de Janeiro,Brazil,Grandma's Boysenberry Spread,12 - 8 oz jars,25.0,0,2,Condiments,"Sweet and savory sauces, relishes, spreads, and seasonings",2015-03,6973.63,Medium Value
10989,QUEDE,2,2015-03-31,2015-04-28,2015-04-02,1,34.76,11,21.0,15,0,315.0,Que Delícia,Bernardo Batista,Accounting Manager,Rio de Janeiro,Brazil,Queso Cabrales,1 kg pkg.,21.0,0,4,Dairy Products,Cheeses,2015-03,6973.63,Medium Value
10989,QUEDE,2,2015-03-31,2015-04-28,2015-04-02,1,34.76,41,9.65,4,0,38.6,Que Delícia,Bernardo Batista,Accounting Manager,Rio de Janeiro,Brazil,Jack's New England Clam Chowder,12 - 12 oz cans,9.65,0,8,Seafood,Seaweed and fish,2015-03,6973.63,Medium Value
10990,ERNSH,2,2015-04-01,2015-05-13,2015-04-07,3,117.61,21,10.0,65,0,650.0,Ernst Handel,Roland Mendel,Sales Manager,Graz,Austria,Sir Rodney's Scones,24 pkgs. x 4 pieces,10.0,0,3,Confections,"Desserts, candies, and sweet breads",2015-04,103115.18,High Value
10990,ERNSH,2,2015-04-01,2015-05-13,2015-04-07,3,117.61,34,14.0,60,0,840.0,Ernst Handel,Roland Mendel,Sales Manager,Graz,Austria,Sasquatch Ale,24 - 12 oz bottles,14.0,0,1,Beverages,"Soft drinks, coffees, teas, beers, and ales",2015-04,103115.18,High Value
10990,ERNSH,2,2015-04-01,2015-05-13,2015-04-07,3,117.61,55,24.0,65,0,1560.0,Ernst Handel,Roland Mendel,Sales Manager,Graz,Austria,Pâté chinois,24 boxes x 2 pies,24.0,0,6,Meat & Poultry,Prepared meats,2015-04,103115.18,High Value
10990,ERNSH,2,2015-04-01,2015-05-13,2015-04-07,3,117.61,61,28.5,66,0,1881.0,Ernst Handel,Roland Mendel,Sales Manager,Graz,Austria,Sirop d'érable,24 - 500 ml bottles,28.5,0,2,Condiments,"Sweet and savory sauces, relishes, spreads, and seasonings",2015-04,103115.18,High Value
10991,QUICK,1,2015-04-01,2015-04-29,2015-04-07,1,38.51,2,19.0,50,0,950.0,QUICK-Stop,Horst Kloss,Accounting Manager,Cunewalde,Germany,Chang,24 - 12 oz bottles,19.0,0,1,Beverages,"Soft drinks, coffees, teas, beers, and ales",2015-04,117483.39,High Value
10991,QUICK,1,2015-04-01,2015-04-29,2015-04-07,1,38.51,70,15.0,20,0,300.0,QUICK-Stop,Horst Kloss,Accounting Manager,Cunewalde,Germany,Outback Lager,24 - 355 ml bottles,15.0,0,1,Beverages,"Soft drinks, coffees, teas, beers, and ales",2015-04,117483.39,High Value
10991,QUICK,1,2015-04-01,2015-04-29,2015-04-07,1,38.51,76,18.0,90,0,1620.0,QUICK-Stop,Horst Kloss,Accounting Manager,Cunewalde,Germany,Lakkaliköri,500 ml,18.0,0,1,Beverages,"Soft drinks, coffees, teas, beers, and ales",2015-04,117483.39,High Value
10992,THEBI,1,2015-04-01,2015-04-29,2015-04-03,3,4.27,72,34.8,2,0,69.6,The Big Cheese,Liz Nixon,Marketing Manager,Portland,USA,Mozzarella di Giovanni,24 - 200 g pkgs.,34.8,0,4,Dairy Products,Cheeses,2015-04,3361.0,Low Value
10993,FOLKO,7,2015-04-01,2015-04-29,2015-04-10,3,8.81,29,123.79,50,0,6189.5,Folk och fä HB,Maria Larsson,Owner,Bräcke,Sweden,Thüringer Rostbratwurst,50 bags x 30 sausgs.,123.79,1,6,Meat & Poultry,Prepared meats,2015-04,32555.55,High Value
10993,FOLKO,7,2015-04-01,2015-04-29,2015-04-10,3,8.81,41,9.65,35,0,337.75,Folk och fä HB,Maria Larsson,Owner,Bräcke,Sweden,Jack's New England Clam Chowder,12 - 12 oz cans,9.65,0,8,Seafood,Seaweed and fish,2015-04,32555.55,High Value
10994,VAFFE,2,2015-04-02,2015-04-16,2015-04-09,3,65.53,59,55.0,18,0,990.0,Vaffeljernet,Palle Ibsen,Sales Manager,Århus,Denmark,Raclette Courdavault,5 kg pkg.,55.0,0,4,Dairy Products,Cheeses,2015-04,16643.8,High Value
10995,PERIC,1,2015-04-02,2015-04-30,2015-04-06,3,46.0,51,53.0,20,0,1060.0,Pericles Comidas clásicas,Guillermo Fernández,Sales Representative,Mexico City,Mexico,Manjimup Dried Apples,50 - 300 g pkgs.,53.0,0,7,Produce,Dried fruit and bean curd,2015-04,3942.2,Low Value
10995,PERIC,1,2015-04-02,2015-04-30,2015-04-06,3,46.0,60,34.0,4,0,136.0,Pericles Comidas clásicas,Guillermo Fernández,Sales Representative,Mexico City,Mexico,Camembert Pierrot,15 - 300 g rounds,34.0,0,4,Dairy Products,Cheeses,2015-04,3942.2,Low Value
10996,QUICK,4,2015-04-02,2015-04-30,2015-04-10,2,1.12,42,14.0,40,0,560.0,QUICK-Stop,Horst Kloss,Accounting Manager,Cunewalde,Germany,Singaporean Hokkien Fried Mee,32 - 1 kg pkgs.,14.0,1,5,Grains & Cereals,"Breads, crackers, pasta, and cereal",2015-04,117483.39,High Value
10997,LILAS,8,2015-04-03,2015-05-15,2015-04-13,2,73.91,32,32.0,50,0,1600.0,LILA-Supermercado,Carlos González,Accounting Manager,Barquisimeto,Venezuela,Mascarpone Fabioli,24 - 200 g pkgs.,32.0,0,4,Dairy Products,Cheeses,2015-04,17062.5,High Value
10997,LILAS,8,2015-04-03,2015-05-15,2015-04-13,2,73.91,46,12.0,20,0,240.0,LILA-Supermercado,Carlos González,Accounting Manager,Barquisimeto,Venezuela,Spegesild,4 - 450 g glasses,12.0,0,8,Seafood,Seaweed and fish,2015-04,17062.5,High Value
10997,LILAS,8,2015-04-03,2015-05-15,2015-04-13,2,73.91,52,7.0,20,0,140.0,LILA-Supermercado,Carlos González,Accounting Manager,Barquisimeto,Venezuela,Filo Mix,16 - 2 kg boxes,7.0,0,5,Grains & Cereals,"Breads, crackers, pasta, and cereal",2015-04,17062.5,High Value
10998,WOLZA,8,2015-04-03,2015-04-17,2015-04-17,2,20.31,24,4.5,12,0,54.0,Wolski  Zajazd,Zbyszek Piestrzeniewicz,Owner,Warszawa,Poland,Guarana Fantastica,12 - 355 ml cans,4.5,1,1,Beverages,"Soft drinks, coffees, teas, beers, and ales",2015-04,3531.95,Low Value
10998,WOLZA,8,2015-04-03,2015-04-17,2015-04-17,2,20.31,61,28.5,7,0,199.5,Wolski  Zajazd,Zbyszek Piestrzeniewicz,Owner,Warszawa,Poland,Sirop d'érable,24 - 500 ml bottles,28.5,0,2,Condiments,"Sweet and savory sauces, relishes, spreads, and seasonings",2015-04,3531.95,Low Value
10998,WOLZA,8,2015-04-03,2015-04-17,2015-04-17,2,20.31,74,10.0,20,0,200.0,Wolski  Zajazd,Zbyszek Piestrzeniewicz,Owner,Warszawa,Poland,Longlife Tofu,5 kg pkg.,10.0,0,7,Produce,Dried fruit and bean curd,2015-04,3531.95,Low Value
10998,WOLZA,8,2015-04-03,2015-04-17,2015-04-17,2,20.31,75,7.75,30,0,232.5,Wolski  Zajazd,Zbyszek Piestrzeniewicz,Owner,Warszawa,Poland,Rhönbräu Klosterbier,24 - 0.5 l bottles,7.75,0,1,Beverages,"Soft drinks, coffees, teas, beers, and ales",2015-04,3531.95,Low Value
10999,OTTIK,6,2015-04-03,2015-05-01,2015-04-10,2,96.35,41,9.65,20,0,193.0,Ottilies Käseladen,Henriette Pfalzheim,Owner,Köln,Germany,Jack's New England Clam Chowder,12 - 12 oz cans,9.65,0,8,Seafood,Seaweed and fish,2015-04,13157.5,High Value
10999,OTTIK,6,2015-04-03,2015-05-01,2015-04-10,2,96.35,51,53.0,15,0,795.0,Ottilies Käseladen,Henriette Pfalzheim,Owner,Köln,Germany,Manjimup Dried Apples,50 - 300 g pkgs.,53.0,0,7,Produce,Dried fruit and bean curd,2015-04,13157.5,High Value
10999,OTTIK,6,2015-04-03,2015-05-01,2015-04-10,2,96.35,77,13.0,21,0,273.0,Ottilies Käseladen,Henriette Pfalzheim,Owner,Köln,Germany,Original Frankfurter Grüne Soße,12 boxes,13.0,0,2,Condiments,"Sweet and savory sauces, relishes, spreads, and seasonings",2015-04,13157.5,High Value
11000,RATTC,2,2015-04-06,2015-05-04,2015-04-14,3,55.12,4,22.0,25,0,550.0,Rattlesnake Canyon Grocery,Paula Wilson,Assistant Sales Representative,Albuquerque,USA,Chef Anton's Cajun Seasoning,48 - 6 oz jars,22.0,0,2,Condiments,"Sweet and savory sauces, relishes, spreads, and seasonings",2015-04,50871.3,High Value
11000,RATTC,2,2015-04-06,2015-05-04,2015-04-14,3,55.12,24,4.5,30,0,135.0,Rattlesnake Canyon Grocery,Paula Wilson,Assistant Sales Representative,Albuquerque,USA,Guarana Fantastica,12 - 355 ml cans,4.5,1,1,Beverages,"Soft drinks, coffees, teas, beers, and ales",2015-04,50871.3,High Value
11000,RATTC,2,2015-04-06,2015-05-04,2015-04-14,3,55.12,77,13.0,30,0,390.0,Rattlesnake Canyon Grocery,Paula Wilson,Assistant Sales Representative,Albuquerque,USA,Original Frankfurter Grüne Soße,12 boxes,13.0,0,2,Condiments,"Sweet and savory sauces, relishes, spreads, and seasonings",2015-04,50871.3,High Value
11001,FOLKO,2,2015-04-06,2015-05-04,2015-04-14,2,197.3,7,30.0,60,0,1800.0,Folk och fä HB,Maria Larsson,Owner,Bräcke,Sweden,Uncle Bob's Organic Dried Pears,12 - 1 lb pkgs.,30.0,0,7,Produce,Dried fruit and bean curd,2015-04,32555.55,High Value
11001,FOLKO,2,2015-04-06,2015-05-04,2015-04-14,2,197.3,22,21.0,25,0,525.0,Folk och fä HB,Maria Larsson,Owner,Bräcke,Sweden,Gustaf's Knackebröd,24 - 500 g pkgs.,21.0,0,5,Grains & Cereals,"Breads, crackers, pasta, and cereal",2015-04,32555.55,High Value
11001,FOLKO,2,2015-04-06,2015-05-04,2015-04-14,2,197.3,46,12.0,25,0,300.0,Folk och fä HB,Maria Larsson,Owner,Bräcke,Sweden,Spegesild,4 - 450 g glasses,12.0,0,8,Seafood,Seaweed and fish,2015-04,32555.55,High Value
11001,FOLKO,2,2015-04-06,2015-05-04,2015-04-14,2,197.3,55,24.0,6,0,144.0,Folk och fä HB,Maria Larsson,Owner,Bräcke,Sweden,Pâté chinois,24 boxes x 2 pies,24.0,0,6,Meat & Poultry,Prepared meats,2015-04,32555.55,High Value
11002,SAVEA,4,2015-04-06,2015-05-04,2015-04-16,1,141.16,13,6.0,56,0,336.0,Save-a-lot Markets,Jose Pavarotti,Sales Representative,Boise,USA,Konbu,2 kg box,6.0,0,8,Seafood,Seaweed and fish,2015-04,115673.39,High Value
11002,SAVEA,4,2015-04-06,2015-05-04,2015-04-16,1,141.16,35,18.0,15,0,270.0,Save-a-lot Markets,Jose Pavarotti,Sales Representative,Boise,USA,Steeleye Stout,24 - 12 oz bottles,18.0,0,1,Beverages,"Soft drinks, coffees, teas, beers, and ales",2015-04,115673.39,High Value
11002,SAVEA,4,2015-04-06,2015-05-04,2015-04-16,1,141.16,42,14.0,24,0,336.0,Save-a-lot Markets,Jose Pavarotti,Sales Representative,Boise,USA,Singaporean Hokkien Fried Mee,32 - 1 kg pkgs.,14.0,1,5,Grains & Cereals,"Breads, crackers, pasta, and cereal",2015-04,115673.39,High Value
11002,SAVEA,4,2015-04-06,2015-05-04,2015-04-16,1,141.16,55,24.0,40,0,960.0,Save-a-lot Markets,Jose Pavarotti,Sales Representative,Boise,USA,Pâté chinois,24 boxes x 2 pies,24.0,0,6,Meat & Poultry,Prepared meats,2015-04,115673.39,High Value
11003,THECR,3,2015-04-06,2015-05-04,2015-04-08,3,14.91,1,18.0,4,0,72.0,The Cracker Box,Liu Wong,Marketing Assistant,Butte,USA,Chai,10 boxes x 20 bags,18.0,0,1,Beverages,"Soft drinks, coffees, teas, beers, and ales",2015-04,1947.24,Low Value
11003,THECR,3,2015-04-06,2015-05-04,2015-04-08,3,14.91,40,18.4,10,0,184.0,The Cracker Box,Liu Wong,Marketing Assistant,Butte,USA,Boston Crab Meat,24 - 4 oz tins,18.4,0,8,Seafood,Seaweed and fish,2015-04,1947.24,Low Value
11003,THECR,3,2015-04-06,2015-05-04,2015-04-08,3,14.91,52,7.0,10,0,70.0,The Cracker Box,Liu Wong,Marketing Assistant,Butte,USA,Filo Mix,16 - 2 kg boxes,7.0,0,5,Grains & Cereals,"Breads, crackers, pasta, and cereal",2015-04,1947.24,Low Value
11004,MAISD,3,2015-04-07,2015-05-05,2015-04-20,1,44.84,26,31.23,6,0,187.38,Maison Dewey,Catherine Dewey,Sales Agent,Bruxelles,Belgium,Gumbär Gummibärchen,100 - 250 g bags,31.23,0,3,Confections,"Desserts, candies, and sweet breads",2015-04,10430.58,High Value
11004,MAISD,3,2015-04-07,2015-05-05,2015-04-20,1,44.84,76,18.0,6,0,108.0,Maison Dewey,Catherine Dewey,Sales Agent,Bruxelles,Belgium,Lakkaliköri,500 ml,18.0,0,1,Beverages,"Soft drinks, coffees, teas, beers, and ales",2015-04,10430.58,High Value
11005,WILMK,2,2015-04-07,2015-05-05,2015-04-10,1,0.75,1,18.0,2,0,36.0,Wilman Kala,Matti Karttunen,Owner/Marketing Assistant,Helsinki,Finland,Chai,10 boxes x 20 bags,18.0,0,1,Beverages,"Soft drinks, coffees, teas, beers, and ales",2015-04,3161.35,Low Value
11005,WILMK,2,2015-04-07,2015-05-05,2015-04-10,1,0.75,59,55.0,10,0,550.0,Wilman Kala,Matti Karttunen,Owner/Marketing Assistant,Helsinki,Finland,Raclette Courdavault,5 kg pkg.,55.0,0,4,Dairy Products,Cheeses,2015-04,3161.35,Low Value
11006,GREAL,3,2015-04-07,2015-05-05,2015-04-15,2,25.19,1,18.0,8,0,144.0,Great Lakes Food Market,Howard Snyder,Marketing Manager,Eugene,USA,Chai,10 boxes x 20 bags,18.0,0,1,Beverages,"Soft drinks, coffees, teas, beers, and ales",2015-04,19001.13,High Value
11006,GREAL,3,2015-04-07,2015-05-05,2015-04-15,2,25.19,29,123.79,2,0,247.58,Great Lakes Food Market,Howard Snyder,Marketing Manager,Eugene,USA,Thüringer Rostbratwurst,50 bags x 30 sausgs.,123.79,1,6,Meat & Poultry,Prepared meats,2015-04,19001.13,High Value
11007,PRINI,8,2015-04-08,2015-05-06,2015-04-13,2,202.24,8,40.0,30,0,1200.0,Princesa Isabel Vinhos,Isabel de Castro,Sales Representative,Lisboa,Portugal,Northwoods Cranberry Sauce,12 - 12 oz jars,40.0,0,2,Condiments,"Sweet and savory sauces, relishes, spreads, and seasonings",2015-04,5317.1,Medium Value
11007,PRINI,8,2015-04-08,2015-05-06,2015-04-13,2,202.24,29,123.79,10,0,1237.9,Princesa Isabel Vinhos,Isabel de Castro,Sales Representative,Lisboa,Portugal,Thüringer Rostbratwurst,50 bags x 30 sausgs.,123.79,1,6,Meat & Poultry,Prepared meats,2015-04,5317.1,Medium Value
11007,PRINI,8,2015-04-08,2015-05-06,2015-04-13,2,202.24,42,14.0,14,0,196.0,Princesa Isabel Vinhos,Isabel de Castro,Sales Representative,Lisboa,Portugal,Singaporean Hokkien Fried Mee,32 - 1 kg pkgs.,14.0,1,5,Grains & Cereals,"Breads, crackers, pasta, and cereal",2015-04,5317.1,Medium Value
11009,GODOS,2,2015-04-08,2015-05-06,2015-04-10,1,59.11,24,4.5,12,0,54.0,Godos Cocina Típica,José Pedro Freyre,Sales Manager,Sevilla,Spain,Guarana Fantastica,12 - 355 ml cans,4.5,1,1,Beverages,"Soft drinks, coffees, teas, beers, and ales",2015-04,11830.1,High Value
11009,GODOS,2,2015-04-08,2015-05-06,2015-04-10,1,59.11,36,19.0,18,0,342.0,Godos Cocina Típica,José Pedro Freyre,Sales Manager,Sevilla,Spain,Inlagd Sill,24 - 250 g  jars,19.0,0,8,Seafood,Seaweed and fish,2015-04,11830.1,High Value
11009,GODOS,2,2015-04-08,2015-05-06,2015-04-10,1,59.11,60,34.0,9,0,306.0,Godos Cocina Típica,José Pedro Freyre,Sales Manager,Sevilla,Spain,Camembert Pierrot,15 - 300 g rounds,34.0,0,4,Dairy Products,Cheeses,2015-04,11830.1,High Value
11010,REGGC,2,2015-04-09,2015-05-07,2015-04-21,2,28.71,7,30.0,20,0,600.0,Reggiani Caseifici,Maurizio Moroni,Sales Associate,Reggio Emilia,Italy,Uncle Bob's Organic Dried Pears,12 - 1 lb pkgs.,30.0,0,7,Produce,Dried fruit and bean curd,2015-04,7047.6,Medium Value
11010,REGGC,2,2015-04-09,2015-05-07,2015-04-21,2,28.71,24,4.5,10,0,45.0,Reggiani Caseifici,Maurizio Moroni,Sales Associate,Reggio Emilia,Italy,Guarana Fantastica,12 - 355 ml cans,4.5,1,1,Beverages,"Soft drinks, coffees, teas, beers, and ales",2015-04,7047.6,Medium Value
11011,ALFKI,3,2015-04-09,2015-05-07,2015-04-13,1,1.21,58,13.25,40,0,530.0,Alfreds Futterkiste,Maria Anders,Sales Representative,Berlin,Germany,Escargots de Bourgogne,24 pieces,13.25,0,8,Seafood,Seaweed and fish,2015-04,4596.2,Low Value
11011,ALFKI,3,2015-04-09,2015-05-07,2015-04-13,1,1.21,71,21.5,20,0,430.0,Alfreds Futterkiste,Maria Anders,Sales Representative,Berlin,Germany,Flotemysost,10 - 500 g pkgs.,21.5,0,4,Dairy Products,Cheeses,2015-04,4596.2,Low Value
11012,FRANK,1,2015-04-09,2015-04-23,2015-04-17,3,242.95,19,9.2,50,0,459.99999999999994,Frankenversand,Peter Franken,Marketing Manager,München,Germany,Teatime Chocolate Biscuits,10 boxes x 12 pieces,9.2,0,3,Confections,"Desserts, candies, and sweet breads",2015-04,28722.71,High Value
11012,FRANK,1,2015-04-09,2015-04-23,2015-04-17,3,242.95,60,34.0,36,0,1224.0,Frankenversand,Peter Franken,Marketing Manager,München,Germany,Camembert Pierrot,15 - 300 g rounds,34.0,0,4,Dairy Products,Cheeses,2015-04,28722.71,High Value
11012,FRANK,1,2015-04-09,2015-04-23,2015-04-17,3,242.95,71,21.5,60,0,1290.0,Frankenversand,Peter Franken,Marketing Manager,München,Germany,Flotemysost,10 - 500 g pkgs.,21.5,0,4,Dairy Products,Cheeses,2015-04,28722.71,High Value
11013,ROMEY,2,2015-04-09,2015-05-07,2015-04-10,1,32.99,23,9.0,10,0,90.0,Romero y tomillo,Alejandra Camino,Accounting Manager,Madrid,Spain,Tunnbröd,12 - 250 g pkgs.,9.0,0,5,Grains & Cereals,"Breads, crackers, pasta, and cereal",2015-04,1467.29,Low Value
11013,ROMEY,2,2015-04-09,2015-05-07,2015-04-10,1,32.99,42,14.0,4,0,56.0,Romero y tomillo,Alejandra Camino,Accounting Manager,Madrid,Spain,Singaporean Hokkien Fried Mee,32 - 1 kg pkgs.,14.0,1,5,Grains & Cereals,"Breads, crackers, pasta, and cereal",2015-04,1467.29,Low Value
11013,ROMEY,2,2015-04-09,2015-05-07,2015-04-10,1,32.99,45,9.5,20,0,190.0,Romero y tomillo,Alejandra Camino,Accounting Manager,Madrid,Spain,Rogede sild,1k pkg.,9.5,0,8,Seafood,Seaweed and fish,2015-04,1467.29,Low Value
11013,ROMEY,2,2015-04-09,2015-05-07,2015-04-10,1,32.99,68,12.5,2,0,25.0,Romero y tomillo,Alejandra Camino,Accounting Manager,Madrid,Spain,Scottish Longbreads,10 boxes x 8 pieces,12.5,0,3,Confections,"Desserts, candies, and sweet breads",2015-04,1467.29,Low Value
11014,LINOD,2,2015-04-10,2015-05-08,2015-04-15,3,23.6,41,9.65,28,0,270.2,LINO-Delicateses,Felipe Izquierdo,Owner,I. de Margarita,Venezuela,Jack's New England Clam Chowder,12 - 12 oz cans,9.65,0,8,Seafood,Seaweed and fish,2015-04,14799.55,High Value
11015,SANTG,2,2015-04-10,2015-04-24,2015-04-20,2,4.62,30,25.89,15,0,388.35,Santé Gourmet,Jonas Bergulfsen,Owner,Stavern,Norway,Nord-Ost Matjeshering,10 - 200 g glasses,25.89,0,8,Seafood,Seaweed and fish,2015-04,5735.150000000001,Medium Value
11015,SANTG,2,2015-04-10,2015-04-24,2015-04-20,2,4.62,77,13.0,18,0,234.0,Santé Gourmet,Jonas Bergulfsen,Owner,Stavern,Norway,Original Frankfurter Grüne Soße,12 boxes,13.0,0,2,Condiments,"Sweet and savory sauces, relishes, spreads, and seasonings",2015-04,5735.150000000001,Medium Value
11016,AROUT,9,2015-04-10,2015-05-08,2015-04-13,2,33.8,31,12.5,15,0,187.5,Around the Horn,Thomas Hardy,Sales Representative,London,UK,Gorgonzola Telino,12 - 100 g pkgs,12.5,0,4,Dairy Products,Cheeses,2015-04,13806.5,High Value
11016,AROUT,9,2015-04-10,2015-05-08,2015-04-13,2,33.8,36,19.0,16,0,304.0,Around the Horn,Thomas Hardy,Sales Representative,London,UK,Inlagd Sill,24 - 250 g  jars,19.0,0,8,Seafood,Seaweed and fish,2015-04,13806.5,High Value
11017,ERNSH,9,2015-04-13,2015-05-11,2015-04-20,2,754.26,3,10.0,25,0,250.0,Ernst Handel,Roland Mendel,Sales Manager,Graz,Austria,Aniseed Syrup,12 - 550 ml bottles,10.0,0,2,Condiments,"Sweet and savory sauces, relishes, spreads, and seasonings",2015-04,103115.18,High Value
11017,ERNSH,9,2015-04-13,2015-05-11,2015-04-20,2,754.26,59,55.0,110,0,6050.0,Ernst Handel,Roland Mendel,Sales Manager,Graz,Austria,Raclette Courdavault,5 kg pkg.,55.0,0,4,Dairy Products,Cheeses,2015-04,103115.18,High Value
11017,ERNSH,9,2015-04-13,2015-05-11,2015-04-20,2,754.26,70,15.0,30,0,450.0,Ernst Handel,Roland Mendel,Sales Manager,Graz,Austria,Outback Lager,24 - 355 ml bottles,15.0,0,1,Beverages,"Soft drinks, coffees, teas, beers, and ales",2015-04,103115.18,High Value
11018,LONEP,4,2015-04-13,2015-05-11,2015-04-16,2,11.65,12,38.0,20,0,760.0,Lonesome Pine Restaurant,Fran Wilson,Sales Manager,Portland,USA,Queso Manchego La Pastora,10 - 500 g pkgs.,38.0,0,4,Dairy Products,Cheeses,2015-04,4258.6,Low Value
11018,LONEP,4,2015-04-13,2015-05-11,2015-04-16,2,11.65,18,62.5,10,0,625.0,Lonesome Pine Restaurant,Fran Wilson,Sales Manager,Portland,USA,Carnarvon Tigers,16 kg pkg.,62.5,0,8,Seafood,Seaweed and fish,2015-04,4258.6,Low Value
11018,LONEP,4,2015-04-13,2015-05-11,2015-04-16,2,11.65,56,38.0,5,0,190.0,Lonesome Pine Restaurant,Fran Wilson,Sales Manager,Portland,USA,Gnocchi di nonna Alice,24 - 250 g pkgs.,38.0,0,5,Grains & Cereals,"Breads, crackers, pasta, and cereal",2015-04,4258.6,Low Value
11020,OTTIK,2,2015-04-14,2015-05-12,2015-04-16,2,43.3,10,31.0,24,0,744.0,Ottilies Käseladen,Henriette Pfalzheim,Owner,Köln,Germany,Ikura,12 - 200 ml jars,31.0,0,8,Seafood,Seaweed and fish,2015-04,13157.5,High Value
11021,QUICK,3,2015-04-14,2015-05-12,2015-04-21,1,297.18,2,19.0,11,0,209.0,QUICK-Stop,Horst Kloss,Accounting Manager,Cunewalde,Germany,Chang,24 - 12 oz bottles,19.0,0,1,Beverages,"Soft drinks, coffees, teas, beers, and ales",2015-04,117483.39,High Value
11021,QUICK,3,2015-04-14,2015-05-12,2015-04-21,1,297.18,20,81.0,15,0,1215.0,QUICK-Stop,Horst Kloss,Accounting Manager,Cunewalde,Germany,Sir Rodney's Marmalade,30 gift boxes,81.0,0,3,Confections,"Desserts, candies, and sweet breads",2015-04,117483.39,High Value
11021,QUICK,3,2015-04-14,2015-05-12,2015-04-21,1,297.18,26,31.23,63,0,1967.49,QUICK-Stop,Horst Kloss,Accounting Manager,Cunewalde,Germany,Gumbär Gummibärchen,100 - 250 g bags,31.23,0,3,Confections,"Desserts, candies, and sweet breads",2015-04,117483.39,High Value
11021,QUICK,3,2015-04-14,2015-05-12,2015-04-21,1,297.18,51,53.0,44,0,2332.0,QUICK-Stop,Horst Kloss,Accounting Manager,Cunewalde,Germany,Manjimup Dried Apples,50 - 300 g pkgs.,53.0,0,7,Produce,Dried fruit and bean curd,2015-04,117483.39,High Value
11021,QUICK,3,2015-04-14,2015-05-12,2015-04-21,1,297.18,72,34.8,35,0,1218.0,QUICK-Stop,Horst Kloss,Accounting Manager,Cunewalde,Germany,Mozzarella di Giovanni,24 - 200 g pkgs.,34.8,0,4,Dairy Products,Cheeses,2015-04,117483.39,High Value
11022,HANAR,9,2015-04-14,2015-05-12,2015-05-04,2,6.27,19,9.2,35,0,322.0,Hanari Carnes,Mario Pontes,Accounting Manager,Rio de Janeiro,Brazil,Teatime Chocolate Biscuits,10 boxes x 12 pieces,9.2,0,3,Confections,"Desserts, candies, and sweet breads",2015-04,34101.15,High Value
11022,HANAR,9,2015-04-14,2015-05-12,2015-05-04,2,6.27,69,36.0,30,0,1080.0,Hanari Carnes,Mario Pontes,Accounting Manager,Rio de Janeiro,Brazil,Gudbrandsdalsost,10 kg pkg.,36.0,0,4,Dairy Products,Cheeses,2015-04,34101.15,High Value
11023,BSBEV,1,2015-04-14,2015-04-28,2015-04-24,2,123.83,7,30.0,4,0,120.0,B's Beverages,Victoria Ashworth,Sales Representative,London,UK,Uncle Bob's Organic Dried Pears,12 - 1 lb pkgs.,30.0,0,7,Produce,Dried fruit and bean curd,2015-04,6089.9,Medium Value
11023,BSBEV,1,2015-04-14,2015-04-28,2015-04-24,2,123.83,43,46.0,30,0,1380.0,B's Beverages,Victoria Ashworth,Sales Representative,London,UK,Ipoh Coffee,16 - 500 g tins,46.0,0,1,Beverages,"Soft drinks, coffees, teas, beers, and ales",2015-04,6089.9,Medium Value
11024,EASTC,4,2015-04-15,2015-05-13,2015-04-20,1,74.36,26,31.23,12,0,374.76,Eastern Connection,Ann Devon,Sales Agent,London,UK,Gumbär Gummibärchen,100 - 250 g bags,31.23,0,3,Confections,"Desserts, candies, and sweet breads",2015-04,15033.66,High Value
11024,EASTC,4,2015-04-15,2015-05-13,2015-04-20,1,74.36,33,2.5,30,0,75.0,Eastern Connection,Ann Devon,Sales Agent,London,UK,Geitost,500 g,2.5,0,4,Dairy Products,Cheeses,2015-04,15033.66,High Value
11024,EASTC,4,2015-04-15,2015-05-13,2015-04-20,1,74.36,65,21.05,21,0,442.05,Eastern Connection,Ann Devon,Sales Agent,London,UK,Louisiana Fiery Hot Pepper Sauce,32 - 8 oz bottles,21.05,0,2,Condiments,"Sweet and savory sauces, relishes, spreads, and seasonings",2015-04,15033.66,High Value
11024,EASTC,4,2015-04-15,2015-05-13,2015-04-20,1,74.36,71,21.5,50,0,1075.0,Eastern Connection,Ann Devon,Sales Agent,London,UK,Flotemysost,10 - 500 g pkgs.,21.5,0,4,Dairy Products,Cheeses,2015-04,15033.66,High Value
11025,WARTH,6,2015-04-15,2015-05-13,2015-04-24,3,29.17,1,18.0,10,0,180.0,Wartian Herkku,Pirkko Koskitalo,Accounting Manager,Oulu,Finland,Chai,10 boxes x 20 bags,18.0,0,1,Beverages,"Soft drinks, coffees, teas, beers, and ales",2015-04,16617.1,High Value
11025,WARTH,6,2015-04-15,2015-05-13,2015-04-24,3,29.17,13,6.0,20,0,120.0,Wartian Herkku,Pirkko Koskitalo,Accounting Manager,Oulu,Finland,Konbu,2 kg box,6.0,0,8,Seafood,Seaweed and fish,2015-04,16617.1,High Value
11026,FRANS,4,2015-04-15,2015-05-13,2015-04-28,1,47.09,18,62.5,8,0,500.0,Franchi S.p.A.,Paolo Accorti,Sales Representative,Torino,Italy,Carnarvon Tigers,16 kg pkg.,62.5,0,8,Seafood,Seaweed and fish,2015-04,1545.7,Low Value
11026,FRANS,4,2015-04-15,2015-05-13,2015-04-28,1,47.09,51,53.0,10,0,530.0,Franchi S.p.A.,Paolo Accorti,Sales Representative,Torino,Italy,Manjimup Dried Apples,50 - 300 g pkgs.,53.0,0,7,Produce,Dried fruit and bean curd,2015-04,1545.7,Low Value
11027,BOTTM,1,2015-04-16,2015-05-14,2015-04-20,1,52.52,24,4.5,30,0,135.0,Bottom-Dollar Markets,Elizabeth Lincoln,Accounting Manager,Tsawassen,Canada,Guarana Fantastica,12 - 355 ml cans,4.5,1,1,Beverages,"Soft drinks, coffees, teas, beers, and ales",2015-04,21298.2,High Value
11027,BOTTM,1,2015-04-16,2015-05-14,2015-04-20,1,52.52,62,49.3,21,0,1035.3,Bottom-Dollar Markets,Elizabeth Lincoln,Accounting Manager,Tsawassen,Canada,Tarte au sucre,48 pies,49.3,0,3,Confections,"Desserts, candies, and sweet breads",2015-04,21298.2,High Value
11028,KOENE,2,2015-04-16,2015-05-14,2015-04-22,1,29.59,55,24.0,35,0,840.0,Königlich Essen,Philip Cramer,Sales Associate,Brandenburg,Germany,Pâté chinois,24 boxes x 2 pies,24.0,0,6,Meat & Poultry,Prepared meats,2015-04,31745.75,High Value
11028,KOENE,2,2015-04-16,2015-05-14,2015-04-22,1,29.59,59,55.0,24,0,1320.0,Königlich Essen,Philip Cramer,Sales Associate,Brandenburg,Germany,Raclette Courdavault,5 kg pkg.,55.0,0,4,Dairy Products,Cheeses,2015-04,31745.75,High Value
11029,CHOPS,4,2015-04-16,2015-05-14,2015-04-27,1,47.84,56,38.0,20,0,760.0,Chop-suey Chinese,Yang Wang,Owner,Bern,Switzerland,Gnocchi di nonna Alice,24 - 250 g pkgs.,38.0,0,5,Grains & Cereals,"Breads, crackers, pasta, and cereal",2015-04,12886.3,High Value
11029,CHOPS,4,2015-04-16,2015-05-14,2015-04-27,1,47.84,63,43.9,12,0,526.8,Chop-suey Chinese,Yang Wang,Owner,Bern,Switzerland,Vegie-spread,15 - 625 g jars,43.9,0,2,Condiments,"Sweet and savory sauces, relishes, spreads, and seasonings",2015-04,12886.3,High Value
11030,SAVEA,7,2015-04-17,2015-05-15,2015-04-27,2,830.75,2,19.0,100,0,1900.0,Save-a-lot Markets,Jose Pavarotti,Sales Representative,Boise,USA,Chang,24 - 12 oz bottles,19.0,0,1,Beverages,"Soft drinks, coffees, teas, beers, and ales",2015-04,115673.39,High Value
11030,SAVEA,7,2015-04-17,2015-05-15,2015-04-27,2,830.75,5,21.35,70,0,1494.5,Save-a-lot Markets,Jose Pavarotti,Sales Representative,Boise,USA,Chef Anton's Gumbo Mix,36 boxes,21.35,1,2,Condiments,"Sweet and savory sauces, relishes, spreads, and seasonings",2015-04,115673.39,High Value
11030,SAVEA,7,2015-04-17,2015-05-15,2015-04-27,2,830.75,29,123.79,60,0,7427.400000000001,Save-a-lot Markets,Jose Pavarotti,Sales Representative,Boise,USA,Thüringer Rostbratwurst,50 bags x 30 sausgs.,123.79,1,6,Meat & Poultry,Prepared meats,2015-04,115673.39,High Value
11030,SAVEA,7,2015-04-17,2015-05-15,2015-04-27,2,830.75,59,55.0,100,0,5500.0,Save-a-lot Markets,Jose Pavarotti,Sales Representative,Boise,USA,Raclette Courdavault,5 kg pkg.,55.0,0,4,Dairy Products,Cheeses,2015-04,115673.39,High Value
11031,SAVEA,6,2015-04-17,2015-05-15,2015-04-24,2,227.22,1,18.0,45,0,810.0,Save-a-lot Markets,Jose Pavarotti,Sales Representative,Boise,USA,Chai,10 boxes x 20 bags,18.0,0,1,Beverages,"Soft drinks, coffees, teas, beers, and ales",2015-04,115673.39,High Value
11031,SAVEA,6,2015-04-17,2015-05-15,2015-04-24,2,227.22,13,6.0,80,0,480.0,Save-a-lot Markets,Jose Pavarotti,Sales Representative,Boise,USA,Konbu,2 kg box,6.0,0,8,Seafood,Seaweed and fish,2015-04,115673.39,High Value
11031,SAVEA,6,2015-04-17,2015-05-15,2015-04-24,2,227.22,24,4.5,21,0,94.5,Save-a-lot Markets,Jose Pavarotti,Sales Representative,Boise,USA,Guarana Fantastica,12 - 355 ml cans,4.5,1,1,Beverages,"Soft drinks, coffees, teas, beers, and ales",2015-04,115673.39,High Value
11031,SAVEA,6,2015-04-17,2015-05-15,2015-04-24,2,227.22,64,33.25,20,0,665.0,Save-a-lot Markets,Jose Pavarotti,Sales Representative,Boise,USA,Wimmers gute Semmelknödel,20 bags x 4 pieces,33.25,0,5,Grains & Cereals,"Breads, crackers, pasta, and cereal",2015-04,115673.39,High Value
11031,SAVEA,6,2015-04-17,2015-05-15,2015-04-24,2,227.22,71,21.5,16,0,344.0,Save-a-lot Markets,Jose Pavarotti,Sales Representative,Boise,USA,Flotemysost,10 - 500 g pkgs.,21.5,0,4,Dairy Products,Cheeses,2015-04,115673.39,High Value
11032,WHITC,2,2015-04-17,2015-05-15,2015-04-23,3,606.19,36,19.0,35,0,665.0,White Clover Markets,Karl Jablonski,Owner,Seattle,USA,Inlagd Sill,24 - 250 g  jars,19.0,0,8,Seafood,Seaweed and fish,2015-04,29073.45,High Value
11032,WHITC,2,2015-04-17,2015-05-15,2015-04-23,3,606.19,38,263.5,25,0,6587.5,White Clover Markets,Karl Jablonski,Owner,Seattle,USA,Côte de Blaye,12 - 75 cl bottles,263.5,0,1,Beverages,"Soft drinks, coffees, teas, beers, and ales",2015-04,29073.45,High Value
11032,WHITC,2,2015-04-17,2015-05-15,2015-04-23,3,606.19,59,55.0,30,0,1650.0,White Clover Markets,Karl Jablonski,Owner,Seattle,USA,Raclette Courdavault,5 kg pkg.,55.0,0,4,Dairy Products,Cheeses,2015-04,29073.45,High Value
11033,RICSU,7,2015-04-17,2015-05-15,2015-04-23,3,84.74,53,32.8,70,0,2296.0,Richter Supermarkt,Michael Holz,Sales Manager,Genève,Switzerland,Perth Pasties,48 pieces,32.8,1,6,Meat & Poultry,Prepared meats,2015-04,19447.2,High Value
11033,RICSU,7,2015-04-17,2015-05-15,2015-04-23,3,84.74,69,36.0,36,0,1296.0,Richter Supermarkt,Michael Holz,Sales Manager,Genève,Switzerland,Gudbrandsdalsost,10 kg pkg.,36.0,0,4,Dairy Products,Cheeses,2015-04,19447.2,High Value
11034,OLDWO,8,2015-04-20,2015-06-01,2015-04-27,1,40.32,21,10.0,15,0,150.0,Old World Delicatessen,Rene Phillips,Sales Representative,Anchorage,USA,Sir Rodney's Scones,24 pkgs. x 4 pieces,10.0,0,3,Confections,"Desserts, candies, and sweet breads",2015-04,16325.15,High Value
11034,OLDWO,8,2015-04-20,2015-06-01,2015-04-27,1,40.32,44,19.45,12,0,233.39999999999998,Old World Delicatessen,Rene Phillips,Sales Representative,Anchorage,USA,Gula Malacca,20 - 2 kg bags,19.45,0,2,Condiments,"Sweet and savory sauces, relishes, spreads, and seasonings",2015-04,16325.15,High Value
11034,OLDWO,8,2015-04-20,2015-06-01,2015-04-27,1,40.32,61,28.5,6,0,171.0,Old World Delicatessen,Rene Phillips,Sales Representative,Anchorage,USA,Sirop d'érable,24 - 500 ml bottles,28.5,0,2,Condiments,"Sweet and savory sauces, relishes, spreads, and seasonings",2015-04,16325.15,High Value
11035,SUPRD,2,2015-04-20,2015-05-18,2015-04-24,2,0.17,1,18.0,10,0,180.0,Suprêmes délices,Pascale Cartrain,Accounting Manager,Charleroi,Belgium,Chai,10 boxes x 20 bags,18.0,0,1,Beverages,"Soft drinks, coffees, teas, beers, and ales",2015-04,24704.4,High Value
11035,SUPRD,2,2015-04-20,2015-05-18,2015-04-24,2,0.17,35,18.0,60,0,1080.0,Suprêmes délices,Pascale Cartrain,Accounting Manager,Charleroi,Belgium,Steeleye Stout,24 - 12 oz bottles,18.0,0,1,Beverages,"Soft drinks, coffees, teas, beers, and ales",2015-04,24704.4,High Value
11035,SUPRD,2,2015-04-20,2015-05-18,2015-04-24,2,0.17,42,14.0,30,0,420.0,Suprêmes délices,Pascale Cartrain,Accounting Manager,Charleroi,Belgium,Singaporean Hokkien Fried Mee,32 - 1 kg pkgs.,14.0,1,5,Grains & Cereals,"Breads, crackers, pasta, and cereal",2015-04,24704.4,High Value
11035,SUPRD,2,2015-04-20,2015-05-18,2015-04-24,2,0.17,54,7.45,10,0,74.5,Suprêmes délices,Pascale Cartrain,Accounting Manager,Charleroi,Belgium,Tourtière,16 pies,7.45,0,6,Meat & Poultry,Prepared meats,2015-04,24704.4,High Value
11036,DRACD,8,2015-04-20,2015-05-18,2015-04-22,3,149.47,13,6.0,7,0,42.0,Drachenblut Delikatessen,Sven Ottlieb,Order Administrator,Aachen,Germany,Konbu,2 kg box,6.0,0,8,Seafood,Seaweed and fish,2015-04,3763.21,Low Value
11036,DRACD,8,2015-04-20,2015-05-18,2015-04-22,3,149.47,59,55.0,30,0,1650.0,Drachenblut Delikatessen,Sven Ottlieb,Order Administrator,Aachen,Germany,Raclette Courdavault,5 kg pkg.,55.0,0,4,Dairy Products,Cheeses,2015-04,3763.21,Low Value
11037,GODOS,7,2015-04-21,2015-05-19,2015-04-27,1,3.2,70,15.0,4,0,60.0,Godos Cocina Típica,José Pedro Freyre,Sales Manager,Sevilla,Spain,Outback Lager,24 - 355 ml bottles,15.0,0,1,Beverages,"Soft drinks, coffees, teas, beers, and ales",2015-04,11830.1,High Value
11038,SUPRD,1,2015-04-21,2015-05-19,2015-04-30,2,29.59,40,18.4,5,0,92.0,Suprêmes délices,Pascale Cartrain,Accounting Manager,Charleroi,Belgium,Boston Crab Meat,24 - 4 oz tins,18.4,0,8,Seafood,Seaweed and fish,2015-04,24704.4,High Value
11038,SUPRD,1,2015-04-21,2015-05-19,2015-04-30,2,29.59,52,7.0,2,0,14.0,Suprêmes délices,Pascale Cartrain,Accounting Manager,Charleroi,Belgium,Filo Mix,16 - 2 kg boxes,7.0,0,5,Grains & Cereals,"Breads, crackers, pasta, and cereal",2015-04,24704.4,High Value
11038,SUPRD,1,2015-04-21,2015-05-19,2015-04-30,2,29.59,71,21.5,30,0,645.0,Suprêmes délices,Pascale Cartrain,Accounting Manager,Charleroi,Belgium,Flotemysost,10 - 500 g pkgs.,21.5,0,4,Dairy Products,Cheeses,2015-04,24704.4,High Value
11041,CHOPS,3,2015-04-22,2015-05-20,2015-04-28,2,48.22,2,19.0,30,0,570.0,Chop-suey Chinese,Yang Wang,Owner,Bern,Switzerland,Chang,24 - 12 oz bottles,19.0,0,1,Beverages,"Soft drinks, coffees, teas, beers, and ales",2015-04,12886.3,High Value
11041,CHOPS,3,2015-04-22,2015-05-20,2015-04-28,2,48.22,63,43.9,30,0,1317.0,Chop-suey Chinese,Yang Wang,Owner,Bern,Switzerland,Vegie-spread,15 - 625 g jars,43.9,0,2,Condiments,"Sweet and savory sauces, relishes, spreads, and seasonings",2015-04,12886.3,High Value
11042,COMMI,2,2015-04-22,2015-05-06,2015-05-01,1,29.99,44,19.45,15,0,291.75,Comércio Mineiro,Pedro Afonso,Sales Associate,Sao Paulo,Brazil,Gula Malacca,20 - 2 kg bags,19.45,0,2,Condiments,"Sweet and savory sauces, relishes, spreads, and seasonings",2015-04,3810.75,Low Value
11042,COMMI,2,2015-04-22,2015-05-06,2015-05-01,1,29.99,61,28.5,4,0,114.0,Comércio Mineiro,Pedro Afonso,Sales Associate,Sao Paulo,Brazil,Sirop d'érable,24 - 500 ml bottles,28.5,0,2,Condiments,"Sweet and savory sauces, relishes, spreads, and seasonings",2015-04,3810.75,Low Value
11043,SPECD,5,2015-04-22,2015-05-20,2015-04-29,2,8.8,11,21.0,10,0,210.0,Spécialités du monde,Dominique Perrier,Marketing Manager,Paris,France,Queso Cabrales,1 kg pkg.,21.0,0,4,Dairy Products,Cheeses,2015-04,2423.35,Low Value
11044,WOLZA,4,2015-04-23,2015-05-21,2015-05-01,1,8.72,62,49.3,12,0,591.5999999999999,Wolski  Zajazd,Zbyszek Piestrzeniewicz,Owner,Warszawa,Poland,Tarte au sucre,48 pies,49.3,0,3,Confections,"Desserts, candies, and sweet breads",2015-04,3531.95,Low Value
11046,WANDK,8,2015-04-23,2015-05-21,2015-04-24,2,71.64,12,38.0,20,0,760.0,Die Wandernde Kuh,Rita Müller,Sales Representative,Stuttgart,Germany,Queso Manchego La Pastora,10 - 500 g pkgs.,38.0,0,4,Dairy Products,Cheeses,2015-04,10653.85,High Value
11046,WANDK,8,2015-04-23,2015-05-21,2015-04-24,2,71.64,32,32.0,15,0,480.0,Die Wandernde Kuh,Rita Müller,Sales Representative,Stuttgart,Germany,Mascarpone Fabioli,24 - 200 g pkgs.,32.0,0,4,Dairy Products,Cheeses,2015-04,10653.85,High Value
11046,WANDK,8,2015-04-23,2015-05-21,2015-04-24,2,71.64,35,18.0,18,0,324.0,Die Wandernde Kuh,Rita Müller,Sales Representative,Stuttgart,Germany,Steeleye Stout,24 - 12 oz bottles,18.0,0,1,Beverages,"Soft drinks, coffees, teas, beers, and ales",2015-04,10653.85,High Value
11047,EASTC,7,2015-04-24,2015-05-22,2015-05-01,3,46.62,1,18.0,25,0,450.0,Eastern Connection,Ann Devon,Sales Agent,London,UK,Chai,10 boxes x 20 bags,18.0,0,1,Beverages,"Soft drinks, coffees, teas, beers, and ales",2015-04,15033.66,High Value
11047,EASTC,7,2015-04-24,2015-05-22,2015-05-01,3,46.62,5,21.35,30,0,640.5,Eastern Connection,Ann Devon,Sales Agent,London,UK,Chef Anton's Gumbo Mix,36 boxes,21.35,1,2,Condiments,"Sweet and savory sauces, relishes, spreads, and seasonings",2015-04,15033.66,High Value
11048,BOTTM,7,2015-04-24,2015-05-22,2015-04-30,3,24.12,68,12.5,42,0,525.0,Bottom-Dollar Markets,Elizabeth Lincoln,Accounting Manager,Tsawassen,Canada,Scottish Longbreads,10 boxes x 8 pieces,12.5,0,3,Confections,"Desserts, candies, and sweet breads",2015-04,21298.2,High Value
11049,GOURL,3,2015-04-24,2015-05-22,2015-05-04,1,8.34,2,19.0,10,0,190.0,Gourmet Lanchonetes,André Fonseca,Sales Associate,Campinas,Brazil,Chang,24 - 12 oz bottles,19.0,0,1,Beverages,"Soft drinks, coffees, teas, beers, and ales",2015-04,8702.23,Medium Value
11049,GOURL,3,2015-04-24,2015-05-22,2015-05-04,1,8.34,12,38.0,4,0,152.0,Gourmet Lanchonetes,André Fonseca,Sales Associate,Campinas,Brazil,Queso Manchego La Pastora,10 - 500 g pkgs.,38.0,0,4,Dairy Products,Cheeses,2015-04,8702.23,Medium Value
11050,FOLKO,8,2015-04-27,2015-05-25,2015-05-05,2,59.41,76,18.0,50,0,900.0,Folk och fä HB,Maria Larsson,Owner,Bräcke,Sweden,Lakkaliköri,500 ml,18.0,0,1,Beverages,"Soft drinks, coffees, teas, beers, and ales",2015-04,32555.55,High Value
11052,HANAR,3,2015-04-27,2015-05-25,2015-05-01,1,67.26,43,46.0,30,0,1380.0,Hanari Carnes,Mario Pontes,Accounting Manager,Rio de Janeiro,Brazil,Ipoh Coffee,16 - 500 g tins,46.0,0,1,Beverages,"Soft drinks, coffees, teas, beers, and ales",2015-04,34101.15,High Value
11052,HANAR,3,2015-04-27,2015-05-25,2015-05-01,1,67.26,61,28.5,10,0,285.0,Hanari Carnes,Mario Pontes,Accounting Manager,Rio de Janeiro,Brazil,Sirop d'érable,24 - 500 ml bottles,28.5,0,2,Condiments,"Sweet and savory sauces, relishes, spreads, and seasonings",2015-04,34101.15,High Value
11053,PICCO,2,2015-04-27,2015-05-25,2015-04-29,2,53.05,18,62.5,35,0,2187.5,Piccolo und mehr,Georg Pipps,Sales Manager,Salzburg,Austria,Carnarvon Tigers,16 kg pkg.,62.5,0,8,Seafood,Seaweed and fish,2015-04,26259.95,High Value
11053,PICCO,2,2015-04-27,2015-05-25,2015-04-29,2,53.05,32,32.0,20,0,640.0,Piccolo und mehr,Georg Pipps,Sales Manager,Salzburg,Austria,Mascarpone Fabioli,24 - 200 g pkgs.,32.0,0,4,Dairy Products,Cheeses,2015-04,26259.95,High Value
11053,PICCO,2,2015-04-27,2015-05-25,2015-04-29,2,53.05,64,33.25,25,0,831.25,Piccolo und mehr,Georg Pipps,Sales Manager,Salzburg,Austria,Wimmers gute Semmelknödel,20 bags x 4 pieces,33.25,0,5,Grains & Cereals,"Breads, crackers, pasta, and cereal",2015-04,26259.95,High Value
11055,HILAA,7,2015-04-28,2015-05-26,2015-05-05,2,120.92,24,4.5,15,0,67.5,HILARION-Abastos,Carlos Hernández,Sales Representative,San Cristóbal,Venezuela,Guarana Fantastica,12 - 355 ml cans,4.5,1,1,Beverages,"Soft drinks, coffees, teas, beers, and ales",2015-04,23611.58,High Value
11055,HILAA,7,2015-04-28,2015-05-26,2015-05-05,2,120.92,25,14.0,15,0,210.0,HILARION-Abastos,Carlos Hernández,Sales Representative,San Cristóbal,Venezuela,NuNuCa Nuß-Nougat-Creme,20 - 450 g glasses,14.0,0,3,Confections,"Desserts, candies, and sweet breads",2015-04,23611.58,High Value
11055,HILAA,7,2015-04-28,2015-05-26,2015-05-05,2,120.92,51,53.0,20,0,1060.0,HILARION-Abastos,Carlos Hernández,Sales Representative,San Cristóbal,Venezuela,Manjimup Dried Apples,50 - 300 g pkgs.,53.0,0,7,Produce,Dried fruit and bean curd,2015-04,23611.58,High Value
11055,HILAA,7,2015-04-28,2015-05-26,2015-05-05,2,120.92,57,19.5,20,0,390.0,HILARION-Abastos,Carlos Hernández,Sales Representative,San Cristóbal,Venezuela,Ravioli Angelo,24 - 250 g pkgs.,19.5,0,5,Grains & Cereals,"Breads, crackers, pasta, and cereal",2015-04,23611.58,High Value
11056,EASTC,8,2015-04-28,2015-05-12,2015-05-01,2,278.96,7,30.0,40,0,1200.0,Eastern Connection,Ann Devon,Sales Agent,London,UK,Uncle Bob's Organic Dried Pears,12 - 1 lb pkgs.,30.0,0,7,Produce,Dried fruit and bean curd,2015-04,15033.66,High Value
11056,EASTC,8,2015-04-28,2015-05-12,2015-05-01,2,278.96,55,24.0,35,0,840.0,Eastern Connection,Ann Devon,Sales Agent,London,UK,Pâté chinois,24 boxes x 2 pies,24.0,0,6,Meat & Poultry,Prepared meats,2015-04,15033.66,High Value
11056,EASTC,8,2015-04-28,2015-05-12,2015-05-01,2,278.96,60,34.0,50,0,1700.0,Eastern Connection,Ann Devon,Sales Agent,London,UK,Camembert Pierrot,15 - 300 g rounds,34.0,0,4,Dairy Products,Cheeses,2015-04,15033.66,High Value
11057,NORTS,3,2015-04-29,2015-05-27,2015-05-01,3,4.13,70,15.0,3,0,45.0,North/South,Simon Crowther,Sales Associate,London,UK,Outback Lager,24 - 355 ml bottles,15.0,0,1,Beverages,"Soft drinks, coffees, teas, beers, and ales",2015-04,649.0,Low Value
11060,FRANS,2,2015-04-30,2015-05-28,2015-05-04,2,10.98,60,34.0,4,0,136.0,Franchi S.p.A.,Paolo Accorti,Sales Representative,Torino,Italy,Camembert Pierrot,15 - 300 g rounds,34.0,0,4,Dairy Products,Cheeses,2015-04,1545.7,Low Value
11060,FRANS,2,2015-04-30,2015-05-28,2015-05-04,2,10.98,77,13.0,10,0,130.0,Franchi S.p.A.,Paolo Accorti,Sales Representative,Torino,Italy,Original Frankfurter Grüne Soße,12 boxes,13.0,0,2,Condiments,"Sweet and savory sauces, relishes, spreads, and seasonings",2015-04,1545.7,Low Value
11063,HUNGO,3,2015-04-30,2015-05-28,2015-05-06,2,81.73,34,14.0,30,0,420.0,Hungry Owl All-Night Grocers,Patricia McKenna,Sales Associate,Cork,Ireland,Sasquatch Ale,24 - 12 oz bottles,14.0,0,1,Beverages,"Soft drinks, coffees, teas, beers, and ales",2015-04,57317.39,High Value
11063,HUNGO,3,2015-04-30,2015-05-28,2015-05-06,2,81.73,40,18.4,40,0,736.0,Hungry Owl All-Night Grocers,Patricia McKenna,Sales Associate,Cork,Ireland,Boston Crab Meat,24 - 4 oz tins,18.4,0,8,Seafood,Seaweed and fish,2015-04,57317.39,High Value
11063,HUNGO,3,2015-04-30,2015-05-28,2015-05-06,2,81.73,41,9.65,30,0,289.5,Hungry Owl All-Night Grocers,Patricia McKenna,Sales Associate,Cork,Ireland,Jack's New England Clam Chowder,12 - 12 oz cans,9.65,0,8,Seafood,Seaweed and fish,2015-04,57317.39,High Value
11064,SAVEA,1,2015-05-01,2015-05-29,2015-05-04,1,30.09,17,39.0,77,0,3003.0,Save-a-lot Markets,Jose Pavarotti,Sales Representative,Boise,USA,Alice Mutton,20 - 1 kg tins,39.0,1,6,Meat & Poultry,Prepared meats,2015-05,115673.39,High Value
11064,SAVEA,1,2015-05-01,2015-05-29,2015-05-04,1,30.09,41,9.65,12,0,115.80000000000001,Save-a-lot Markets,Jose Pavarotti,Sales Representative,Boise,USA,Jack's New England Clam Chowder,12 - 12 oz cans,9.65,0,8,Seafood,Seaweed and fish,2015-05,115673.39,High Value
11064,SAVEA,1,2015-05-01,2015-05-29,2015-05-04,1,30.09,53,32.8,25,0,819.9999999999999,Save-a-lot Markets,Jose Pavarotti,Sales Representative,Boise,USA,Perth Pasties,48 pieces,32.8,1,6,Meat & Poultry,Prepared meats,2015-05,115673.39,High Value
11064,SAVEA,1,2015-05-01,2015-05-29,2015-05-04,1,30.09,55,24.0,4,0,96.0,Save-a-lot Markets,Jose Pavarotti,Sales Representative,Boise,USA,Pâté chinois,24 boxes x 2 pies,24.0,0,6,Meat & Poultry,Prepared meats,2015-05,115673.39,High Value
11064,SAVEA,1,2015-05-01,2015-05-29,2015-05-04,1,30.09,68,12.5,55,0,687.5,Save-a-lot Markets,Jose Pavarotti,Sales Representative,Boise,USA,Scottish Longbreads,10 boxes x 8 pieces,12.5,0,3,Confections,"Desserts, candies, and sweet breads",2015-05,115673.39,High Value
11066,WHITC,7,2015-05-01,2015-05-29,2015-05-04,2,44.72,16,17.45,3,0,52.349999999999994,White Clover Markets,Karl Jablonski,Owner,Seattle,USA,Pavlova,32 - 500 g boxes,17.45,0,3,Confections,"Desserts, candies, and sweet breads",2015-05,29073.45,High Value
11066,WHITC,7,2015-05-01,2015-05-29,2015-05-04,2,44.72,19,9.2,42,0,386.4,White Clover Markets,Karl Jablonski,Owner,Seattle,USA,Teatime Chocolate Biscuits,10 boxes x 12 pieces,9.2,0,3,Confections,"Desserts, candies, and sweet breads",2015-05,29073.45,High Value
11066,WHITC,7,2015-05-01,2015-05-29,2015-05-04,2,44.72,34,14.0,35,0,490.0,White Clover Markets,Karl Jablonski,Owner,Seattle,USA,Sasquatch Ale,24 - 12 oz bottles,14.0,0,1,Beverages,"Soft drinks, coffees, teas, beers, and ales",2015-05,29073.45,High Value
11067,DRACD,1,2015-05-04,2015-05-18,2015-05-06,2,7.98,41,9.65,9,0,86.85000000000001,Drachenblut Delikatessen,Sven Ottlieb,Order Administrator,Aachen,Germany,Jack's New England Clam Chowder,12 - 12 oz cans,9.65,0,8,Seafood,Seaweed and fish,2015-05,3763.21,Low Value
11069,TORTU,1,2015-05-04,2015-06-01,2015-05-06,2,15.67,39,18.0,20,0,360.0,Tortuga Restaurante,Miguel Angel Paolino,Owner,Mexico City,Mexico,Chartreuse verte,750 cc per bottle,18.0,0,1,Beverages,"Soft drinks, coffees, teas, beers, and ales",2015-05,10812.15,High Value
